"ID","AccountName","EmailAddress","JoinedMethod","JoinedTimestamp","PortalApp","Description","AccountDate","Environment"
"037765247764","AWSI-P-AWSAccount-1","AWSI-P-AWSAccount-1@firstam.com","CREATED","2018-02-14 22:11:21.738000+00:00","","","",""
"828407279040","TEMS-P-AWSAccount-1","TEMS-P-AWSAccount-1@aws-avm.firstam.net","CREATED","2020-05-05 19:06:50.059000+00:00","AWS-TEMS-P-1","TIBCO Enterprise Service Bus (Messaging) - Prod Account","05/05/2020","P"
"025534594683","FPCG-P-AWSAccount-1","FPCG-P-AWSAccount-1@aws-avm.firstam.net","CREATED","2021-11-04 06:18:29.421000+00:00","AWS-FPCG-P-1","PnC Silverado Portal - Prod Account","11/04/2021","P"
"551222059823","CORP-P-AWSAccount-1","CORP-P-AWSAccount-1@aws-avm.firstam.net","CREATED","2020-05-29 14:58:55.903000+00:00","AWS-CORP-P-1","Active Directory Prod Account","05/29/2020","P"
"693035570418","ESSC-N-AWSAccount-4","ESSC-N-AWSAccount-4@aws-avm.firstam.net","CREATED","2022-08-17 23:54:43.511000+00:00","AWS-ESSC-N-4","Enterprise Software Solutions Non-Prod Network Account","08/17/2022","N"
"749747170698","KMGT-N-AWSAccount-1","KMGT-N-AWSAccount-1@aws-avm.firstam.net","CREATED","2020-07-22 22:25:31.205000+00:00","AWS-KMGT-N-1","KMGT Terminal Non-Prod Account","07/22/2020","N"
"400242298631","ESTS-N-AWSAccount-1","ESTS-N-AWSAccount-1@aws-avm.firstam.net","CREATED","2021-02-04 16:45:38.152000+00:00","AWS-ESTS-N-1","eStatus NonProd","02/04/2021","N"
"694426399429","TDDC-N-AWSAccount-1","TDDC-N-AWSAccount-1@firstam.com","CREATED","2019-09-24 18:18:49.128000+00:00","AWS-TDDC-N-1","Title Direct Division Non-Prod Account","09/26/2019","N"
"441250931395","fa-sequoia-uat","aws-fa-sequoia-uat@firstam.com","INVITED","2022-02-11 15:58:27.518000+00:00","","","",""
"387203140532","ECLI-N-AWSAccount-2","ECLI-N-AWSAccount-2@aws-avm.firstam.net","CREATED","2021-05-20 21:02:01.785000+00:00","AWS-ECLI-N-2","Eclipse Recording Non Prod Workload Account","05/20/2021","N"
"307506891036","SFDY-P-AWSAccount-1","SFDY-P-AWSAccount-1@aws-avm.firstam.net","CREATED","2021-04-09 14:58:09.914000+00:00","AWS-SFDY-P-1","ServiceFirst Discovery Prod Workload Account","04/09/2021","P"
"387957043902","EWBD-P-AWSAccount-1","EWBD-P-AWSAccount-1@aws-avm.firstam.net","CREATED","2021-03-22 19:59:25.966000+00:00","AWS-EWBD-P-1","Examiner Work Bench EWB Prod","03/22/2021","P"
"612067927141","IFSB-N-AWSAccount-1","IFSB-N-AWSAccount-1@firstam.com","CREATED","2019-08-09 19:29:08.551000+00:00","AWS-IFSB-N-1","Corp InfoSec Non-Prod Account 1","08/09/2019","N"
"586118528494","FPCG-P-AWSAccount-2","FPCG-P-AWSAccount-2@aws-avm.firstam.net","CREATED","2022-01-06 12:16:50.160000+00:00","AWS-FPCG-P-2","PnC ImageRight Prod Account","01/06/2022","P"
"285018873354","ANTE-N-AWSAccount-1","ANTE-N-AWSAccount-1@aws-avm.firstam.net","CREATED","2021-01-19 14:43:58.014000+00:00","AWS-ANTE-N-1","ANTE-N-1 AgentNet Title and Escrow non-prod","01/19/2021","N"
"692281369277","ETCS-S-AWSAccount-1","ETCS-S-AWSAccount-1@firstam.com","CREATED","2019-03-07 17:04:30.016000+00:00","AWS-ETCS-S-1","Corporate IT Applied R&D Sandbox Account","06/11/2019","S"
"897235530414","OTRL-P-AWSAccount-1","OTRL-P-AWSAccount-1@aws-avm.firstam.net","CREATED","2021-08-16 10:35:05.210000+00:00","AWS-OTRL-P-1","Op Tool Repository Prod Workload Account","08/16/2021","P"
"614658154342","IGRE-N-AWSAccount-1","IGRE-N-AWSAccount-1@aws-avm.firstam.net","CREATED","2020-04-08 15:47:47.870000+00:00","AWS-IGRE-N-1","IgniteRE Account","04/08/2020","N"
"682306177127","MOUW-N-AWSAccount-1","MOUW-N-AWSAccount-1@aws-avm.firstam.net","CREATED","2020-03-16 20:02:35.838000+00:00","AWS-MOUW-N-1","Mobile UnderWriter - Agency Account","03/16/2020","N"
"883710201525","CMSM-P-AWSAccount-1","CMSM-P-AWSAccount-1@aws-avm.firstam.net","CREATED","2021-10-07 10:22:46.094000+00:00","AWS-CMSM-P-1","Customer Management System Production Account","10/07/2021","P"
"576407841216","IVSA-P-AWSAccount-1","IVSA-P-AWSAccount-1@aws-avm.firstam.net","CREATED","2020-12-01 23:19:34.207000+00:00","AWS-IVSA-P-1","Vulnerability Scan Automation Prod Workload Account","12/01/2020","P"
"025497015451","SCES-P-AWSAccount-1","SCES-P-AWSAccount-1@aws-avm.firstam.net","CREATED","2020-06-30 14:22:58.519000+00:00","AWS-SCES-P-1","Splunk Cloud Enterprise Security Prod account","06/30/2020","P"
"158211587188","VTSS-N-AWSAccount-1","VTSS-N-AWSAccount-1@aws-avm.firstam.net","CREATED","2020-05-06 14:35:18.806000+00:00","AWS-VTSS-N-1","Vendor Title Search System Non Prod Account","05/06/2020","N"
"359972118845","ECLI-N-AWSAccount-1","ECLI-N-AWSAccount-1@aws-avm.firstam.net","CREATED","2021-04-15 19:58:45.360000+00:00","AWS-ECLI-N-1","Eclipse Document Non Prod Workload Account","04/15/2021","N"
"284783457169","FPCG-N-AWSAccount-1","FPCG-N-AWSAccount-1@firstam.com","CREATED","2020-04-25 00:53:08.669000+00:00","AWS-FPCG-N-1","Property and Casualty Non-Prod Account","04/25/2020","N"
"996096616332","FLNT-P-AWSAccount-1","FLNT-P-AWSAccount-1@aws-avm.firstam.net","CREATED","2020-09-15 12:43:11.034000+00:00","AWS-FLNT-P-1","Fluent Prod Account","09/15/2020","P"
"702580050868","FACC-P-AWSAccount-1","FACC-P-AWSAccount-1@aws-avm.firstam.net","CREATED","2021-06-26 04:06:54.822000+00:00","AWS-FACC-P-1","FA Comprehensive Calculator Prod Workload Account","06/26/2021","P"
"049841759639","TESB-N-AWSAccount-1","TESB-N-AWSAccount-1@aws-avm.firstam.net","CREATED","2020-05-05 17:56:01.535000+00:00","AWS-TESB-N-1","TIBCO Enterprise Service Bus (BusinessWorks) - Dev Account","05/05/2020","N"
"009114235586","PPSX-N-AWSAccount-1","PPSX-N-AWSAccount-1@aws-avm.firstam.net","CREATED","2020-06-16 13:23:23.953000+00:00","AWS-PPSX-N-1","Prime Portfolio Solutions Non Prod Account","06/16/2020","N"
"142243171152","TRCS-N-AWSAccount-1","TRCS-N-AWSAccount-1@aws-avm.firstam.net","CREATED","2020-06-30 18:55:23.607000+00:00","AWS-TRCS-N-1","Total Recording System NonProd Account","06/30/2020","N"
"041983256717","AMAD-P-AWSAccount-1","AMAD-P-AWSAccount-1@aws-avm.firstam.net","CREATED","2020-06-19 18:00:05.069000+00:00","AWS-AMAD-P-1","AMAD-P-AWSAccount-1","06/19/2020","P"
"265312162544","AWSI-P-AWSAccount-3","awsi-p-awsaccount-3@firstam.com","CREATED","2019-01-10 23:07:22.405000+00:00","AWS-AWSI-P-3","AWSI Infrastructure Account","06/12/2019","P"
"710900735105","GALI-N-AWSAccount-1","GALI-N-AWSAccount-1@aws-avm.firstam.net","CREATED","2020-10-02 17:41:26.016000+00:00","AWS-GALI-N-1","Galileo Nonprod Account","10/02/2020","N"
"471001868904","DAPS-P-AWSAccount-1","DAPS-P-AWSAccount-1@aws-avm.firstam.net","CREATED","2021-02-04 21:44:06.836000+00:00","AWS-DAPS-P-1","Data Protection (DPS) Prod","02/04/2021","P"
"812195420714","PBCS-N-AWSAccount-1","PBCS-N-AWSAccount-1@aws-avm.firstam.net","CREATED","2020-05-19 20:25:34.546000+00:00","AWS-PBCS-N-1","Power BI Cloud Service UAT Account","05/19/2020","N"
"878162440440","CSA1-N-AWSAccount-1","CSA1-N-AWSAccount-1@aws-avm.firstam.net","CREATED","2021-11-18 06:40:10.385000+00:00","AWS-CSA1-N-1","Cloud Services Architecture 1 Non Prod Account","11/18/2021","N"
"124034015221","fa-sequoia-core-prod","aws-fa-sequoia-core-prod@firstam.com","INVITED","2022-02-11 15:56:26.433000+00:00","","","",""
"832628024264","UWLA-N-AWSAccount-1","UWLA-N-AWSAccount-1@aws-avm.firstam.net","CREATED","2020-04-08 16:09:53.865000+00:00","AWS-UWLA-N-1","FA Underwriting Library Website Account","04/08/2020","N"
"356537280545","TDDC-P-AWSAccount-1","TDDC-P-AWSAccount-1@aws-avm.firstam.net","CREATED","2020-04-14 00:14:07.124000+00:00","AWS-TDDC-P-1","Title Direct Division Cloud Prod Networking Account","04/14/2020","P"
"852485518920","XWIK-P-AWSAccount-1","XWIK-P-AWSAccount-1@aws-avm.firstam.net","CREATED","2022-02-10 17:31:43.724000+00:00","AWS-XWIK-P-1","xwiki Production Workload Account","02/10/2022","P"
"558796460079","DDWS-P-AWSAccount-1","DDWS-P-AWSAccount-1@aws-avm.firstam.net","CREATED","2021-07-20 10:48:18.142000+00:00","AWS-DDWS-P-1","Ignite Prod Workload Account","07/20/2021","P"
"415986331042","ANT4-N-AWSAccount-1","ANT4-N-AWSAccount-1@aws-avm.firstam.net","CREATED","2021-07-12 11:15:12.753000+00:00","AWS-ANT4-N-1","ANT4-N-1 Non-Prod Account","07/12/2021","N"
"452625104604","AWSI-S-AWSAccount-1","AWSI-S-AWSAccount-1@firstam.com","CREATED","2019-02-15 00:16:52.189000+00:00","AWS-AWSI-S-1","AWSI Sandbox Account","02/29/2020","S"
"065981075360","EDSO-N-AWSAccount-1","EDSO-N-AWSAccount-1@firstam.com","CREATED","2018-11-08 23:31:57.751000+00:00","","","",""
"586079895811","TLOG-P-AWSAccount-1","TLOG-P-AWSAccount-1@aws-avm.firstam.net","CREATED","2020-05-05 18:35:29.098000+00:00","AWS-TLOG-P-1","TIBCO Logging - Prod Account","05/05/2020","P"
"947586214145","EXTP-P-AWSAccount-1","EXTP-P-AWSAccount-1@aws-avm.firstam.net","CREATED","2021-12-07 05:20:49.589000+00:00","AWS-EXTP-P-1","Exchange Co. Transaction Platform","12/07/2021","P"
"850372484679","SKYE-N-AWSAccount-1","SKYE-N-AWSAccount-1@aws-avm.firstam.net","CREATED","2021-10-06 04:10:21.191000+00:00","AWS-SKYE-N-1","SkyEye NonProd Workload Account","10/06/2021","N"
"267317754974","FATE-N-AWSAccount-1","FATE-N-AWSAccount-1@aws-avm.firstam.net","CREATED","2020-04-21 01:07:19.187000+00:00","AWS-FATE-N-1","FATES Account","04/21/2020","N"
"367119085867","TRSL-N-AWSAccount-1","TRSL-N-AWSAccount-1@aws-avm.firstam.net","CREATED","2020-09-24 12:46:26.150000+00:00","AWS-TRSL-N-1","Trestles Dev Account","09/24/2020","N"
"594017568867","fa-sequoia-audit","aws-fa-sequoia-audit@firstam.com","INVITED","2022-09-02 13:15:39.801000+00:00","","","",""
"799904184178","SDNA-P-AWSAccount-1","SDNA-P-AWSAccount-1@aws-avm.firstam.net","CREATED","2022-02-09 05:14:58.680000+00:00","AWS-SDNA-P-1","DNAE Shared Prod Workload Account","02/09/2022","P"
"501362733715","DMSS-N-AWSAccount-1","DMSS-N-AWSAccount-1@aws-avm.firstam.net","CREATED","2021-04-30 23:23:52.510000+00:00","AWS-DMSS-N-1","Document Management Service NonProd Account","04/30/2021","N"
"115181621231","IVSA-N-AWSAccount-1","IVSA-N-AWSAccount-1@aws-avm.firstam.net","CREATED","2020-07-02 14:42:13.893000+00:00","AWS-IVSA-N-1","Vulnerability Scan Automation Non Prod account","07/02/2020","N"
"759271099209","EASC-N-AWSAccount-1","EASC-N-AWSAccount-1@aws-avm.firstam.net","CREATED","2020-05-19 19:31:31.932000+00:00","AWS-EASC-N-1","Enterprise Application Services Non Prod Account","05/19/2020","N"
"972650967696","ECLI-N-AWSAccount-4","ECLI-N-AWSAccount-4@aws-avm.firstam.net","CREATED","2021-12-15 19:59:29.569000+00:00","AWS-ECLI-N-4","Eclipse Admin Service - Non Prod Workload Account","12/15/2021","N"
"011487278065","SLSE-N-AWSAccount-1","SLSE-N-AWSAccount-1@aws-avm.firstam.net","CREATED","2021-03-26 21:11:47.765000+00:00","AWS-SLSE-N-1","Streamline SafeEscrow HUB NonProd Account","03/26/2021","N"
"984921461830","NCSD-N-AWSAccount-1","NCSD-N-AWSAccount-1@aws-avm.firstam.net","CREATED","2021-12-01 11:41:30.055000+00:00","AWS-NCSD-N-1","Account not in use ready for decomission","12/01/2021","N"
"197200622704","AWSI-N-AWSAccount-2","AWSI-N-AWSAccount-2@firstam.com","CREATED","2019-04-30 21:51:56.941000+00:00","","","",""
"131709450902","XMPI-P-AWSAccount-1","XMPI-P-AWSAccount-1@aws-avm.firstam.net","CREATED","2020-04-16 13:41:40.608000+00:00","AWS-XMPI-P-1","XMPIE Account","04/16/2020","P"
"647909329271","NCDO-S-AWSAccount-1","NCDO-S-AWSAccount-1@firstam.com","CREATED","2019-05-15 17:18:44.148000+00:00","AWS-NCDO-S-1","National Commercial Services Sandbox Account","06/11/2019","S"
"256593845054","FAST-P-AWSAccount-1","FAST-P-AWSAccount-1@aws-avm.firstam.net","CREATED","2020-05-08 15:53:05.978000+00:00","AWS-FAST-P-1","FAST Prod Account","05/08/2020","P"
"990181330352","AMAD-N-AWSAccount-3","AMAD-N-AWSAccount-3@aws-avm.firstam.net","CREATED","2020-06-11 16:19:22.629000+00:00","AWS-AMAD-N-3","AWS Managed AD Dev CI Account","06/11/2020","N"
"484651661387","KMGT-P-AWSAccount-1","KMGT-P-AWSAccount-1@aws-avm.firstam.net","CREATED","2021-06-08 11:19:00.239000+00:00","AWS-KMGT-P-1","Key Management Prod Account","06/08/2021","P"
"445380363923","FA-SignatureInfo-Dev","Signatureinfo-aws-dev@firstam.com","INVITED","2018-01-30 17:38:12.394000+00:00","","","",""
"931791518040","ARPS-P-AWSAccount-1","ARPS-P-AWSAccount-1@aws-avm.firstam.net","CREATED","2020-04-21 00:51:27.737000+00:00","AWS-ARPS-P-1","Automated Release Platform Account","04/21/2020","P"
"416541842818","EOCS-N-AWSAccount-1","EOCS-N-AWSAccount-1@aws-avm.firstam.net","CREATED","2021-08-12 11:00:26.922000+00:00","AWS-EOCS-N-1","Enterprise Operation Center Support Non Prod account","08/12/2021","N"
"702798318682","fa-sequoia-astro","aws-fa-sequoia-astro@firstam.com","INVITED","2022-08-19 16:19:42.827000+00:00","","","",""
"468337789904","UIPM-N-AWSAccount-1","UIPM-N-AWSAccount-1@aws-avm.firstam.net","CREATED","2022-04-13 20:54:22.062000+00:00","AWS-UIPM-N-1","UiPath Process Mining Emerging Tech Nonprod Workload Acc","04/13/2022","N"
"784697223464","EPRO-N-AWSAccount-1","EPRO-N-AWSAccount-1@aws-avm.firstam.net","CREATED","2020-04-09 13:44:13.428000+00:00","AWS-EPRO-N-1","EaglePro Account","04/09/2020","N"
"924281204036","TANM-P-AWSAccount-1","TANM-P-AWSAccount-1@aws-avm.firstam.net","CREATED","2020-11-24 13:29:07.582000+00:00","AWS-TANM-P-1","Tanium Production Account","11/24/2020","P"
"793202201567","JRVS-N-AWSAccount-1","JRVS-N-AWSAccount-1@aws-avm.firstam.net","CREATED","2022-04-05 13:48:17.651000+00:00","AWS-JRVS-N-1","Jarvis Non Prod Workload Account","04/05/2022","N"
"233819491860","DMCP-P-AWSAccount-1","DMCP-P-AWSAccount-1@aws-avm.firstam.net","CREATED","2021-10-05 05:20:32.205000+00:00","AWS-DMCP-P-1","Document Management Content Portal Prod Workload Account","10/05/2021","P"
"860346351212","UWWB-P-AWSAccount-1","UWWB-P-AWSAccount-1@aws-avm.firstam.net","CREATED","2020-12-04 22:44:05.568000+00:00","AWS-UWWB-P-1","Underwriting Work Bench Prod Account","12/04/2020","P"
"123943380375","ARPS-S-AWSAccount-1","ARPS-S-AWSAccount-1@firstam.com","CREATED","2019-03-20 23:26:13.146000+00:00","AWS-ARPS-S-1","Stategic Services (ARPS) Sandbox Account","06/11/2019","S"
"642706511192","JRVS-P-AWSAccount-1","JRVS-P-AWSAccount-1@aws-avm.firstam.net","CREATED","2022-04-05 21:24:23.476000+00:00","AWS-JRVS-P-1","Jarvis Prod Workload Account","04/05/2022","P"
"035033677414","MYTL-N-AWSAccount-1","MYTL-N-AWSAccount-1@aws-avm.firstam.net","CREATED","2021-02-02 16:24:27.606000+00:00","AWS-MYTL-N-1","Trustlink NonProd Workload Account","02/02/2021","N"
"638844603513","TMCT-N-AWSAccount-1","TMCT-N-AWSAccount-1@aws-avm.firstam.net","CREATED","2020-04-25 01:23:34.379000+00:00","AWS-TMCT-N-1","TeamConnect Non-Prod Account","04/25/2020","N"
"670923135205","NCDS-N-AWSAccount-1","NCDS-N-AWSAccount-1@aws-avm.firstam.net","CREATED","2020-04-22 21:26:31.435000+00:00","AWS-NCDS-N-1","FA Commercial Due Diligence Focus Non-Prod Account","04/22/2020","N"
"380605801186","VARO-P-AWSAccount-1","VARO-P-AWSAccount-1@aws-avm.firstam.net","CREATED","2022-01-25 12:33:17.633000+00:00","AWS-VARO-P-1","Varonis Prod Account","01/25/2022","P"
"653043616120","USMS-P-AWSAccount-1","USMS-P-AWSAccount-1@aws-avm.firstam.net","CREATED","2021-08-10 04:17:41.079000+00:00","AWS-USMS-P-1","Unix Services Mgmt Sys Workload Account","08/10/2021","P"
"683019820883","AWSI-N-AWSAccount-4","AWSI-N-AWSAccount-4@firstam.com","CREATED","2019-05-28 23:18:58.168000+00:00","","","",""
"286685374991","FNDG-P-AWSAccount-1","FNDG-P-AWSAccount-1@aws-avm.firstam.net","CREATED","2020-04-13 21:47:41.488000+00:00","AWS-FNDG-P-1","First Funding Cloud Prod Networking Account","04/13/2020","P"
"928723061387","FLOW-P-AWSAccount-1","FLOW-P-AWSAccount-1@aws-avm.firstam.net","CREATED","2021-01-08 18:10:40.139000+00:00","AWS-FLOW-P-1","FLOW Prod Account","01/08/2021","P"
"283577474900","DNAE-P-AWSAccount-1","DNAE-P-AWSAccount-1@aws-avm.firstam.net","CREATED","2021-12-14 05:20:42.579000+00:00","AWS-DNAE-P-1","DNA East Prod VPC Account","12/14/2021","P"
"400743992201","FATCO Holdings, LLC","mallison@firstam.com","INVITED","2018-01-26 22:45:37.897000+00:00","N/A","FATCO Master Billing","01/26/2018","P"
"881150764423","HEAT-P-AWSAccount-1","HEAT-P-AWSAccount-1@aws-avm.firstam.net","CREATED","2021-10-03 04:59:59.108000+00:00","AWS-HEAT-P-1","SMS Retail Help Desk Prod Workload Account","10/03/2021","P"
"244736738506","TRSL-S-AWSAccount-1","TRSL-S-AWSAccount-1@aws-avm.firstam.net","CREATED","2020-09-25 15:04:30.920000+00:00","AWS-TRSL-S-1","Trestles Sandbox Account","09/28/2020","S"
"297672930674","ESSC-P-AWSAccount-2","ESSC-P-AWSAccount-2@aws-avm.firstam.net","CREATED","2020-05-04 18:13:06.469000+00:00","AWS-ESSC-P-2","Enterprise Software Solutions Prod Networking Account","05/04/2020","P"
"818432576102","DTOR-P-AWSAccount-1","DTOR-P-AWSAccount-1@aws-avm.firstam.net","CREATED","2022-04-13 23:45:33.961000+00:00","AWS-DTOR-P-1","Datatree Optical Character Recognition Prod Workload Act","04/13/2022","P"
"889051300637","FFNG-N-AWSAccount-1","FFNG-N-AWSAccount-1@aws-avm.firstam.net","CREATED","2020-03-16 17:20:44.310000+00:00","AWS-FFNG-N-1","FA Form Number Generator Account","03/16/2020","N"
"936470019725","IFSB-S-AWSAccount-1","IFSB-S-AWSAccount-1@firstam.com","CREATED","2019-03-18 17:25:34.863000+00:00","AWS-IFSB-S-1","Corp InfoSec Sandbox Account","06/11/2019","S"
"332453825836","ASAP-N-AWSAccount-1","ASAP-N-AWSAccount-1@aws-avm.firstam.net","CREATED","2020-08-20 12:17:45.221000+00:00","AWS-ASAP-N-1","All Search All Policies Dev Workload Account","08/20/2020","N"
"791906986639","SMF2-P-AWSAccount-1","SMF2-P-AWSAccount-1@aws-avm.firstam.net","CREATED","2021-02-08 22:45:36.077000+00:00","AWS-SMF2-P-1","Integrated Secure Messaging Framework 2.0 Prod","02/08/2021","P"
"225909929313","FLNT-N-AWSAccount-1","FLNT-N-AWSAccount-1@aws-avm.firstam.net","CREATED","2020-09-14 13:07:24.497000+00:00","AWS-FLNT-N-1","Fluent Non Prod Account","09/14/2020","N"
"767655316906","OCLS-P-AWSAccount-1","OCLS-P-AWSAccount-1@aws-avm.firstam.net","CREATED","2020-04-28 14:54:28.331000+00:00","AWS-OCLS-P-1","Oculus Prod Account","04/28/2020","P"
"635838537164","EDWL-P-AWSAccount-1","EDWL-P-AWSAccount-1@aws-avm.firstam.net","CREATED","2020-06-25 18:27:16.613000+00:00","AWS-EDWL-P-1","Prod Acct Ent Data Warehouse and Data Lake Workload Account","06/25/2020","P"
"412174964025","FTXP-P-AWSAccount-1","FTXP-P-AWSAccount-1@aws-avm.firstam.net","CREATED","2021-04-26 20:36:14.790000+00:00","AWS-FTXP-P-1","PRES FASTrax Prod Workload Account","04/26/2021","P"
"113820853681","EPRO-P-AWSAccount-1","EPRO-P-AWSAccount-1@aws-avm.firstam.net","CREATED","2020-10-13 15:44:24.704000+00:00","AWS-EPRO-P-1","EaglePro Prod Account","10/13/2020","P"
"451880854800","CBRE-P-AWSAccount-1","CBRE-P-AWSAccount-1@aws-avm.firstam.net","CREATED","2021-04-26 18:13:41.141000+00:00","AWS-CBRE-P-1","Craft Smarts Prod Workload Account","04/26/2021","P"
"653021664700","ACUM-N-AWSAccount-1","ACUM-N-AWSAccount-1@aws-avm.firstam.net","CREATED","2020-10-30 16:21:40.910000+00:00","AWS-ACUM-N-1","FAPRES Acumatica NonProd Workload Account","10/30/2020","N"
"534145260396","LAUI-N-AWSAccount-1","LAUI-N-AWSAccount-1@aws-avm.firstam.net","CREATED","2022-06-10 19:04:10.001000+00:00","AWS-LAUI-N-1","LVIS Adapters EncompassTitle","06/10/2022","N"
"559242672691","FIRE-P-AWSAccount-1","FIRE-P-AWSAccount-1@aws-avm.firstam.net","CREATED","2022-02-03 05:04:02.426000+00:00","AWS-FIRE-P-1","FireMon Security Manager Prod","02/03/2022","P"
"584870256722","RFCR-P-AWSAccount-1","RFCR-P-AWSAccount-1@aws-avm.firstam.net","CREATED","2021-07-02 05:27:07.305000+00:00","AWS-RFCR-P-1","Recording Fee Calculator Prod Workload Account","07/02/2021","P"
"914758696531","UWWB-N-AWSAccount-1","UWWB-N-AWSAccount-1@aws-avm.firstam.net","CREATED","2020-04-08 17:12:41.169000+00:00","AWS-UWWB-N-1","Underwriting Work Bench Non-Prod Account","04/08/2020","N"
"296007370337","LVIS-P-AWSAccount-1","LVIS-P-AWSAccount-1@aws-avm.firstam.net","CREATED","2021-03-23 21:39:59.455000+00:00","AWS-LVIS-P-1","LVIS Terminal Prod","03/23/2021","P"
"473629851145","PFPT-P-AWSAccount-1","PFPT-P-AWSAccount-1@aws-avm.firstam.net","CREATED","2022-04-06 14:08:10.390000+00:00","AWS-PFPT-P-1","Proofpoint Mail Relay Prod Workload Acc","04/06/2022","P"
"154379210529","SPDN-N-AWSAccount-1","SPDN-N-AWSAccount-1@aws-avm.firstam.net","CREATED","2021-06-14 11:47:00.069000+00:00","AWS-SPDN-N-1","Specialty Designated Nationals Dev Account","06/14/2021","N"
"632209589565","PALT-N-AWSAccount-1","PALT-N-AWSAccount-1@aws-avm.firstam.net","CREATED","2020-06-03 20:15:32.551000+00:00","AWS-PALT-N-1","Account ready for Decom","06/03/2020","N"
"456040117744","UWLA-P-AWSAccount-1","UWLA-P-AWSAccount-1@aws-avm.firstam.net","CREATED","2020-12-04 23:17:01.420000+00:00","AWS-UWLA-P-1","FA Underwriting Library Website Prod Account","12/04/2020","P"
"607610067364","SLGX-N-AWSAccount-1","SLGX-N-AWSAccount-1@aws-avm.firstam.net","CREATED","2021-09-23 09:02:40.201000+00:00","AWS-SLGX-N-1","SalesLogix Non Prod Workload Account","09/23/2021","N"
"269446434650","PCIT-N-AWSAccount-1","PCIT-N-AWSAccount-1@aws-avm.firstam.net","CREATED","2020-04-16 17:58:01.803000+00:00","AWS-PCIT-N-1","PnC-IT-Infrastructure Non-Prod Account","04/28/2020","N"
"125478195652","EARD-S-AWSAccount-1","EARD-S-AWSAccount-1@aws-avm.firstam.net","CREATED","2022-05-24 14:50:12.763000+00:00","AWS-EARD-S-1","Enterprise Architecture RnD Sandbox Account","05/24/2022","S"
"229436922758","FPCS-N-AWSAccount-1","FPCS-N-AWSAccount-1@aws-avm.firstam.net","CREATED","2020-10-16 18:21:10.164000+00:00","AWS-FPCS-N-1","PnC - Finance - Sage Fixed Asset - Dev Account","10/16/2020","N"
"720125431026","CENG-P-AWSAccount-1","CENG-P-AWSAccount-1@aws-avm.firstam.net","CREATED","2020-09-11 17:12:35.865000+00:00","AWS-CENG-P-1","Cloud Engineering Prod Account","09/11/2020","P"
"411715388094","EXHP-N-AWSAccount-1","EXHP-N-AWSAccount-1@aws-avm.firstam.net","CREATED","2022-02-25 18:35:01.740000+00:00","AWS-EXHP-N-1","Extrahop Non Prod Workload Account","02/25/2022","N"
"248152221303","RTML-N-AWSAccount-1","RTML-N-AWSAccount-1@aws-avm.firstam.net","CREATED","2020-03-16 20:17:07.846000+00:00","AWS-RTML-N-1","Real Time Mail Account","03/16/2020","N"
"893520159774","FNDG-N-AWSAccount-1","FNDG-N-AWSAccount-1@aws-avm.firstam.net","CREATED","2020-04-13 21:59:49.570000+00:00","AWS-FNDG-N-1","First Funding Cloue Non Prod Networking Account","04/13/2020","N"
"742665709744","MFTS-P-AWSAccount-1","MFTS-P-AWSAccount-1@aws-avm.firstam.net","CREATED","2021-08-19 05:21:17.432000+00:00","AWS-MFTS-P-1","Managed File Transfer Svc Prod Workload Account","08/19/2021","P"
"368713073839","ESSC-P-AWSAccount-3","ESSC-P-AWSAccount-3@aws-avm.firstam.net","CREATED","2020-09-26 00:32:35.985000+00:00","AWS-ESSC-P-3","Enterprise Software Solutions Shared Prod Account","09/26/2020","P"
"513593980316","NCDS-P-AWSAccount-1","NCDS-P-AWSAccount-1@aws-avm.firstam.net","CREATED","2020-10-01 17:33:15.604000+00:00","AWS-NCDS-P-1","FA Commercial Due Diligence Focus Prod Account","10/01/2020","P"
"413190377458","PYRL-N-AWSAccount-1","PYRL-N-AWSAccount-1@aws-avm.firstam.net","CREATED","2022-06-08 16:53:03.777000+00:00","AWS-PYRL-N-1","Payroll-Test","06/08/2022","N"
"860328224543","fa-sequoia-qa","aws-fa-sequoia-qa@firstam.com","INVITED","2022-02-11 15:54:37.433000+00:00","","","",""
"519141985123","SMSC-N-AWSAccount-1","SMSC-N-AWSAccount-1@aws-avm.firstam.net","CREATED","2020-09-07 18:05:16.440000+00:00","AWS-SMSC-N-1","SMS Cloud Non Prod Account","09/07/2020","N"
"250425012633","SPIU-N-AWSAccount-1","SPIU-N-AWSAccount-1@aws-avm.firstam.net","CREATED","2020-06-17 12:48:57.726000+00:00","AWS-SPIU-N-1","Special Investigation Unit Non Prod Account","06/17/2020","N"
"272333743640","FMOS-N-AWSAccount-1","FMOS-N-AWSAccount-1@aws-avm.firstam.net","CREATED","2020-07-29 03:53:40.599000+00:00","AWS-FMOS-N-1","FA Mortgage Operating Systems Non-Prod Account","07/29/2020","N"
"207559277877","EARD-N-AWSAccount-2","EARD-N-AWSAccount-2@aws-avm.firstam.net","CREATED","2022-04-08 18:13:34.877000+00:00","AWS-EARD-N-2","Enterprise Architecture RnD Non Prod Workload Acc","04/08/2022","N"
"468355727464","BDNA-P-AWSAccount-1","BDNA-P-AWSAccount-1@aws-avm.firstam.net","CREATED","2021-08-18 04:39:52.935000+00:00","AWS-BDNA-P-1","Data Platform Prod Workload Account","08/18/2021","P"
"878681369354","CLCC-P-AWSAccount-1","CLCC-P-AWSAccount-1@aws-avm.firstam.net","CREATED","2021-07-02 04:09:23.733000+00:00","AWS-CLCC-P-1","Mortgage Solutions Cost Calculator Prod Workload Account","07/02/2021","P"
"292555682918","XWIK-N-AWSAccount-1","XWIK-N-AWSAccount-1@aws-avm.firstam.net","CREATED","2022-02-09 22:30:08.017000+00:00","AWS-XWIK-N-1","xwiki Non-Prod Workload Account","02/09/2022","N"
"394764223322","ANTE-P-AWSAccount-1","ANTE-P-AWSAccount-1@aws-avm.firstam.net","CREATED","2021-01-21 15:31:39.416000+00:00","AWS-ANTE-P-1","AgentNet Title and Escrow Prod Account","01/21/2021","P"
"936959148504","FNHD-P-AWSAccount-1","FNHD-P-AWSAccount-1@aws-avm.firstam.net","CREATED","2020-04-28 18:27:37.643000+00:00","AWS-FNHD-P-1","FANHD Prod Account","04/28/2020","P"
"221700601607","PAAA-P-AWSAccount-1","PAAA-P-AWSAccount-1@aws-avm.firstam.net","CREATED","2020-12-01 23:51:50.394000+00:00","AWS-PAAA-P-1","Palo Alto Automation Prod Workload Account","12/01/2020","P"
"940151535601","NCDO-N-AWSAccount-1","NCDO-N-AWSAccount-1@firstam.com","CREATED","2019-09-13 09:14:22.904000+00:00","AWS-NCDO-N-1","National Commercial Services Non-Prod Account","09/17/2019","N"
"346334011463","FAIB-P-AWSAccount-1","FAIB-P-AWSAccount-1@aws-avm.firstam.net","CREATED","2020-06-04 15:27:51.937000+00:00","AWS-FAIB-P-1","FA Image Bakery Prod Account","06/04/2020","P"
"049902500257","Jim Dunkerly","systems@firstfundingusa.com","INVITED","2020-01-14 18:47:47.079000+00:00","","","",""
"788363240106","ESSC-S-AWSAccount-1","ESSC-S-AWSAccount-1@firstam.com","CREATED","2019-05-10 22:10:09.675000+00:00","AWS-ESSC-S-1","Enterprise Software Solutions Sandbox Account","06/10/2019","S"
"028796570222","PYRL-P-AWSAccount-1","PYRL-P-AWSAccount-1@aws-avm.firstam.net","CREATED","2021-10-07 04:15:45.481000+00:00","AWS-PYRL-P-1","Payroll Production Account","10/07/2021","P"
"357877021290","PPSX-P-AWSAccount-1","PPSX-P-AWSAccount-1@aws-avm.firstam.net","CREATED","2020-10-19 20:22:40.851000+00:00","AWS-PPSX-P-1","PPSX-P-AWSAccount-1","10/20/2020","P"
"584561986805","FSHQ-P-AWSAccount-1","FSHQ-P-AWSAccount-1@aws-avm.firstam.net","CREATED","2020-05-18 13:01:54.508000+00:00","AWS-FSHQ-P-1","FASTSearch Prod Account","05/18/2020","P"
"151935882054","EASC-P-AWSAccount-1","EASC-P-AWSAccount-1@aws-avm.firstam.net","CREATED","2020-06-25 13:32:39.774000+00:00","AWS-EASC-P-1","EASC-P-AWSAccount-1","06/25/2020","P"
"160246676515","SEPN-P-AWSAccount-1","SEPN-P-AWSAccount-1@aws-avm.firstam.net","CREATED","2021-11-03 05:05:19.097000+00:00","AWS-SEPN-P-1","Symantec Endpoint Protection Prod Workload Account","11/03/2021","P"
"330054359117","FLAB-N-AWSAccount-1","FLAB-N-AWSAccount-1@aws-avm.firstam.net","CREATED","2022-06-15 13:48:13.415000+00:00","AWS-FLAB-N-1","FAI AWS Lab","06/15/2022","N"
"246686618825","TESB-P-AWSAccount-1","TESB-P-AWSAccount-1@aws-avm.firstam.net","CREATED","2020-05-05 19:11:46.270000+00:00","AWS-TESB-P-1","TIBCO Enterprise Service Bus (BusinessWorks) - Prod Account","05/05/2020","P"
"434718954146","COPM-P-AWSAccount-1","COPM-P-AWSAccount-1@aws-avm.firstam.net","CREATED","2020-12-17 23:31:45.345000+00:00","AWS-COPM-P-1","FAPRES COPIAM Prod","12/17/2020","P"
"240389880959","fa-sequoia-core-nonprod","aws-fa-sequoia-core-nonprod@firstam.com","INVITED","2022-02-11 15:53:34.161000+00:00","","","",""
"927579948131","FWEB-P-AWSAccount-1","FWEB-P-AWSAccount-1@aws-avm.firstam.net","CREATED","2021-12-15 05:07:02.968000+00:00","AWS-FWEB-P-1","FASTWeb Prod Workload Account","12/15/2021","P"
"971671531880","QMDB-N-AWSAccount-1","QMDB-N-AWSAccount-1@aws-avm.firstam.net","CREATED","2021-01-22 17:56:47.219000+00:00","AWS-QMDB-N-1","Metrics DashBoard Dev AWS Account","01/22/2021","N"
"207790399741","AWSI-P-AWSAccount-4","AWSI-P-AWSAccount-4@firstam.com","CREATED","2019-06-13 20:01:18.435000+00:00","AWS-AWSI-P-4","AWSI Infrastructure Account","06/12/2019","P"
"460116171281","RFCR-N-AWSAccount-1","RFCR-N-AWSAccount-1@aws-avm.firstam.net","CREATED","2020-06-30 14:57:13.118000+00:00","AWS-RFCR-N-1","RFCR-N-AWSAccount-1","06/30/2020","N"
"080265271944","CLCC-N-AWSAccount-1","CLCC-N-AWSAccount-1@aws-avm.firstam.net","CREATED","2020-06-30 18:05:29.989000+00:00","AWS-CLCC-N-1","CLCC-N-AWSAccount-1","06/30/2020","N"
"404897863282","ANT4-P-AWSAccount-1","ANT4-P-AWSAccount-1@aws-avm.firstam.net","CREATED","2021-07-13 10:01:18.642000+00:00","AWS-ANT4-P-1","ANT4-P-1 Prod Account","07/13/2021","P"
"535731451275","fa-sequoia-prod","aws-fa-sequoia-prod@firstam.com","INVITED","2022-02-11 15:57:28.332000+00:00","","","",""
"014345246069","AWSI-N-AWSAccount-5","AWSI-N-AWSAccount-5@firstam.com","CREATED","2019-06-14 14:41:49.608000+00:00","AWS-AWSI-N-5","AWSI Sandbox Account","06/14/2019","N"
"216095666325","PLHW-N-AWSAccount-1","PLHW-N-AWSAccount-1@aws-avm.firstam.net","CREATED","2021-05-21 17:56:28.389000+00:00","AWS-PLHW-N-1","Platform Lifecycle - Test Account","05/21/2021","N"
"470646882728","OARS-P-AWSAccount-1","OARS-P-AWSAccount-1@aws-avm.firstam.net","CREATED","2020-12-05 00:01:54.433000+00:00","AWS-OARS-P-1","OARS Prod Account","12/05/2020","P"
"127392953378","VTSS-P-AWSAccount-1","VTSS-P-AWSAccount-1@aws-avm.firstam.net","CREATED","2020-10-27 14:54:01.407000+00:00","AWS-VTSS-P-1","Vendor Title Search System Prod Account","10/27/2020","P"
"715279293385","CDTC-P-AWSAccount-1","CDTC-P-AWSAccount-1@aws-avm.firstam.net","CREATED","2020-04-28 18:03:26.018000+00:00","AWS-CDTC-P-1","Closing Disclosure Timing Calculator Prod Account","04/28/2020","P"
"392304447609","ANT2-P-AWSAccount-1","ANT2-P-AWSAccount-1@aws-avm.firstam.net","CREATED","2020-11-09 17:16:13.068000+00:00","AWS-ANT2-P-1","AgentNet Production Workload Account","11/09/2020","P"
"392175058369","EDSO-N-AWSAccount-2","EDSO-N-AWSAccount-2@firstam.com","CREATED","2018-11-08 23:32:28.806000+00:00","","","",""
"414695072333","SFRT-N-AWSAccount-1","SFRT-N-AWSAccount-1@aws-avm.firstam.net","CREATED","2021-11-19 17:29:46.402000+00:00","AWS-SFRT-N-1","Salesforce for Republic Title Workload Account","11/22/2021","N"
"740616400937","DTRX-S-AWSAccount-1","DTRX-S-AWSAccount-1@aws-avm.firstam.net","CREATED","2022-04-28 19:05:24.828000+00:00","AWS-DTRX-S-1","DID Technology Research Workload Acc","04/28/2022","S"
"920047501492","SCRX-P-AWSAccount-1","SCRX-P-AWSAccount-1@aws-avm.firstam.net","CREATED","2022-01-27 05:04:15.443000+00:00","AWS-SCRX-P-1","Securonix Snypr Prod","01/27/2022","P"
"104389843201","MFTS-N-AWSAccount-1","MFTS-N-AWSAccount-1@aws-avm.firstam.net","CREATED","2021-08-19 04:41:19.776000+00:00","AWS-MFTS-N-1","Managed File Transfer Svc Nonprod Workload Account","08/19/2021","N"
"590732362493","COPO-P-AWSAccount-1","COPO-P-AWSAccount-1@aws-avm.firstam.net","CREATED","2021-06-02 15:30:51.862000+00:00","AWS-COPO-P-1","Secure Portal Prod Workload Account","06/02/2021","P"
"421574984945","IFSB-P-AWSAccount-1","IFSB-P-AWSAccount-1@firstam.com","CREATED","2019-12-05 21:16:41.017000+00:00","AWS-IFSB-P-1","InfoSec Production","12/05/2019","P"
"127796136612","FNHD-N-AWSAccount-1","FNHD-N-AWSAccount-1@aws-avm.firstam.net","CREATED","2020-03-16 20:51:42.444000+00:00","AWS-FNHD-N-1","FANHD","03/16/2020","N"
"237710707053","AAPI-N-AWSAccount-1","AAPI-N-AWSAccount-1@aws-avm.firstam.net","CREATED","2021-07-14 10:32:10.172000+00:00","AWS-AAPI-N-1","AAPI-N-1 NonProd Workload Account","07/14/2021","N"
"840685175871","AAPI-P-AWSAccount-1","AAPI-P-AWSAccount-1@aws-avm.firstam.net","CREATED","2021-07-13 10:35:01.198000+00:00","AWS-AAPI-P-1","AAPI-P-1 Workload Account for Production","07/13/2021","P"
"151079509919","MOUW-P-AWSAccount-1","MOUW-P-AWSAccount-1@aws-avm.firstam.net","CREATED","2020-05-05 16:24:27.788000+00:00","AWS-MOUW-P-1","Mobile UnderWriter-Agency Prod Account","05/05/2020","P"
"997924847602","FPCC-N-AWSAccount-1","FPCC-N-AWSAccount-1@firstam.com","CREATED","2019-11-19 18:32:01.335000+00:00","AWS-FPCC-N-1","Property and Casualty Non-Prod Account","11/22/2019","N"
"298772518643","TSSE-N-AWSAccount-1","TSSE-N-AWSAccount-1@aws-avm.firstam.net","CREATED","2020-05-29 16:04:07.288000+00:00","AWS-TSSE-N-1","Title Search Services Dev Account","05/29/2020","N"
"187079681185","POAT-N-AWSAccount-1","POAT-N-AWSAccount-1@aws-avm.firstam.net","CREATED","2021-05-03 20:28:39.089000+00:00","AWS-POAT-N-1","Payoff Assist POA NonProd Account","05/03/2021","N"
"890354386164","COPM-N-AWSAccount-1","COPM-N-AWSAccount-1@aws-avm.firstam.net","CREATED","2020-12-17 22:29:31.986000+00:00","AWS-COPM-N-1","FAPRES COPIAM Dev","12/17/2020","N"
"004149015288","OCLS-N-AWSAccount-1","OCLS-N-AWSAccount-1@aws-avm.firstam.net","CREATED","2020-03-16 21:08:55.900000+00:00","AWS-OCLS-N-1","Oculus Application Account","03/16/2020","N"
"993930627149","CIAA-N-AWSAccount-1","CIAA-N-AWSAccount-1@aws-avm.firstam.net","CREATED","2020-07-07 12:45:36.653000+00:00","AWS-CIAA-N-1","Infosec API Automation Non Prod Account","07/07/2020","N"
"760906084368","TMCT-P-AWSAccount-1","TMCT-P-AWSAccount-1@aws-avm.firstam.net","CREATED","2020-12-17 04:49:43.683000+00:00","AWS-TMCT-P-1","TeamConnect Prod","12/17/2020","P"
"071351031629","POAT-P-AWSAccount-1","POAT-P-AWSAccount-1@aws-avm.firstam.net","CREATED","2021-05-03 23:37:13.898000+00:00","AWS-POAT-P-1","Payoff Assist POA Prod Account","05/03/2021","P"
"436486340511","FAST-P-AWSAccount-3","FAST-P-AWSAccount-3@aws-avm.firstam.net","CREATED","2021-12-24 10:08:17.378000+00:00","AWS-FAST-P-3","FAST 3 Production Workload Account","12/24/2021","P"
"361874992978","SMSC-P-AWSAccount-1","SMSC-P-AWSAccount-1@aws-avm.firstam.net","CREATED","2020-09-07 16:22:06.954000+00:00","AWS-SMSC-P-1","SMS Cloud Prod Account","09/07/2020","P"
"725916864119","CIAA-P-AWSAccount-1","CIAA-P-AWSAccount-1@aws-avm.firstam.net","CREATED","2020-07-02 12:48:20.328000+00:00","AWS-CIAA-P-1","Infosec API Automation Prod Account","07/02/2020","P"
"999589470220","FA-SignatureInfo-Prod","Signatureinfo-aws-prod@firstam.com","INVITED","2018-01-30 17:52:15.240000+00:00","","","",""
"911413294388","PRES-P-AWSAccount-1","PRES-P-AWSAccount-1@aws-avm.firstam.net","CREATED","2021-05-17 16:56:26.276000+00:00","AWS-PRES-P-1","FAPRES - Cloud - Prod BU/Network Account","05/17/2021","P"
"171380166383","ENMO-P-AWSAccount-1","ENMO-P-AWSAccount-1@firstam.com","CREATED","2020-02-21 23:30:51.574000+00:00","AWS-ENMO-P-1","Enterprise Monitoring - Prod","2/21/2020","P"
"024371496537","MULE-N-AWSAccount-1","MULE-N-AWSAccount-1@aws-avm.firstam.net","CREATED","2020-07-14 15:51:31.958000+00:00","AWS-MULE-N-1","MULE-N-AWSAccount-1","07/14/2020","N"
"253987290426","NCSC-N-AWSAccount-1","NCSC-N-AWSAccount-1@aws-avm.firstam.net","CREATED","2020-09-17 00:50:09.185000+00:00","AWS-NCSC-N-1","NCS Cloud Non Prod Account","09/17/2020","N"
"991714369130","FPCG-N-AWSAccount-2","FPCG-N-AWSAccount-2@aws-avm.firstam.net","CREATED","2021-11-02 21:09:24.735000+00:00","AWS-FPCG-N-2","PnC Silverado Portal - NonProd Account","11/02/2021","N"
"679599021251","IFSB-S-AWSAccount-2","IFSB-S-AWSAccount-2@aws-avm.firstam.net","CREATED","2022-03-03 23:27:37.611000+00:00","AWS-IFSB-S-2","Infosec Cloud Env Sandbox Account","03/03/2022","S"
"195009472218","CLAS-N-AWSAccount-1","CLAS-N-AWSAccount-1@aws-avm.firstam.net","CREATED","2022-03-07 17:43:36.187000+00:00","AWS-CLAS-N-1","CLASS-Eval-Account","03/07/2022","N"
"663173049014","SPIU-P-AWSAccount-1","SPIU-P-AWSAccount-1@aws-avm.firstam.net","CREATED","2020-12-04 20:20:23.379000+00:00","AWS-SPIU-P-1","Special Investigation Unit Prod Account","12/04/2020","P"
"614296884338","FAST-N-AWSAccount-1","FAST-N-AWSAccount-1@aws-avm.firstam.net","CREATED","2020-04-22 19:01:39.318000+00:00","AWS-FAST-N-1","FAST Non-Prod Account","04/22/2020","N"
"812667477845","OARS-N-AWSAccount-1","OARS-N-AWSAccount-1@aws-avm.firstam.net","CREATED","2020-04-10 13:18:37.511000+00:00","AWS-OARS-N-1","OARS Account","04/10/2020","N"
"277949742805","AMAD-N-AWSAccount-2","AMAD-N-AWSAccount-2@aws-avm.firstam.net","CREATED","2020-06-11 02:29:54.062000+00:00","AWS-AMAD-N-2","AMAD-N-2 Workload Account","06/11/2020","N"
"861504833106","EXDB-N-AWSAccount-1","EXDB-N-AWSAccount-1@aws-avm.firstam.net","CREATED","2020-04-08 19:49:38.847000+00:00","AWS-EXDB-N-1","Exceptional Service Account","04/08/2020","N"
"541066445543","fa-sequoia-idp-nonprod","aws-fa-sequoia-idp-nonprod@firstam.com","INVITED","2022-08-19 16:17:09.664000+00:00","","","",""
"132496515601","QLYS-P-AWSAccount-1","QLYS-P-AWSAccount-1@aws-avm.firstam.net","CREATED","2020-12-16 21:37:04.189000+00:00","AWS-QLYS-P-1","Qualys Prod","12/16/2020","P"
"885024525486","VARO-N-AWSAccount-1","VARO-N-AWSAccount-1@aws-avm.firstam.net","CREATED","2022-01-24 15:54:11.457000+00:00","AWS-VARO-N-1","Varonis NonProd Account","01/24/2022","N"
"285344591149","CORP-P-AWSAccount-2","CORP-P-AWSAccount-2@aws-avm.firstam.net","CREATED","2022-04-08 15:25:42.762000+00:00","AWS-CORP-P-2","Active Directory Prod Workload Acc","04/08/2022","P"
"726771203655","SDNA-N-AWSAccount-1","SDNA-N-AWSAccount-1@aws-avm.firstam.net","CREATED","2021-12-15 22:13:55.811000+00:00","AWS-SDNA-N-1","DNAE Shared NonProd Workload Account","12/15/2021","N"
"907280226274","ACUM-P-AWSAccount-1","ACUM-P-AWSAccount-1@aws-avm.firstam.net","CREATED","2020-10-30 16:57:40.480000+00:00","AWS-ACUM-P-1","FAPRES Acumatica Prod Workload Account","10/30/2020","P"
"610368422997","PRES-N-AWSAccount-1","PRES-N-AWSAccount-1@aws-avm.firstam.net","CREATED","2021-05-17 15:37:29.319000+00:00","AWS-PRES-N-1","FAPRES - Cloud - Non Prod BU Account","05/17/2021","N"
"461512992083","ECLI-P-AWSAccount-2","ECLI-P-AWSAccount-2@aws-avm.firstam.net","CREATED","2021-10-07 11:10:51.878000+00:00","AWS-ECLI-P-2","Eclipse Recording Production Account","10/07/2021","P"
"775186354282","SSPP-P-AWSAccount-1","SSPP-P-AWSAccount-1@aws-avm.firstam.net","CREATED","2020-04-14 00:03:59.830000+00:00","AWS-SSPP-P-1","Office of the CIO Prod Networking Account","04/14/2020","P"
"536674489438","CBRK-P-AWSAccount-1","CBRK-P-AWSAccount-1@aws-avm.firstam.net","CREATED","2020-06-29 15:39:37.326000+00:00","AWS-CBRK-P-1","CyberArk Production account","06/29/2020","P"
"457689639821","fa-sequoia-idp-prod","aws-fa-sequoia-idp-prod@firstam.com","INVITED","2022-09-02 13:14:19.911000+00:00","","","",""
"725176501729","ECLI-N-AWSAccount-3","ECLI-N-AWSAccount-3@aws-avm.firstam.net","CREATED","2021-09-07 10:28:56.243000+00:00","AWS-ECLI-N-3","Eclipse Order Service Workload Account","09/07/2021","N"
"668955591337","ESES-N-AWSAccount-1","ESES-N-AWSAccount-1@aws-avm.firstam.net","CREATED","2021-06-18 10:57:59.220000+00:00","AWS-ESES-N-1","Enterprise Search -  Elastic Search Non Prod Account","06/23/2021","N"
"483030404810","ASAP-P-AWSAccount-1","ASAP-P-AWSAccount-1@aws-avm.firstam.net","CREATED","2021-07-23 05:21:15.852000+00:00","AWS-ASAP-P-1","All Search All Policies Prod Workload Account","07/23/2021","P"
"125469819557","fa-sequoia-sandbox","aws-fa-sequoia-sandbox@firstam.com","INVITED","2022-02-11 14:16:48.655000+00:00","","","",""
"927583188670","EWBD-N-AWSAccount-1","EWBD-N-AWSAccount-1@aws-avm.firstam.net","CREATED","2020-04-08 16:21:58.884000+00:00","AWS-EWBD-N-1","Examiner Work Bench Account","04/08/2020","N"
"448792517836","TEMS-N-AWSAccount-1","TEMS-N-AWSAccount-1@aws-avm.firstam.net","CREATED","2020-05-05 17:36:41.900000+00:00","AWS-TEMS-N-1","TIBCO Enterprise Service Bus (Messaging) - Dev Account","05/05/2020","N"
"018474700295","ESSC-P-AWSAccount-1","ESSC-P-AWSAccount-1@aws-avm.firstam.net","CREATED","2020-04-17 00:18:37.402000+00:00","AWS-ESSC-P-1","Enterprise Software Solutions Prod Networking Account","04/17/2020","P"
"604803768143","ESSC-N-AWSAccount-3","ESSC-N-AWSAccount-3@firstam.com","CREATED","2019-07-22 20:06:22.905000+00:00","AWS-ESSC-N-3","Enterprise Software Solutions Non-Prod FASTSearch Account","07/22/2019","N"
"722996826575","TSSE-P-AWSAccount-1","TSSE-P-AWSAccount-1@aws-avm.firstam.net","CREATED","2020-10-27 20:34:40.001000+00:00","AWS-TSSE-P-1","TSSE-P-AWSAccount-1","10/28/2020","P"
"859367255742","ESSC-N-AWSAccount-2","ESSC-N-AWSAccount-2@firstam.com","CREATED","2019-07-18 22:02:59.626000+00:00","AWS-ESSC-N-2","Enterprise Software Solutions Non-Prod FAST Account","07/19/2019","N"
"234286598271","SPDN-P-AWSAccount-1","SPDN-P-AWSAccount-1@aws-avm.firstam.net","CREATED","2021-06-15 09:59:15.501000+00:00","AWS-SPDN-P-1","Specialty Designated Nationals Production Account","06/15/2021","P"
"700519107115","TLOG-N-AWSAccount-1","TLOG-N-AWSAccount-1@aws-avm.firstam.net","CREATED","2020-05-05 18:24:53.061000+00:00","AWS-TLOG-N-1","TIBCO Logging - Staging Account","05/05/2020","N"
"969499670683","NIVM-P-AWSAccount-1","NIVM-P-AWSAccount-1@aws-avm.firstam.net","CREATED","2020-11-24 15:20:10.151000+00:00","AWS-NIVM-P-1","Nexpose InsightVM  Production Account","11/24/2020","P"
"484600865286","FPCC-S-AWSAccount-1","FPCC-S-AWSAccount-1@firstam.com","CREATED","2019-10-09 20:43:14.812000+00:00","AWS-FPCC-S-1","Property and Casualty Sandbox Account","10/14/2019","S"
"093352525228","DSCI-N-AWSAccount-1","DSCI-N-AWSAccount-1@aws-avm.firstam.net","CREATED","2022-08-19 22:45:48.177000+00:00","AWS-DSCI-N-1","Data Science Services NonProd Network Account","08/19/2022","N"
"915581608450","MULE-P-AWSAccount-1","MULE-P-AWSAccount-1@aws-avm.firstam.net","CREATED","2020-10-16 21:23:54.946000+00:00","AWS-MULE-P-1","MULE-P-AWSAccount-1","10/16/2020","P"
"162245054474","FMOS-P-AWSAccount-1","FMOS-P-AWSAccount-1@aws-avm.firstam.net","CREATED","2021-02-04 15:39:36.028000+00:00","AWS-FMOS-P-1","FA Mortgage Operating Systems Prod Account","02/04/2021","P"
"388925837659","GALI-P-AWSAccount-1","GALI-P-AWSAccount-1@aws-avm.firstam.net","CREATED","2020-10-02 18:06:47.854000+00:00","AWS-GALI-P-1","Galileo Prod Account","10/02/2020","P"
"135260516503","fa-sequoia-dev","aws-fa-sequoia-dev@firstam.com","INVITED","2022-02-11 15:22:34.005000+00:00","","","",""
"706974034300","PCFS-P-AWSAccount-1","PCFS-P-AWSAccount-1@aws-avm.firstam.net","CREATED","2020-08-26 19:57:52.759000+00:00","AWS-PCFS-P-1","PnC File Server Workload Account","08/26/2020","P"
"422373810717","UIPM-P-AWSAccount-1","UIPM-P-AWSAccount-1@aws-avm.firstam.net","CREATED","2022-04-27 01:28:31.141000+00:00","AWS-UIPM-P-1","UiPath Process Mining Emerging Tech Prod Workload Acc","04/27/2022","P"
"602260758538","PATL-N-AWSAccount-1","PATL-N-AWSAccount-1@aws-avm.firstam.net","CREATED","2021-03-18 22:02:13.490000+00:00","AWS-PATL-N-1","Platform Architecture Lab NonProd","03/18/2021","N"
"776317264277","AWSI-S-AWSAccount-2","AWSI-S-AWSAccount-2@aws-avm.firstam.net","CREATED","2020-05-21 20:29:24.344000+00:00","AWS-AWSI-S-2","Enterprise Monitoring Sandbox Account","05/21/2020","S"
"760285375869","FTXP-N-AWSAccount-1","FTXP-N-AWSAccount-1@aws-avm.firstam.net","CREATED","2021-04-26 19:39:23.835000+00:00","AWS-FTXP-N-1","PRES FASTrax Non Prod Workload Account","04/26/2021","N"
"736048643454","PALT-P-AWSAccount-1","PALT-P-AWSAccount-1@aws-avm.firstam.net","CREATED","2020-08-14 19:48:02.647000+00:00","AWS-PALT-P-1","Palo Alto Prod Workload Acct","08/14/2020","P"
"571881413511","PAAA-N-AWSAccount-1","PAAA-N-AWSAccount-1@aws-avm.firstam.net","CREATED","2020-07-06 14:54:19.104000+00:00","AWS-PAAA-N-1","Palo Alto Automation Non Prod Account","07/06/2020","N"
"548694199093","COPO-N-AWSAccount-1","COPO-N-AWSAccount-1@aws-avm.firstam.net","CREATED","2020-12-11 23:19:14.580000+00:00","AWS-COPO-N-1","Service Portal Account COPO","12/11/2020","N"
"683880709100","PRTO-N-AWSAccount-1","PRTO-N-AWSAccount-1@aws-avm.firstam.net","CREATED","2021-01-13 14:12:36.771000+00:00","AWS-PRTO-N-1","Property Tools Non-Prod AWS Account","01/13/2021","N"
"243596743991","ETGB-N-AWSAccount-1","ETGB-N-AWSAccount-1@aws-avm.firstam.net","CREATED","2022-03-17 13:49:04.689000+00:00","AWS-ETGB-N-1","Enterprise Architecture Technology Governance Board","03/17/2022","N"
"457078583055","FWAA-P-AWSAccount-1","FWAA-P-AWSAccount-1@aws-avm.firstam.net","CREATED","2020-12-02 00:25:21.089000+00:00","AWS-FWAA-P-1","Firewall Rule Automation Prod Workload Account","12/02/2020","P"
"144610321800","SSPP-N-AWSAccount-1","SSPP-N-AWSAccount-1@firstam.com","CREATED","2019-11-18 20:26:12.198000+00:00","AWS-SSPP-N-1","Strategic Services PRES Pipeline Non-Prod Account","11/21/2019","N"
"112606969209","CDTC-N-AWSAccount-1","CDTC-N-AWSAccount-1@aws-avm.firstam.net","CREATED","2020-03-12 20:16:50.481000+00:00","AWS-CDTC-N-1","Closing Disclosure Timing Calculator Account","03/12/2020","N"
"429253596582","ETAP-N-AWSAccount-1","ETAP-N-AWSAccount-1@aws-avm.firstam.net","CREATED","2020-07-14 13:46:12.666000+00:00","AWS-ETAP-N-1","ETAP-N-AWSAccount-1","07/14/2020","N"
"109128301404","SLSE-P-AWSAccount-1","SLSE-P-AWSAccount-1@aws-avm.firstam.net","CREATED","2021-03-26 23:29:59.702000+00:00","AWS-SLSE-P-1","Streamline SafeEscrow HUB Prod Account","03/26/2021","P"
"568962790648","ESES-P-AWSAccount-1","ESES-P-AWSAccount-1@aws-avm.firstam.net","CREATED","2021-11-06 04:23:54.022000+00:00","AWS-ESES-P-1","Enterprise Search Elastic Search Prod Workload Account","11/06/2021","P"
"692551155771","RAPT-N-AWSAccount-1","RAPT-N-AWSAccount-1@aws-avm.firstam.net","CREATED","2020-03-16 20:09:45.402000+00:00","AWS-RAPT-N-1","Commercial Evaluations Platform Account","03/16/2020","N"
"756760707001","MRSP-N-AWSAccount-1","MRSP-N-AWSAccount-1@aws-avm.firstam.net","CREATED","2021-11-22 21:01:32.916000+00:00","AWS-MRSP-N-1","Management Reporting System Non Prod Workload","11/22/2021","N"
"131865227365","ANT2-N-AWSAccount-1","ANT2-N-AWSAccount-1@aws-avm.firstam.net","CREATED","2020-11-09 16:41:34.845000+00:00","AWS-ANT2-N-1","AgentNet Non-Prod Workload Account","11/09/2020","N"
"804777935295","XMPI-N-AWSAccount-1","XMPI-N-AWSAccount-1@aws-avm.firstam.net","CREATED","2020-05-26 14:45:08.164000+00:00","AWS-XMPI-N-1","XMPIE Dev Account","05/26/2020","N"
"881463339137","RTML-P-AWSAccount-1","RTML-P-AWSAccount-1@aws-avm.firstam.net","CREATED","2020-04-28 15:25:55.017000+00:00","AWS-RTML-P-1","Real Time Mail Prod Account","04/28/2020","P"
"546409690439","LAUI-P-AWSAccount-1","LAUI-P-AWSAccount-1@aws-avm.firstam.net","CREATED","2022-08-22 16:44:05.906000+00:00","AWS-LAUI-P-1","LVIS Adapters EncompassTitle","08/22/2022","P"
"472061983181","ENMO-N-AWSAccount-1","ENMO-N-AWSAccount-1@firstam.com","CREATED","2020-02-21 23:28:50.077000+00:00","AWS-ENMO-N-1","Enterprise Monitoring - Nonprod","02/21/2020","N"
"766373142876","MRSP-P-AWSAccount-1","MRSP-P-AWSAccount-1@aws-avm.firstam.net","CREATED","2022-01-07 11:07:40.250000+00:00","AWS-MRSP-P-1","Management Reporting System Prod Workload","01/07/2022","P"
"864674404228","FACC-N-AWSAccount-1","FACC-N-AWSAccount-1@aws-avm.firstam.net","CREATED","2020-06-29 18:50:02.402000+00:00","AWS-FACC-N-1","FACC-N-AWSAccount-1","06/29/2020","N"
"107490366396","EDSO-N-AWSAccount-3","edso-n-awsaccount-3@firstam.com","CREATED","2018-12-17 20:49:47.467000+00:00","","","",""
"888603131188","IFSB-S-AWSAccount-3","IFSB-S-AWSAccount-3@aws-avm.firstam.net","CREATED","2022-03-04 00:22:49.826000+00:00","AWS-IFSB-S-3","Infosec Cloud Environment Sandbox Account","03/04/2022","S"
"835398786250","CBRE-N-AWSAccount-1","CBRE-N-AWSAccount-1@aws-avm.firstam.net","CREATED","2021-04-26 16:31:55.537000+00:00","AWS-CBRE-N-1","Craft Smarts Non Prod Workload Account","04/26/2021","N"
"457356171856","DMCP-N-AWSAccount-1","DMCP-N-AWSAccount-1@aws-avm.firstam.net","CREATED","2021-10-05 04:19:04.369000+00:00","AWS-DMCP-N-1","Document Management Content Portal NonProd Workload Account","10/05/2021","N"
"534329119308","CMSM-N-AWSAccount-1","CMSM-N-AWSAccount-1@aws-avm.firstam.net","CREATED","2021-09-22 09:31:45.243000+00:00","AWS-CMSM-N-1","Customer Management System Non Prod Workload Account","09/22/2021","N"
"384082364908","AWSI-N-AWSAccount-1","AWSI-N-AWSAccount-1@firstam.com","CREATED","2018-08-06 16:42:03.688000+00:00","AWS-AWSI-N-1","AWSI Non-Prod Shared Account","06/13/2019","N"
"649465427298","EARD-N-AWSAccount-1","EARD-N-AWSAccount-1@aws-avm.firstam.net","CREATED","2022-04-06 19:17:36.004000+00:00","AWS-EARD-N-1","Enterprise Architecture RnD Non Prod Workload Account","04/06/2022","N"
"540789532913","SVDI-P-AWSAccount-1","SVDI-P-AWSAccount-1@aws-avm.firstam.net","CREATED","2022-02-23 11:20:58.808000+00:00","AWS-SVDI-P-1","Agency Systems Production Account","02/23/2022","P"
"862241376944","QLYS-N-AWSAccount-1","QLYS-N-AWSAccount-1@aws-avm.firstam.net","CREATED","2020-12-17 20:23:06.855000+00:00","AWS-QLYS-N-1","Qualys NonProd","12/17/2020","N"
"919782040322","IMPD-P-AWSAccount-1","IMPD-P-AWSAccount-1@aws-avm.firstam.net","CREATED","2021-05-13 16:15:49.108000+00:00","AWS-IMPD-P-1","Imperva SecureSphere Prod Workload Account","05/13/2021","P"
"539411578104","AWSI-P-AWSAccount-2","awsi-p-awsaccount-2@firstam.com","CREATED","2019-01-10 18:52:35.108000+00:00","AWS-AWSI-P-2","AWSI Central Logging Account","06/10/2019","P"
"276828104209","CENG-N-AWSAccount-1","CENG-N-AWSAccount-1@aws-avm.firstam.net","CREATED","2021-12-28 17:13:33.498000+00:00","AWS-CENG-N-1","Cloud Engineering Non Prod Workload Account","12/28/2021","N"
"183064392783","FPCC-P-AWSAccount-1","FPCC-P-AWSAccount-1@aws-avm.firstam.net","CREATED","2020-08-24 18:05:32.499000+00:00","AWS-FPCC-P-1","Property and Casualty Prod BU Account","08/24/2020","P"
"730861930009","Endpoint","mark+aws@endpointclosing.com","INVITED","2019-08-15 04:03:17.763000+00:00","","","",""
"090017674700","FALV-P-AWSAccount-1","FALV-P-AWSAccount-1@aws-avm.firstam.net","CREATED","2020-08-25 17:47:33.352000+00:00","AWS-FALV-P-1","FALive Prod Workload Account","08/25/2020","P"
"785695394081","SLGX-P-AWSAccount-1","SLGX-P-AWSAccount-1@aws-avm.firstam.net","CREATED","2021-10-03 04:08:54.251000+00:00","AWS-SLGX-P-1","Saleslogix Prod Workload Account","10/03/2021","P"
"777686487305","CSSE-P-AWSAccount-1","CSSE-P-AWSAccount-1@aws-avm.firstam.net","CREATED","2020-05-11 17:02:18.170000+00:00","AWS-CSSE-P-1","ClosingSaaS Prod Account","05/11/2020","P"
"232412747220","ARPS-N-AWSAccount-1","ARPS-N-AWSAccount-1@aws-avm.firstam.net","CREATED","2020-04-09 15:48:53.068000+00:00","AWS-ARPS-N-1","Automated Release Platform Account","04/09/2020","N"
"449859792917","FSHQ-N-AWSAccount-1","FSHQ-N-AWSAccount-1@aws-avm.firstam.net","CREATED","2020-04-22 19:22:51.992000+00:00","AWS-FSHQ-N-1","FASTSearch - Test Account","04/22/2020","N"
"588228060256","ESSC-N-AWSAccount-1","ESSC-N-AWSAccount-1@firstam.com","CREATED","2019-07-15 22:14:20.397000+00:00","AWS-ESSC-N-1","Enterprise Software Solutions Non-Prod Shared Account","07/16/2019","N"
"203472446076","PRES-S-AWSAccount-1","PRES-S-AWSAccount-1@aws-avm.firstam.net","CREATED","2021-05-24 18:01:07.512000+00:00","AWS-PRES-S-1","FAPRES - Cloud - Sandbox Account","05/24/2021","S"
"119598282828","MSAW-S-AWSAccount-1","MSAW-S-AWSAccount-1@firstam.com","CREATED","2019-02-06 18:34:43.141000+00:00","AWS-MSAW-S-1","Mortgage Solutions Sandbox Account","06/10/2019","S"
"008767339129","APTS-P-AWSAccount-1","APTS-P-AWSAccount-1@aws-avm.firstam.net","CREATED","2020-06-09 15:23:08.782000+00:00","AWS-APTS-P-1","AWS Product Team Services Prod Account","06/09/2020","P"
"958552360943","PRTO-P-AWSAccount-1","PRTO-P-AWSAccount-1@aws-avm.firstam.net","CREATED","2021-07-23 04:18:18.915000+00:00","AWS-PRTO-P-1","Property Tools Prod Workload Account","07/23/2021","P"
"218865019848","CSSE-N-AWSAccount-1","CSSE-N-AWSAccount-1@aws-avm.firstam.net","CREATED","2020-03-16 20:32:44.230000+00:00","AWS-CSSE-N-1","ClosingSaaS Account","03/16/2020","N"
"673178761128","ECLI-P-AWSAccount-1","ECLI-P-AWSAccount-1@aws-avm.firstam.net","CREATED","2021-06-23 10:13:18.350000+00:00","AWS-ECLI-P-1","Eclipse Document Prod Workload Account","06/23/2021","P"
"431328506733","NCSC-P-AWSAccount-1","NCSC-P-AWSAccount-1@aws-avm.firstam.net","CREATED","2020-09-17 00:11:31.215000+00:00","AWS-NCSC-P-1","NCS Cloud Prod Account","09/17/2020","P"
"588215532804","RAPT-P-AWSAccount-1","RAPT-P-AWSAccount-1@aws-avm.firstam.net","CREATED","2020-04-28 18:45:22.281000+00:00","AWS-RAPT-P-1","Commercial Evaluations Platform Prod Account","04/28/2020","P"
"679707503542","SNGP-S-AWSAccount-1","SNGP-S-AWSAccount-1@aws-avm.firstam.net","CREATED","2020-07-28 21:46:28.685000+00:00","AWS-SNGP-S-1","SMS Next Generation Sandbox","07/28/2020","S"
"133458880194","FA-SignatureInfo-QA","Signatureinfo-aws-qa@firstam.com","INVITED","2018-01-30 17:47:22.068000+00:00","","","",""
"004119452526","AMAD-N-AWSAccount-1","AMAD-N-AWSAccount-1@aws-avm.firstam.net","CREATED","2020-05-15 23:05:08.392000+00:00","AWS-AMAD-N-1","AWS Managed AD Dev CI Account","05/15/2020","N"
"869316567964","MYTL-P-AWSAccount-1","MYTL-P-AWSAccount-1@aws-avm.firstam.net","CREATED","2021-02-02 21:23:12.327000+00:00","AWS-MYTL-P-1","Trustlink Prod Workload Account","02/02/2021","P"
"378706261402","SMF2-N-AWSAccount-1","SMF2-N-AWSAccount-1@aws-avm.firstam.net","CREATED","2020-10-28 03:03:47.507000+00:00","AWS-SMF2-N-1","SMF2-N-AWSAccount-1","10/28/2020","N"
"332195219629","TRCS-P-AWSAccount-1","TRCS-P-AWSAccount-1@aws-avm.firstam.net","CREATED","2021-02-25 18:50:04.643000+00:00","AWS-TRCS-P-1","Total Recording System Prod Account","02/25/2021","P"
"817270636916","FAST-P-AWSAccount-2","FAST-P-AWSAccount-2@aws-avm.firstam.net","CREATED","2021-04-27 17:01:50.773000+00:00","AWS-FAST-P-2","FAST 2 Production Workload Account","04/27/2021","P"
"128046226173","FPCG-N-AWSAccount-3","FPCG-N-AWSAccount-3@aws-avm.firstam.net","CREATED","2022-01-06 10:40:50.214000+00:00","AWS-FPCG-N-3","PnC ImageRight  Non Prod Account","01/06/2022","N"
"973960905335","NCDO-P-AWSAccount-1","NCDO-P-AWSAccount-1@aws-avm.firstam.net","CREATED","2020-09-30 15:36:54.353000+00:00","AWS-NCDO-P-1","NCS Data Operations Prod Account","09/30/2020","P"
"425111580206","Signature Information Solutions","alayton@signatureinfo.com","INVITED","2018-03-20 20:48:38.983000+00:00","","","",""
"938370007875","EXTP-N-AWSAccount-1","EXTP-N-AWSAccount-1@aws-avm.firstam.net","CREATED","2021-12-03 22:15:22.984000+00:00","AWS-EXTP-N-1","Exchange Co. Transaction Platform","12/03/2021","N"
"318393703242","DDWS-N-AWSAccount-1","DDWS-N-AWSAccount-1@aws-avm.firstam.net","CREATED","2021-07-20 10:03:19.582000+00:00","AWS-DDWS-N-1","Ignite Non-Prod Workload Account","07/20/2021","N"
"155428672812","DAPS-N-AWSAccount-1","DAPS-N-AWSAccount-1@aws-avm.firstam.net","CREATED","2021-02-10 16:38:33.984000+00:00","AWS-DAPS-N-1","Data Protection (DPS) NonProd","02/10/2021","N"
"838229957442","FPCS-P-AWSAccount-1","FPCS-P-AWSAccount-1@aws-avm.firstam.net","CREATED","2020-10-16 18:42:41.575000+00:00","AWS-FPCS-P-1","PnC - Finance - Sage Fixed Asset - Prod Account","10/16/2020","P"
"728781678561","FWEB-N-AWSAccount-1","FWEB-N-AWSAccount-1@aws-avm.firstam.net","CREATED","2021-06-25 04:44:29.982000+00:00","AWS-FWEB-N-1","FASTWeb NonProd Workload Account","06/25/2021","N"
"680626761337","BDNA-N-AWSAccount-1","BDNA-N-AWSAccount-1@aws-avm.firstam.net","CREATED","2021-08-18 04:06:13.355000+00:00","AWS-BDNA-N-1","Data Platform NonProd Workload Account","08/18/2021","N"
"982242852082","CODM-N-AWSAccount-1","CODM-N-AWSAccount-1@aws-avm.firstam.net","CREATED","2020-04-21 00:22:06.978000+00:00","AWS-CODM-N-1","Computer Object and DNS Management Account","04/21/2020","N"
"473103649456","SDLP-P-AWSAccount-1","SDLP-P-AWSAccount-1@aws-avm.firstam.net","CREATED","2021-11-03 04:10:03.499000+00:00","AWS-SDLP-P-1","SDLP Prod Workload Account","11/03/2021","P"
"953712168403","LVIS-N-AWSAccount-1","LVIS-N-AWSAccount-1@aws-avm.firstam.net","CREATED","2020-04-23 13:18:00.615000+00:00","AWS-LVIS-N-1","LVIS Terminal Non-Prod Account","04/23/2020","N"
"216414342902","AWSI-N-AWSAccount-3","AWSI-N-AWSAccount-3@firstam.com","CREATED","2019-05-28 23:18:50.505000+00:00","","","",""
"334731843098","FWAA-N-AWSAccount-1","FWAA-N-AWSAccount-1@aws-avm.firstam.net","CREATED","2020-07-03 14:04:44.989000+00:00","AWS-FWAA-N-1","Firewall Rule Automation Non Prod Account","07/03/2020","N"
"811997719558","TADM-N-AWSAccount-1","TADM-N-AWSAccount-1@aws-avm.firstam.net","CREATED","2020-05-05 18:12:56.510000+00:00","AWS-TADM-N-1","TIBCO Enterprise Service Bus (Administrator) - QA Account","05/05/2020","N"
"647323472008","IFSB-N-AWSAccount-2","IFSB-N-AWSAccount-2@firstam.com","CREATED","2019-09-13 08:59:50.287000+00:00","AWS-IFSB-N-2","Corp InfoSec Non-Prod Account 2","09/16/2019","N"
"619241336199","ESTS-P-AWSAccount-1","ESTS-P-AWSAccount-1@aws-avm.firstam.net","CREATED","2021-07-27 04:13:36.303000+00:00","AWS-ESTS-P-1","eStatus Prod Workload Account","07/27/2021","P"
"229386386935","TADM-P-AWSAccount-1","TADM-P-AWSAccount-1@aws-avm.firstam.net","CREATED","2020-05-05 18:55:33.977000+00:00","AWS-TADM-P-1","TIBCO Enterprise Service Bus (Administrator) - Prod Account","05/05/2020","P"
"500375741937","EDWL-N-AWSAccount-1","EDWL-N-AWSAccount-1@aws-avm.firstam.net","CREATED","2020-06-22 22:57:55.822000+00:00","AWS-EDWL-N-1","Ent Data Warehouse and Data Lake Workload Account","06/22/2020","N"
"018784592384","DFSV-P-AWSAccount-1","DFSV-P-AWSAccount-1@aws-avm.firstam.net","CREATED","2020-09-09 14:54:41.406000+00:00","AWS-DFSV-P-1","Distributed File Services Prod Account","09/09/2020","P"
"476402370599","SCCM-P-AWSAccount-1","SCCM-P-AWSAccount-1@aws-avm.firstam.net","CREATED","2020-06-03 18:05:30.266000+00:00","AWS-SCCM-P-1","System Center: Configuration Manager Prod Account","06/03/2020","P"
"963783416191","DNAE-N-AWSAccount-1","DNAE-N-AWSAccount-1@aws-avm.firstam.net","CREATED","2021-11-02 17:23:44.890000+00:00","AWS-DNAE-N-1","DNA East Non-Prod VPC Account","11/02/2021","N"
"599364200542","TAAS-P-AWSAccount-1","TAAS-P-AWSAccount-1@aws-avm.firstam.net","CREATED","2021-11-18 08:33:26.555000+00:00","AWS-TAAS-P-1","Tanium Production Account","11/18/2021","P"
"036026128280","ALGO-P-AWSAccount-1","ALGO-P-AWSAccount-1@aws-avm.firstam.net","CREATED","2022-04-07 18:48:34.687000+00:00","AWS-ALGO-P-1","AlgoSec SecOps Prod Workload Account","04/07/2022","P"
"560688730906","SCCM-N-AWSAccount-1","SCCM-N-AWSAccount-1@aws-avm.firstam.net","CREATED","2020-06-03 19:30:12.226000+00:00","AWS-SCCM-N-1","System Center: Configuration Manager DR Account","06/03/2020","N"
"664688130911","FUEL-P-AWSAccount-1","FUEL-P-AWSAccount-1@aws-avm.firstam.net","CREATED","2020-04-17 17:18:46.965000+00:00","AWS-FUEL-P-1","FUEL Account","04/17/2020","P"
"292801602239","CODM-P-AWSAccount-1","CODM-P-AWSAccount-1@aws-avm.firstam.net","CREATED","2020-04-21 00:29:05.703000+00:00","AWS-CODM-P-1","CODM-P-AWSAccount-1","04/21/2020","P"
"604871292778","SKYE-P-AWSAccount-1","SKYE-P-AWSAccount-1@aws-avm.firstam.net","CREATED","2021-10-06 04:59:48.370000+00:00","AWS-SKYE-P-1","SkyEye Prod Workload Account","10/06/2021","P"
"433155785186","TSTA-S-AWSAccount-1","TSTA-S-AWSAccount-1@firstam.com","CREATED","2019-11-04 23:39:48.953000+00:00","AWS-TSTA-S-1","FA Trust Sandbox AWS Account","05/11/2019","S"
"942939278064","DMSS-P-AWSAccount-1","DMSS-P-AWSAccount-1@aws-avm.firstam.net","CREATED","2021-05-01 04:35:41.817000+00:00","AWS-DMSS-P-1","Document Management Service Prod Account","05/01/2021","P"
"410964422758","FATE-P-AWSAccount-1","FATE-P-AWSAccount-1@aws-avm.firstam.net","CREATED","2020-04-17 17:07:45.753000+00:00","AWS-FATE-P-1","FATES Account","04/17/2020","P"
"288650527476","FAIB-N-AWSAccount-1","FAIB-N-AWSAccount-1@aws-avm.firstam.net","CREATED","2020-04-15 14:19:23.267000+00:00","AWS-FAIB-N-1","FA Image Bakery Account","04/15/2020","N"
"816889987077","IGRE-P-AWSAccount-1","IGRE-P-AWSAccount-1@aws-avm.firstam.net","CREATED","2020-09-28 12:37:53.440000+00:00","AWS-IGRE-P-1","IgniteRE Production Account","09/28/2020","P"
"582735042212","DSML-N-AWSAccount-1","DSML-N-AWSAccount-1@aws-avm.firstam.net","CREATED","2022-08-22 23:00:42.213000+00:00","AWS-DSML-N-1","Machine Learning Ecosystem Workload Account","08/22/2022","N"
"851782126818","APPT-P-AWSAccount-1","APPT-P-AWSAccount-1@aws-avm.firstam.net","CREATED","2020-09-16 16:45:10.353000+00:00","AWS-APPT-P-1","Apptio Prod Account","09/16/2020","P"
"395565680775","ANT2-S-AWSAccount-1","ANT2-S-AWSAccount-1@aws-avm.firstam.net","CREATED","2020-07-29 19:18:36.459000+00:00","AWS-ANT2-S-1","AgentNet2 Sandbox Account","07/29/2020","S"
"849389279293","FUEL-N-AWSAccount-1","FUEL-N-AWSAccount-1@aws-avm.firstam.net",,,"AWS-FUEL-N-1","FUEL Account","04/21/2020","N"
