{
    "$schema": "https://schema.management.azure.com/schemas/2019-04-01/deploymentTemplate.json#",
    "contentVersion": "1.0.0.0",
    "parameters": {
        "aseName": {
            "type": "string",
            "metadata": {
                "description": "Name of the App Service Environment"
            }
        },
        "location": {
            "type": "string",
            "metadata": {
                "description": "Location of the App Service Environment"
            }
        },
        "dedicatedHostCount": {
            "type": "int",
        "metadata": {
                "description": "0 = App Service Environments can be deployed to a host group for an additional charge, 2 = Two dedicated hosts will be deployed which will host your ASE for an additional charge."
            }
        },
        "zoneRedundant": {
            "type": "bool",
            "defaultValue": false
        },
        "subnetId": {
            "type": "string",
            "metadata": {
                "description": "Subnet ID that will contain the App Service Environment"
            }
        },
        "InternalLoadBalancingMode": {
            "type": "int",
            "defaultValue": 3,
            "allowedValues": [
                3
            ],
            "metadata": {
                "description": "0 = public VIP only, 1 = only ports 80/443 are mapped to ILB VIP, 2 = only FTP ports are mapped to ILB VIP, 3 = both ports 80/443 and FTP ports are mapped to an ILB VIP."
            }
        }
    },
    "resources": [
        {
            "apiVersion": "2019-08-01",
            "type": "Microsoft.Web/hostingEnvironments",
            "name": "[parameters('aseName')]",
            "kind": "ASEV3",
            "location": "[parameters('location')]",
            "properties": {
                "name": "[parameters('aseName')]",
                "location": "[parameters('location')]",
                "dedicatedHostCount": "[parameters('dedicatedHostCount')]",
                "zoneRedundant": "[parameters('zoneRedundant')]",
                "InternalLoadBalancingMode": "[parameters('InternalLoadBalancingMode')]",
                "virtualNetwork": {
                    "Id": "[parameters('subnetId')]"
                },
                "clusterSettings": [
                    {
                        "name": "FrontEndSSLCipherSuiteOrder",
                        "value": "TLS_ECDHE_RSA_WITH_AES_256_GCM_SHA384,TLS_ECDHE_RSA_WITH_AES_128_GCM_SHA256,TLS_ECDHE_RSA_WITH_AES_256_CBC_SHA384,TLS_ECDHE_RSA_WITH_AES_128_CBC_SHA256,TLS_RSA_WITH_AES_256_GCM_SHA384,TLS_RSA_WITH_AES_128_GCM_SHA256,TLS_RSA_WITH_AES_256_CBC_SHA256,TLS_RSA_WITH_AES_128_CBC_SHA256"
                    },
                    {
                        "name": "DisableTls1.0",
                        "value": "1"
                    },
                    {
                        "name": "InternalEncryption",
                        "value": "true"
                    }
                ]
            },
            "tags": {
                "ApplicationServiceNumber": "[resourceGroup().tags.ApplicationServiceNumber]",
                "BusinessApplicationNumber": "[resourceGroup().tags.BusinessApplicationNumber]"
            }
        }
    ]
}