{
  "securityRules": [
    {
      "name": "Allow_Inbound_AzureLoadBalancer",
      "access": "Allow",
      "direction": "Inbound",
      "priority": 1001,
      "protocol": "*",
      "sourcePortRange": [
        "*"
      ],
      "destinationPortRange": [
        "*"
      ],
      "sourceAddressPrefix": [
        "AzureLoadBalancer"
      ],
      "destinationAddressPrefix": [
        "*"
      ]
    },
    {
      "name": "Allow_Inbound_CorporateEnterpriseMgmtAccess",
      "description": "Access from Corporate networks",
      "access": "Allow",
      "direction": "Inbound",
      "priority": 2001,
      "protocol": "*",
      "sourcePortRange": [
        "*"
      ],
      "destinationPortRange": [
        "*"
      ],
      "sourceAddressPrefix": [
        "10.36.206.0/24",
        "10.46.206.0/24",
        "10.34.252.0/24",
        "172.17.255.0/24",
        "172.22.186.0/24",
        "10.65.11.36",
        "10.65.11.37"
      ],
      "destinationAddressPrefix": [
        "*"
      ]
    },
    {
      "name": "Allow_Inbound_ServiceFirstMIDServerAccess",
      "access": "Allow",
      "direction": "Inbound",
      "priority": 2003,
      "protocol": "*",
      "sourcePortRange": [
        "*"
      ],
      "destinationPortRange": [
        "*"
      ],
      "sourceAddressPrefix": [
        "10.65.10.112/28",
        "10.65.88.112/28",
        "10.66.6.160/28",
        "10.71.122.192/28",
        "10.71.122.208/28",
        "10.74.124.16/28",
        "10.74.124.32/28"
      ],
      "destinationAddressPrefix": [
        "*"
      ]
    },
    {
      "name": "Allow_Inbound_SecOpsSecurityScanners",
      "description": "This allows something inbound",
      "access": "Allow",
      "direction": "Inbound",
      "priority": 2004,
      "protocol": "*",
      "sourcePortRange": [
        "*"
      ],
      "destinationPortRange": [
        "*"
      ],
      "sourceAddressPrefix": [
        "172.23.124.10",
        "172.26.25.219",
        "172.28.1.232",
        "172.17.100.25",
        "10.65.5.208/28",
        "172.17.22.126",
        "172.17.22.127",
        "172.17.22.128",
        "172.17.255.42",
        "172.17.255.43",
        "172.17.255.44",
        "172.17.255.48",
        "172.17.255.49",
        "10.66.13.64/27",
        "10.65.38.64/27",
        "10.65.53.64/27"
      ],
      "destinationAddressPrefix": [
        "*"
      ]
    },
    {
      "name": "Allow_Inbound_Networker",
      "access": "Allow",
      "direction": "Inbound",
      "priority": 2005,
      "protocol": "*",
      "sourcePortRange": [
        "*"
      ],
      "destinationPortRange": [
        "111",
        "514",
        "443",
        "7937-9936"
      ],
      "sourceAddressPrefix": [
        "10.35.138.49",
        "10.35.138.50",
        "10.35.138.63",
        "172.17.116.71",
        "10.64.191.55"
      ],
      "destinationAddressPrefix": [
        "*"
      ]
    },
    {
      "name": "Allow_Inbound_SystemAdminAccess",
      "access": "Allow",
      "direction": "Inbound",
      "priority": 2006,
      "protocol": "*",
      "sourcePortRange": [
        "*"
      ],
      "destinationPortRange": [
        "22",
        "80",
        "443",
        "445",
        "3389",
        "5985",
        "5986"
      ],
      "sourceAddressPrefix": [
        "172.17.68.0/23",
        "172.17.80.0/23",
        "172.23.122.0/23",
        "172.23.178.0/23",
        "10.24.160.0/19",
        "10.24.200.0/21",
        "10.34.160.0/19",
        "10.34.196.0/22",
        "10.34.200.0/21",
        "10.35.160.0/19",
        "10.35.192.0/21",
        "10.44.160.0/19",
        "10.44.196.0/22",
        "10.44.200.0/21",
        "10.37.160.0/19",
        "10.37.192.0/19"
      ],
      "destinationAddressPrefix": [
        "*"
      ]
    },
    {
      "name": "Allow_Inbound_SCCM_Servers",
      "access": "Allow",
      "direction": "Inbound",
      "priority": 2007,
      "protocol": "*",
      "sourcePortRange": [
        "*"
      ],
      "destinationPortRange": [
        "135",
        "137",
        "445",
        "80",
        "443",
        "10123",
        "8530",
        "8531",
        "88",
        "389",
        "636",
        "1024-5000",
        "49152-65535"
      ],
      "sourceAddressPrefix": [
        "10.36.206.221",
        "10.36.206.206",
        "10.36.206.157",
        "10.36.206.165",
        "10.65.45.96/27",
        "10.66.5.224/27",
        "10.65.7.214",
        "10.65.7.219",
        "10.65.7.221"
      ],
      "destinationAddressPrefix": [
        "*"
      ]
    },
    {
      "name": "Allow_Inbound_UnixMgmtScripts",
      "access": "Allow",
      "direction": "Inbound",
      "priority": 2008,
      "protocol": "TCP",
      "sourcePortRange": [
        "*"
      ],
      "destinationPortRange": [
        "22"
      ],
      "sourceAddressPrefix": [
        "172.17.255.69",
        "10.65.7.48/28"
      ],
      "destinationAddressPrefix": [
        "*"
      ]
    },
    {
      "name": "Allow_Inbound_SpaceWalk",
      "access": "Allow",
      "direction": "Inbound",
      "priority": 2009,
      "protocol": "TCP",
      "sourcePortRange": [
        "*"
      ],
      "destinationPortRange": [
        "80",
        "443"
      ],
      "sourceAddressPrefix": [
        "10.65.7.16/28"
      ],
      "destinationAddressPrefix": [
        "*"
      ]
    },
    {
      "name": "Allow_Inbound_ICMP",
      "access": "Allow",
      "direction": "Inbound",
      "priority": 2010,
      "protocol": "ICMP",
      "sourcePortRange": [
        "*"
      ],
      "destinationPortRange": [
        "*"
      ],
      "sourceAddressPrefix": [
        "*"
      ],
      "destinationAddressPrefix": [
        "*"
      ]
    },
    {
      "name": "Allow_Inbound_Splunk",
      "access": "Allow",
      "direction": "Inbound",
      "priority": 2011,
      "protocol": "TCP",
      "sourcePortRange": [
        "*"
      ],
      "destinationPortRange": [
        "8089"
      ],
      "sourceAddressPrefix": [
        "10.65.6.134"
      ],
      "destinationAddressPrefix": [
        "*"
      ]
    },
    {
      "name": "Allow_Inbound_ESS_Servers",
      "description": "Allow SQL connections from ESS Servers",
      "access": "Allow",
      "direction": "Inbound",
      "priority": 2012,
      "protocol": "TCP",
      "sourcePortRange": [
        "*"
      ],
      "destinationPortRange": [
        "1433"
      ],
      "sourceAddressPrefix": [
        "10.65.38.37",
        "10.65.38.38",
        "10.65.38.39",
        "10.66.13.148",
        "10.66.13.149"
      ],
      "destinationAddressPrefix": [
        "*"
      ]
    },
    {
      "name": "Allow_Inbound_DistFileServices",
      "access": "Allow",
      "direction": "Inbound",
      "priority": 2013,
      "protocol": "TCP",
      "sourcePortRange": [
        "*"
      ],
      "destinationPortRange": [
        "445"
      ],
      "sourceAddressPrefix": [
        "10.74.122.124",
        "10.74.122.126",
        "10.74.122.120",
        "10.65.46.213",
        "10.65.46.215",
        "172.17.236.164",
        "10.192.3.64"
      ],
      "destinationAddressPrefix": [
        "*"
      ]
    },
    {
      "name": "Allow_Inbound_SCCM_Internal",
      "access": "Allow",
      "direction": "Inbound",
      "priority": 2014,
      "protocol": "TCP",
      "sourcePortRange": [
        "*"
      ],
      "destinationPortRange": [
        "49152-65535",
        "1024-5000",
        "445",
        "135"
      ],
      "sourceAddressPrefix": [
        "10.64.104.100"
      ],
      "destinationAddressPrefix": [
        "*"
      ]
    },
    {
      "name": "Allow_Inbound_VISM",
      "access": "Allow",
      "direction": "Inbound",
      "priority": 2015,
      "protocol": "TCP",
      "sourcePortRange": [
        "*"
      ],
      "destinationPortRange": [
        "80",
        "443"
      ],
      "sourceAddressPrefix": [
        "10.65.39.132",
        "10.65.39.133",
        "10.65.39.134"
      ],
      "destinationAddressPrefix": [
        "10.0.0.0/8",
        "172.16.0.0/12",
        "192.168.0.0/16"
      ]
    },
    {
      "name": "Allow_Inbound_Employee_HTTPS",
      "access": "Allow",
      "direction": "Inbound",
      "priority": 2016,
      "protocol": "TCP",
      "sourcePortRange": [
        "*"
      ],
      "destinationPortRange": [
        "443"
      ],
      "sourceAddressPrefix": [
        "10.38.0.0/16",
        "10.39.0.0/16"
      ],
      "destinationAddressPrefix": [
        "*"
      ]
    },
    {
      "name": "Allow_Inbound_CyberArkAccess_1",
      "access": "Allow",
      "direction": "Inbound",
      "priority": 3000,
      "protocol": "TCP",
      "sourcePortRange": [
        "*"
      ],
      "destinationPortRange": [
        "22",
        "135",
        "139",
        "445",
        "1433",
        "3389",
        "49152-65535"
      ],
      "sourceAddressPrefix": [
        "10.74.37.0/27",
        "10.74.37.64/27",
        "10.65.37.224/27",
        "10.74.91.160/27",
        "10.74.91.192/27"
      ],
      "destinationAddressPrefix": [
        "*"
      ]
    },
    {
      "name": "Allow_Inbound_ELK_Access",
      "access": "Allow",
      "direction": "Inbound",
      "priority": 3001,
      "protocol": "TCP",
      "sourcePortRange": [
        "*"
      ],
      "destinationPortRange": [
        "80",
        "443",
        "8080",
        "8443",
        "9243"
      ],
      "sourceAddressPrefix": [
        "10.71.123.32/28",
        "10.74.123.128/28",
        "10.76.93.32/28",
        "10.65.5.96/28",
        "10.66.6.16/28",
        "10.65.18.112/28",
        "10.74.124.0/28",
        "10.71.123.48/28"
      ],
      "destinationAddressPrefix": [
        "*"
      ]
    },
    {
      "name": "Allow_Inbound_ACES_Servers",
      "access": "Allow",
      "direction": "Inbound",
      "priority": 3002,
      "protocol": "*",
      "sourcePortRange": [
        "*"
      ],
      "destinationPortRange": [
        "22",
        "5985-5986"
      ],
      "sourceAddressPrefix": [
        "10.74.169.128/26",
        "10.74.169.0/26",
        "10.74.57.0/26",
        "10.74.58.64/26"
      ],
      "destinationAddressPrefix": [
        "*"
      ]
    },
    {
      "name": "Deny_Inbound",
      "access": "Deny",
      "direction": "Inbound",
      "priority": 4000,
      "protocol": "*",
      "sourcePortRange": [
        "*"
      ],
      "destinationPortRange": [
        "*"
      ],
      "sourceAddressPrefix": [
        "*"
      ],
      "destinationAddressPrefix": [
        "*"
      ]
    },
    {
      "name": "Allow_Inbound_CERT",
      "description": "REQ3423828",
      "access": "Allow",
      "direction": "Inbound",
      "priority": 2017,
      "protocol": "TCP",
      "sourcePortRange": [
        "*"
      ],
      "destinationPortRange": [
        "5986"
      ],
      "sourceAddressPrefix": [
        "10.65.37.176/28",
        "10.67.21.16/28"
      ],
      "destinationAddressPrefix": [
        "*"
      ]
    }
  ]
}