{
    "$schema": "https://schema.management.azure.com/schemas/2019-04-01/deploymentTemplate.json#",
    "contentVersion": "1.0.0.0",
    "parameters": {
        "disablePublicIp": {
            "type": "bool",
            "defaultValue": true,
            "metadata": {
                "description": "Specifies whether to deploy Azure Databricks workspace with Secure Cluster Connectivity (No Public IP) enabled or not"
            }
        },
        "workspaceName": {
            "type": "string",
            "metadata": {
                "description": "The name of the Azure Databricks workspace to create."
            }
        },
        "managedResourceGroupName": {
            "type": "string",
            "metadata": {
                "description": "The name of the Azure Databricks Managed Resource Group to create."
            }
        },
        "pricingTier": {
            "defaultValue": "premium",
            "allowedValues": [
                "trial",
                "standard",
                "premium"
            ],
            "type": "string",
            "metadata": {
                "description": "The pricing tier of workspace."
            }
        },
        "customVirtualNetworkId": {
            "type": "string",
            "metadata": {
                "description": "The complete ARM resource Id of the custom virtual network."
            }
        },
        "customPublicSubnetName": {
            "type": "string",
            "defaultValue": "public-subnet",
            "metadata": {
                "description": "The name of the public subnet in the custom VNet."
            }
        },
        "customPrivateSubnetName": {
            "type": "string",
            "defaultValue": "private-subnet",
            "metadata": {
                "description": "The name of the private subnet in the custom VNet."
            }
        },
        "diagnosticSettingsName": {
            "type": "string",
            "defaultValue": "Databricks-Diagnostics",
            "metadata": {
                "description": "The name of the diagnostic settings for Azure Databricks."
            }
        },
        "eventHubAuthorizationRuleId": {
            "type": "string",
            "metadata": {
                "description": "The full Resource ID of the Event Hub Rule."
            }
        },
        "eventHubName": {
            "type": "string",
            "metadata": {
                "description": "The Name of the Event Hub to send logs to."
            }
        },
        "location": {
            "type": "string",
            "defaultValue": "[resourceGroup().location]",
            "metadata": {
                "description": "Location for all resources."
            }
        }
    },
    "variables": {
        "managedResourceGroupId": "[subscriptionResourceId('Microsoft.Resources/resourceGroups', variables('managedResourceGroupName'))]",
        "managedResourceGroupName": "[parameters('managedResourceGroupName')]"
    },
    "resources": [
        {
            "comments": "The resource group specified will be locked after deployment.",
            "type": "Microsoft.Databricks/workspaces",
            "apiVersion": "2018-04-01",
            "name": "[parameters('workspaceName')]",
            "location": "[parameters('location')]",
            "sku": {
                "name": "[parameters('pricingTier')]"
            },
            "tags": {
                "ApplicationServiceNumber": "[resourceGroup().tags.ApplicationServiceNumber]",
                "BusinessApplicationNumber": "[resourceGroup().tags.BusinessApplicationNumber]"
            },
            "properties": {
                "managedResourceGroupId": "[variables('managedResourceGroupId')]",
                "parameters": {
                    "customVirtualNetworkId": {
                        "value": "[parameters('customVirtualNetworkId')]"
                    },
                    "customPublicSubnetName": {
                        "value": "[parameters('customPublicSubnetName')]"
                    },
                    "customPrivateSubnetName": {
                        "value": "[parameters('customPrivateSubnetName')]"
                    },
                    "enableNoPublicIp": {
                        "value": "[parameters('disablePublicIp')]"
                    }
                }
            }
        },
        {
            "type": "Microsoft.Databricks/workspaces/providers/diagnosticSettings",
            "apiVersion": "2017-05-01-preview",
            "name": "[concat(parameters('workspaceName'), '/Microsoft.Insights/', parameters('diagnosticSettingsName'))]",
            "dependsOn": [ "[resourceId('Microsoft.Databricks/workspaces', parameters('workspaceName'))]" ],
            "properties": {
                "eventHubAuthorizationRuleId": "[parameters('eventHubAuthorizationRuleId')]",
                "eventHubName": "[parameters('eventHubName')]",
                "logs": [
                    {
                        "category": "dbfs",
                        "enabled": true
                    },
                    {
                        "category": "clusters",
                        "enabled": true
                    },
                    {
                        "category": "accounts",
                        "enabled": true
                    },
                    {
                        "category": "jobs",
                        "enabled": true
                    },
                    {
                        "category": "notebook",
                        "enabled": true
                    },
                    {
                        "category": "ssh",
                        "enabled": true
                    },
                    {
                        "category": "workspace",
                        "enabled": true
                    },
                    {
                        "category": "secrets",
                        "enabled": true
                    },
                    {
                        "category": "sqlPermissions",
                        "enabled": true
                    },
                    {
                        "category": "instancePools",
                        "enabled": true
                    },
                    {
                        "category": "sqlanalytics",
                        "enabled": true
                    },
                    {
                        "category": "genie",
                        "enabled": true
                    },
                    {
                        "category": "globalInitScripts",
                        "enabled": true
                    },
                    {
                        "category": "iamRole",
                        "enabled": true
                    },
                    {
                        "category": "mlflowExperiment",
                        "enabled": true
                    },
                    {
                        "category": "featureStore",
                        "enabled": true
                    },
                    {
                        "category": "RemoteHistoryService",
                        "enabled": true
                    },
                    {
                        "category": "mlflowAcledArtifact",
                        "enabled": true
                    }
                ]
            }
        }
    ]
}