<?xml version="1.0" encoding="utf-8"?>
<Composite Version="2.0">
    <Roles>
        <Role Name="STD" Version="1.0">
            <Components />
        </Role>
        <Role Name="AUT" Version="1.0">
            <Components>
                <Component Name=".NET Framework 3.5"/>
            </Components>
        </Role>
        <Role Name="BAT" Version="1.0">
            <Components>
                <Component Name=".NET Framework 3.5"/>
                <Component Name="IIS 8.0"/>
                <Component Name="MSMQ"/>
                <Component Name="SMTP"/>
				<Component Name="SQL2012SP1-Dev-1-BAT"/>
				<Component Name="RightFax Client (copy only)"/>
                <Component Name="Ingrian Client"/>
            </Components>
        </Role>
        <Role Name="CHK" Version="1.0">
            <Components>
                <Component Name=".NET Framework 3.5"/>
                <Component Name="MSMQ"/>
                <Component Name="FAST Fonts"/>
                <Component Name="Ingrian Client"/>
                <Component Name="Latex"/>
                <Component Name="Ghostscript"/>
                <Component Name="Systemprofile Desktop Folder"/>
            </Components>
        </Role>
        <Role Name="DLV (Legacy)" Version="1.0">
            <Components>
                <Component Name=".NET Framework 3.5"/>
                <Component Name="MSMQ"/>
                <Component Name="SMTP"/>
                <Component Name="Systemprofile Desktop Folder"/>
                <Component Name="Configure AutoAdminLogon"/>
                <Component Name="Skyline Tools 2.0"/>
                <Component Name="ILDocOcx"/>
                <Component Name="Word 2000"/>
                <Component Name="Word And Excel 2007"/>
                <Component Name="DLV Printers"/>
                <Component Name="FAST Fonts"/>
                <Component Name="RightFax Client (copy only)"/>
                <Component Name="Ingrian Client"/>
                <Component Name="Adobe Acrobat"/>
                <Component Name="Adobe FASTROBOT Reg Keys"/>
            </Components>
        </Role>
        <Role Name="DLV (SPDP)" Version="1.0">
            <Components>
                <Component Name=".NET Framework 3.5"/>
                <Component Name="IIS 8.0"/>
                <Component Name="MSMQ"/>
                <Component Name="Ingrian Client"/>
            </Components>
        </Role>
        <Role Name="DRS" Version="1.0">
            <Components>
                <Component Name="DRS Shares"/>
            </Components>
        </Role>
        <Role Name="EVT" Version="1.0">
            <Components>
                <Component Name=".NET Framework 3.5"/>
                <Component Name="MSMQ"/>
                <Component Name="Ingrian Client"/>
            </Components>
        </Role>
        <Role Name="IIS" Version="1.0">
            <Components>
                <Component Name=".NET Framework 3.5"/>
                <Component Name="IIS 8.0"/>
                <Component Name="MSMQ"/>
                <Component Name="Allow Unspecified ISAPI Modules"/>
                <Component Name="Enable ISAPI Handler Mappings"/>
                <Component Name="MIME Type Addition .PRN"/>
                <Component Name="Update Default Website Home Directory"/>
                <Component Name="Ingrian Client"/>
            </Components>
        </Role>
        <Role Name="INT" Version="1.0">
            <Components>
                <Component Name=".NET Framework 3.5"/>
                <Component Name="IIS 8.0"/>
                <Component Name="MSMQ"/>
                <Component Name="Allow Unspecified CGI Modules"/>
                <Component Name="Allow Unspecified ISAPI Modules"/>
                <Component Name="SOAP Toolkit"/>
                <Component Name="Microsoft WSE"/>
                <Component Name="Ingrian Client"/>
            </Components>
        </Role>
        <Role Name="REP" Version="1.0">
            <Components>
                <Component Name=".NET Framework 3.5"/>              
                <Component Name="IIS 8.0"/>
                <Component Name="MIME Type Addition .MSG"/>
                <Component Name="Allow Unspecified CGI Modules"/>
                <Component Name="Allow Unspecified ISAPI Modules"/>
                <Component Name="Enable ISAPI Handler Mappings"/>
                <Component Name="DOC2NET"/>
                <Component Name="Ingrian Client"/>
            </Components>
        </Role>
		<Role Name="SQL (FASTPROD and Workflow)" Version="1.0">
            <Components>
                <Component Name=".NET Framework 3.5"/>
                <Component Name="SQL2012SP1-Dev-FASTPRODandWorkflow"/>
			</Components>
        </Role>
        <Role Name="SQL (Imaging and DocPrep)" Version="1.0">
            <Components>
                <Component Name=".NET Framework 3.5"/>
                <Component Name="SQL2012SP1-Dev-ImagingandDocPrep"/>
			</Components>
        </Role>
        <Role Name="SQL (SPDP)" Version="1.0">
            <Components>
                <Component Name=".NET Framework 3.5"/>
				<Component Name="SQL2012SP1-Dev-SPDP"/>
            </Components>
        </Role>
        <Role Name="TPQ" Version="1.0">
            <Components>
                <Component Name="MSMQ"/>
                <Component Name="TPQ Queues"/>
            </Components>
        </Role>
        <Role Name="WAS (SPDP)" Version="1.0">
            <Components>
                <Component Name=".NET Framework 3.5"/>
                <Component Name="IIS 8.0"/>
                <Component Name="SharePoint 2013 (copy only)"/>
            </Components>
        </Role>
        <Role Name="WFE" Version="1.0">
            <Components>
                <Component Name=".NET Framework 3.5"/>
                <Component Name="MSMQ"/>
                <Component Name="SMTP"/>
                <Component Name="Systemprofile Desktop Folder"/>
                <Component Name="Configure AutoAdminLogon"/>
                <Component Name="Skyline Tools 2.0"/>
                <Component Name="ILDocOcx"/>
                <Component Name="Ghostscript"/>
                <Component Name="Word And Excel 2007"/>
                <Component Name="DLV Printers"/>
                <Component Name="FAST Fonts"/>
                <Component Name="RightFax Client (copy only)"/>
                <Component Name="Ingrian Client"/>
                <Component Name="Adobe Acrobat"/>
                <Component Name="Adobe FASTROBOT Reg Keys"/>
            </Components>
        </Role>
    </Roles>
    <Installables>
        <Installable Name="">
            <Variable/>
            <Resource/>
            <LocalConfig>False</LocalConfig>
            <CfgItem>
            </CfgItem>
        </Installable>
        <Installable Name=".NET Framework 3.5">
            <Variable/>
            <Resource/>
            <CfgItem>
                Script StartCopyOSLog                
                {
                    GetScript = { @{ Result = $Null } }
                    SetScript = 
                    {
                        $Message = "Copying OS files..."
                        $Status = "InProgress"
                        $LogEntry = "&lt;![LOG[$Message]LOG]!&gt;&lt;time=`"$(Get-Date -Format HH:mm:ss.ffff)`" date=`"$(Get-Date -Format MM-dd-yyyy)`" component=`"$env:COMPUTERNAME`" type=`"Verbose`" status=`"$Status`"&gt;"
                        Add-Content -Path "$using:LogFile" -Value $LogEntry
                    }
                    TestScript = { $False }
                }
                
                # Copy OS files
                File CopyOSImage
                {
                    Ensure = "Present"
                    Type = "Directory"
                    Recurse = $True 
                    SourcePath = "$SoftwareSource\PKG\Microsoft\Windows Server\2012\sources\sxs"
                    DestinationPath = "$LocalSoftwareSource\sxs"
                    DependsOn = "[Script]StartCopyOSLog"                
                }
                
                Script StartNetFramework35Install
                {
                    GetScript = { @{ Result = $Null } }
                    SetScript = 
                    {
                        $Message = "Installing .NET Framework 3.5..."
                        $Status = "InProgress"
                        $LogEntry = "&lt;![LOG[$Message]LOG]!&gt;&lt;time=`"$(Get-Date -Format HH:mm:ss.ffff)`" date=`"$(Get-Date -Format MM-dd-yyyy)`" component=`"$env:COMPUTERNAME`" type=`"Verbose`" status=`"$Status`"&gt;"
                        Add-Content -Path "$using:LogFile" -Value $LogEntry
                    }
                    TestScript = { $False }
                    DependsOn = "[File]CopyOSImage"
                }
                
                # Install .NET Framework 3.5
                WindowsFeature NetFramework35 
                {
                    Ensure = "Present"
                    Name = "NET-Framework-Core"
                    Source = "$LocalSoftwareSource\sxs"
                    DependsOn = "[Script]StartNetFramework35Install"
                }
            </CfgItem>
        </Installable>
        <Installable Name=".NET Framework 3.5 Windows 2012R2">
            <Variable/>
            <Resource/>
            <CfgItem>
                Script StartCopyOSLog
                {
                    GetScript = { @{ Result = $Null } }
                    SetScript =
                    {
                        $Message = "Copying OS files..."
                        $Status = "InProgress"
                        $LogEntry = "&lt;![LOG[$Message]LOG]!&gt;&lt;time=`"$(Get-Date -Format HH:mm:ss.ffff)`" date=`"$(Get-Date -Format MM-dd-yyyy)`" component=`"$env:COMPUTERNAME`" type=`"Verbose`" status=`"$Status`"&gt;"
                        Add-Content -Path "$using:LogFile" -Value $LogEntry
                    }
                TestScript = { $False }
                }

                # Copy OS files
                File CopyOSImage
                {
                    Ensure = "Present"
                    Type = "Directory"
                    Recurse = $True
                    SourcePath = "$SoftwareSource\PKG\Microsoft\Windows Server\2012R2\sources\sxs"
                    DestinationPath = "$LocalSoftwareSource\sxs"
                    DependsOn = "[Script]StartCopyOSLog"
                }

                Script StartNetFramework35Install
                {
                    GetScript = { @{ Result = $Null } }
                    SetScript =
                    {
                        $Message = "Installing .NET Framework 3.5..."
                        $Status = "InProgress"
                        $LogEntry = "&lt;![LOG[$Message]LOG]!&gt;&lt;time=`"$(Get-Date -Format HH:mm:ss.ffff)`" date=`"$(Get-Date -Format MM-dd-yyyy)`" component=`"$env:COMPUTERNAME`" type=`"Verbose`" status=`"$Status`"&gt;"
                        Add-Content -Path "$using:LogFile" -Value $LogEntry
                    }
                    TestScript = { $False }
                    DependsOn = "[File]CopyOSImage"
                }

                # Install .NET Framework 3.5
                WindowsFeature NetFramework35
                {
                    Ensure = "Present"
                    Name = "NET-Framework-Core"
                    Source = "$LocalSoftwareSource\sxs"
                    DependsOn = "[Script]StartNetFramework35Install"
                }
            </CfgItem>
        </Installable>
        <Installable Name="Adobe Acrobat">
            <Variable/>
            <Resource/>
            <CfgItem>
                Script AdobeInstallLog
                {
                    GetScript = { @{ Result = $Null } }
                    SetScript = 
                    {
                        $Message = "Installing Adobe Acrobat..."
                        $Status = "InProgress"
                        $LogEntry = "&lt;![LOG[$Message]LOG]!&gt;&lt;time=`"$(Get-Date -Format HH:mm:ss.ffff)`" date=`"$(Get-Date -Format MM-dd-yyyy)`" component=`"$env:COMPUTERNAME`" type=`"Verbose`" status=`"$Status`"&gt;"
                        Add-Content -Path "$using:LogFile" -Value $LogEntry
                    }
                    TestScript = { $False }
                }

                # Copy the installation files for Adobe Acrobat
                File CopyAdobeAcrobatFiles
                {
                    Ensure = "Present"
                    Type = "Directory"
                    Recurse = $True
                    SourcePath = "$SoftwareSource\PKG\FirstAmerican\FINT\Install\Fast\Adobe_Acrobat 5"
                    DestinationPath = "$LocalSoftwareSource\Adobe_Acrobat 5"
                    DependsOn = "[Script]AdobeInstallLog"
                }

                #Install Adobe Acrobat
                Package InstallAdobeAcrobat
                {
                    Ensure ="Present"
                    Name ="Adobe Acrobat 5.0"
                    Path  = "$LocalSoftwareSource\Adobe_Acrobat 5\Acrobat_5\Setup.exe"
                    ProductId =""
                    Arguments ="-s"
                    DependsOn = "[File]CopyAdobeAcrobatFiles"
                }

                # Copy the Acrobat Distiller 5.0 shortcut file to All Users\Programs\Startup directory
                File CopyDistillerShortcutFile
                {
                    Ensure = "Present"
                    Type = "File"
                    SourcePath = "$LocalSoftwareSource\Adobe_Acrobat 5\Acrobat Distiller 5.0.lnk"
                    DestinationPath = "C:\ProgramData\Microsoft\Windows\Start Menu\Programs\Startup\Acrobat Distiller 5.0.lnk" #This is the All Users\Programs\Startup directory on Windows 2008 and higher
                }

                # Copy the fastrobot.joboptions file
                File CopyJobOptionsFile
                {
                    Ensure = "Present"
                    Type = "File"
                    SourcePath = "$LocalSoftwareSource\Adobe_Acrobat 5\fastrobot.joboptions"
                    DestinationPath = "C:\Program Files (x86)\Adobe\Acrobat 5.0\Distillr\Settings\fastrobot.joboptions" #This is where Adobe is installed by default on a 64-bit OS (Win 2008 R2, Win 2012, etc)
                }
            </CfgItem>
        </Installable>
        <Installable Name="Adobe FASTROBOT Reg Keys">
            <Variable/>
            <Resource/>
            <CfgItem>
                Script MergeFastrobotAdobeRegistryKeysLog
                {
                    GetScript = { @{ Result = $Null } }
                    SetScript = 
                    {
                        $Message = "Merging Fastrobot Adobe Registry Keys..."
                        $Status = "InProgress"
                        $LogEntry = "&lt;![LOG[$Message]LOG]!&gt;&lt;time=`"$(Get-Date -Format HH:mm:ss.ffff)`" date=`"$(Get-Date -Format MM-dd-yyyy)`" component=`"$env:COMPUTERNAME`" type=`"Verbose`" status=`"$Status`"&gt;"
                        Add-Content -Path "$using:LogFile" -Value $LogEntry
                    }
                    TestScript = { $False }
                }

                # Merge Fastrobot specific Adobe registry keys
                Script MergeFastrobotAdobeRegistryKeys
                {
                    GetScript = { @{ Result = $Null } }
                    # When TestScript returns $False, SetScript will be called during runtime. If $True, SetScript will be not be called
                    TestScript = { $False }
                    # Merge registry file
                    SetScript = { Start-Process regedit.exe -ArgumentList "/s `"$LocalSoftwareSource\Adobe_Acrobat 5\Adobe-Registry-Config (fint fastrobot only).reg`"" -Wait }
                    DependsOn = "[Script]MergeFastrobotAdobeRegistryKeysLog"
                }
            </CfgItem>
        </Installable>
        <Installable Name="Allow Unspecified CGI Modules">
            <Variable/>
            <Resource/>
            <CfgItem>
            Script AllowUnspecifiedCGIModulesLog
            {
                GetScript = { @{ Result = $Null } }
                SetScript = 
                {
                    $Message = "Allowing Unspecified CGI Modules..."
                    $Status = "InProgress"
                    $LogEntry = "&lt;![LOG[$Message]LOG]!&gt;&lt;time=`"$(Get-Date -Format HH:mm:ss.ffff)`" date=`"$(Get-Date -Format MM-dd-yyyy)`" component=`"$env:COMPUTERNAME`" type=`"Verbose`" status=`"$Status`"&gt;"
                    Add-Content -Path "$using:LogFile" -Value $LogEntry
                }
                TestScript = { $False }
                DependsOn = "[WindowsFeature]IIS$(`"Web-CGI`")"
            }

            # Allow Unspecified CGI Modules
            Script AllowUnspecifiedCGIModules
            {
                GetScript = { @{ Result = $Null } }
                # Allow unspecified CGI modules
                SetScript = { C:\Windows\System32\inetsrv\appcmd.exe set config /section:isapiCgiRestriction /notListedCGIsAllowed:True }
                # When TestScript returns $False, SetScript will be called during runtime. If $True, SetScript will be not be called
                TestScript = { $False }
                DependsOn = "[Script]AllowUnspecifiedCGIModulesLog"
            }
            
            </CfgItem>
        </Installable>
        <Installable Name="Allow Unspecified ISAPI Modules">
            <Variable/>
            <Resource/>
            <CfgItem>
            Script AllowUnspecifiedISAPIModulesLog
            {
                GetScript = { @{ Result = $Null } }
                SetScript = 
                {
                    $Message = "Allowing Unspecified ISAPI Modules..."
                    $Status = "InProgress"
                    $LogEntry = "&lt;![LOG[$Message]LOG]!&gt;&lt;time=`"$(Get-Date -Format HH:mm:ss.ffff)`" date=`"$(Get-Date -Format MM-dd-yyyy)`" component=`"$env:COMPUTERNAME`" type=`"Verbose`" status=`"$Status`"&gt;"
                    Add-Content -Path "$using:LogFile" -Value $LogEntry
                }
                TestScript = { $False }
                DependsOn = "[WindowsFeature]IIS$(`"Web-ISAPI-Ext`")"
            }

            # Allow Unspecified ISAPI Modules
            Script AllowUnspecifiedISAPIModules
            {
                GetScript = { @{ Result = $Null } }
                # Set ISAPI modules to run to true
                SetScript = { C:\Windows\System32\inetsrv\appcmd.exe set config /section:isapiCgiRestriction /notlistedISAPIsAllowed:True }
                # When TestScript returns $False, SetScript will be called during runtime. If $True, SetScript will be not be called
                TestScript = { $False }
                DependsOn = "[Script]AllowUnspecifiedISAPIModulesLog"
            }
            
            </CfgItem>
        </Installable>
        <Installable Name="FAST Fonts">
            <Variable/>
            <Resource/>
            <CfgItem>
            Script InstallFASTFontsLog
            {
                GetScript = { @{ Result = $Null } }
                SetScript = 
                {
                    $Message = "Installing FAST fonts..."
                    $Status = "InProgress"
                    $LogEntry = "&lt;![LOG[$Message]LOG]!&gt;&lt;time=`"$(Get-Date -Format HH:mm:ss.ffff)`" date=`"$(Get-Date -Format MM-dd-yyyy)`" component=`"$env:COMPUTERNAME`" type=`"Verbose`" status=`"$Status`"&gt;"
                    Add-Content -Path "$using:LogFile" -Value $LogEntry
                }
                TestScript = { $False }
            }

            # Copy the installation files for the FAST Fonts
            File CopyFASTFonts
            {
                Ensure = "Present"
                Type = "Directory"
                Recurse = $True 
                SourcePath = "$SoftwareSource\PKG\FirstAmerican\FINT\Install\Fast\Fonts"
                DestinationPath = "C:\Windows\Fonts"
                Force = $True
                DependsOn = "[Script]InstallFASTFontsLog"
            }
        
            # Set the reg key for the BARCODE Font
            Registry BarcodeRegKey
            {
                Ensure = "Present"
                Key = "HKEY_LOCAL_MACHINE\SOFTWARE\Microsoft\Windows NT\CurrentVersion\Fonts"
                ValueName = "Free 3 of 9 Extended Regular (TrueType)"
                ValueData = "FRE3OF9X.ttf"
                DependsOn = "[File]CopyFASTFonts"
            }
            
            # Set the reg key for the MICR Font
            Registry MICRRegKey
            {
                Ensure = "Present"
                Key = "HKEY_LOCAL_MACHINE\SOFTWARE\Microsoft\Windows NT\CurrentVersion\Fonts"
                ValueName = "AdvMICR (TrueType)"
                ValueData = "Advmicr.ttf"
            }
            
            </CfgItem>
        </Installable>
        <Installable Name="Configure AutoAdminLogon">
            <Variable/>
            <Resource/>
            <CfgItem>
            Script ConfigureAutoAdminLogonLog
            {
                GetScript = { @{ Result = $Null } }
                SetScript = 
                {
                    $Message = "Configuring AutoAdminLogon..."
                    $Status = "InProgress"
                    $LogEntry = "&lt;![LOG[$Message]LOG]!&gt;&lt;time=`"$(Get-Date -Format HH:mm:ss.ffff)`" date=`"$(Get-Date -Format MM-dd-yyyy)`" component=`"$env:COMPUTERNAME`" type=`"Verbose`" status=`"$Status`"&gt;"
                    Add-Content -Path "$using:LogFile" -Value $LogEntry
                }
                TestScript = { $False }
            }

            # Disable requiring Control + Alt + Delete to login
            Registry DisableCAD
            {
                Ensure = "Present"
                Key = "HKEY_LOCAL_MACHINE\SOFTWARE\Microsoft\Windows NT\CurrentVersion\Winlogon"
                ValueName = "DisableCAD"
                ValueData = "1"
            }
            
            # Enable Auto Admin Logon
            Registry AutoAdminLogon
            {
                Ensure = "Present"
                Key = "HKEY_LOCAL_MACHINE\SOFTWARE\Microsoft\Windows NT\CurrentVersion\Winlogon"
                ValueName = "AutoAdminLogon"
                ValueData = "1"
            }
            
            # Default User Name
            Registry DefaultUserName
            {
                Ensure = "Present"
                Key = "HKEY_LOCAL_MACHINE\SOFTWARE\Microsoft\Windows NT\CurrentVersion\Winlogon"
                ValueName = "DefaultUserName"
                ValueData = "$Env-SA-Fastrobot"
            }
            
            # Default Domain Name
            Registry DefaultDomainName
            {
                Ensure = "Present"
                Key = "HKEY_LOCAL_MACHINE\SOFTWARE\Microsoft\Windows NT\CurrentVersion\Winlogon"
                ValueName = "DefaultDomainName"
                ValueData = "FASTTS"
            }
            
            # Default Password
            # Needs to be changed to use the prompted password, or stored as an encrypted string in this file
            Registry DefaultPassword
            {
                Ensure = "Present"
                Key = "HKEY_LOCAL_MACHINE\SOFTWARE\Microsoft\Windows NT\CurrentVersion\Winlogon"
                ValueName = "DefaultPassword"
                ValueData = "~!FASTrobot"
            }
            
            </CfgItem>
        </Installable>
        <Installable Name="DLV Printers">
            <Variable>
                $Printers = @()
                $Printers += New-Object PSObject -Property  @{Printer = "HP LaserJet 4Si/4Si MX PS"; Driver = "HP LaserJet 4Si/4Si MX PS"; Port = "LPT1:" }
                $Printers += New-Object PSObject -Property  @{Printer = "FAST PCL"; Driver = "HP LaserJet 5"; Port = "LPT2:" }
                $Printers += New-Object PSObject -Property  @{Printer = "FAST PCL 5C"; Driver = "HP Color LaserJet 4600 PCL 5"; Port = "LPT1:" }
                $Printers += New-Object PSObject -Property  @{Printer = "FAST CANNON I80"; Driver = "Canon Inkjet i80"; Port = "LPT1:" }
                $Printers += New-Object PSObject -Property  @{Printer = "FAST CANNON I90"; Driver = "Canon Inkjet iP90"; Port = "LPT1:" }
                $Printers += New-Object PSObject -Property  @{Printer = "FAST HP h470"; Driver = "HP Officejet H470 series"; Port = "LPT1:" }
                $Printers += New-Object PSObject -Property  @{Printer = "Distiller Assistant"; Driver = "HP LaserJet 4Si/4Si MX PS"; Port = "LPT1:" }
            </Variable>
            <Resource/>
            <CfgItem>
            Script PrinterDriverInstallLog
            {
                GetScript = { @{ Result = $Null } }
                SetScript = 
                {
                    $Message = "Installing printer drivers..."
                    $Status = "InProgress"
                    $LogEntry = "&lt;![LOG[$Message]LOG]!&gt;&lt;time=`"$(Get-Date -Format HH:mm:ss.ffff)`" date=`"$(Get-Date -Format MM-dd-yyyy)`" component=`"$env:COMPUTERNAME`" type=`"Verbose`" status=`"$Status`"&gt;"
                    Add-Content -Path "$using:LogFile" -Value $LogEntry
                }
                TestScript = { $False }
            }

            #Copy printer driver folder
            File CopyPrinterDrivers
            {
                Ensure = "Present"
                Type = "Directory"
                Recurse = $True
                SourcePath = "$SoftwareSource\PKG\FirstAmerican\FINT\Install\Fast\Printers\All-Drivers"
                DestinationPath = "$LocalSoftwareSource\Printers"
                DependsOn = "[Script]PrinterDriverInstallLog"
            }
        
            #Install printer driver packages
            Script InstallPrinterDrivers
            {
                GetScript = { @{ Result = $Null } }
                # When TestScript returns $False, SetScript will be called during runtime. If $True, SetScript will be not be called
                TestScript =
                {
                    try
                    {
                        foreach($P in $using:Printers)
                        {
                            Get-Printer -Name $P -ErrorAction Stop
                        }
                        # If all of the printers exist on the machine, return $True
                        $True
                    }
                    catch
                    {
                        #Since a printer does not exist, return $False to call the SetScript
                        $False
                    }
                }
                # Call the PnPUtil installer
                SetScript = { Start-Process -FilePath "pnputil.exe" -ArgumentList "-a $using:LocalSoftwareSource\Printers\*.inf" -Wait }
                DependsOn = "[File]CopyPrinterDrivers"
            }
            
            Script CreatePrintersLog
            {
                GetScript = { @{ Result = $Null } }
                SetScript = 
                {
                    $Message = "Creating DLV printers..."
                    $Status = "InProgress"
                    $LogEntry = "&lt;![LOG[$Message]LOG]!&gt;&lt;time=`"$(Get-Date -Format HH:mm:ss.ffff)`" date=`"$(Get-Date -Format MM-dd-yyyy)`" component=`"$env:COMPUTERNAME`" type=`"Verbose`" status=`"$Status`"&gt;"
                    Add-Content -Path "$using:LogFile" -Value $LogEntry
                }
                TestScript = { $False }
                DependsOn = "[Script]InstallPrinterDrivers"
            }

            #Add Printer Drivers to PowerShell, Create Printers, Set Default Printer
            Script CreatePrinters
            {
                GetScript = { @{ Result = $Null } }
                # When TestScript returns $False, SetScript will be called during runtime. If $True, SetScript will be not be called
                TestScript =
                {
                    try
                    {
                        foreach($P in $using:Printers)
                        {
                            Get-Printer -Name $P -ErrorAction Stop
                        }
                        # If all of the printers exist on the machine, return $True
                        $True
                    }
                    catch
                    {
                        #Since a printer does not exist, return $False to call the SetScript
                        $False
                    }
                }
                # Install printers
                SetScript = 
                {
                        foreach ($P in $Using:Printers)
                        {
                            Add-PrinterDriver $P.Driver
                            Add-Printer -Name $P.Printer -DriverName $P.Driver -PortName $P.Port -ErrorAction Continue
                        }
                        (Get-WmiObject -Class Win32_Printer | Where-Object {$_.deviceID -eq "Distiller Assistant"}).SetDefaultPrinter()
                }
                DependsOn = "[Script]CreatePrintersLog"
            }
            
            </CfgItem>
        </Installable>
        <Installable Name="DOC2NET">
            <Variable>
                $DOC2NETInstallPath="C:\Program Files (x86)\SkyLine\DocToNet Version 6"
            </Variable>
            <Resource/>
            <CfgItem>
            Script DOC2NETInstallLog
            {
                GetScript = { @{ Result = $Null } }
                SetScript = 
                {
                    $Message = "Installing DOC2NET..."
                    $Status = "InProgress"
                    $LogEntry = "&lt;![LOG[$Message]LOG]!&gt;&lt;time=`"$(Get-Date -Format HH:mm:ss.ffff)`" date=`"$(Get-Date -Format MM-dd-yyyy)`" component=`"$env:COMPUTERNAME`" type=`"Verbose`" status=`"$Status`"&gt;"
                    Add-Content -Path "$using:LogFile" -Value $LogEntry
                }
                TestScript = { $False }
            }   

            # Copy files
            File CopyDOC2NETFiles
            {
                Ensure = "Present"
                Type = "Directory"
                Recurse = $True
                SourcePath = "$SoftwareSource\PKG\FirstAmerican\FINT\Install\FAST\SkyLine\DocToNetProgramFiles"
                DestinationPath = "$DOC2NETInstallPath"
                DependsOn = "[Script]DOC2NETInstallLog"
            }
            
            # Reg key merge 1
            Script MergeDOCNETRegistryKeys
            {
                GetScript = { @{ Result = $Null } }
                # When TestScript returns $False, SetScript will be called during runtime. If $True, SetScript will be not be called
                TestScript = { $False }
                # Merge registry file
                SetScript = { Start-Process regedit.exe -ArgumentList "/s `"$using:DOC2NETInstallPath\DOCNET.reg`"" -Wait }
            }

            # Reg key merge 2
            Script MergeDOCNET2012RegistryKeys
            {
                GetScript = { @{ Result = $Null } }
                # When TestScript returns $False, SetScript will be called during runtime. If $True, SetScript will be not be called
                TestScript = { $False }
                # Merge registry file
                SetScript = { Start-Process regedit.exe -ArgumentList "/s `"$using:DOC2NETInstallPath\DocToNet_Win2012.reg`"" -Wait }
            }

            # Register iltpc.dll
            Script RegisterILTPCDLL
            {
                GetScript = { @{ Result = $Null } }
                # When TestScript returns $False, SetScript will be called during runtime. If $True, SetScript will be not be called
                TestScript = { $False }
                # Install new file
                SetScript = { Start-Process regsvr32 -ArgumentList "/s `"$using:DOC2NETInstallPath\iltpc.dll`"" -Wait }
            }

            # Copy all DLL files to SysWow64
            Script CopyDOC2NETDLLFiles
            {
                GetScript = { @{ Result = $Null } }
                # When TestScript returns $False, SetScript will be called during runtime. If $True, SetScript will be not be called
                TestScript = { $False }
                # Install new file
                SetScript = { Copy-Item -Path "$using:DOC2NETInstallPath\*.dll" -Destination "C:\Windows\SysWOW64" -Force }
            }

            # Register stdvlc40.dll
            Script RegisterSTDVCL40DLL
            {
                GetScript = { @{ Result = $Null } }
                # When TestScript returns $False, SetScript will be called during runtime. If $True, SetScript will be not be called
                TestScript = { $False }
                # Install new file
                SetScript = { Start-Process regsvr32 -ArgumentList "/s C:\Windows\SysWOW64\stdvcl40.dll" -Wait }
            }
            
            </CfgItem>
        </Installable>
		<Installable Name="DRS Shares">
            <Variable/>
            <Resource/>
            <CfgItem>
			WindowsFeature FileServerFeature
			{
				Ensure = "Present"
				Name   = "FS-FileServer"
			}
			
            Script DRSSharesInstallLog
            {
                GetScript = { @{ Result = $Null } }
                SetScript = 
                {
                    $Message = "Creating DRS shares..."
                    $Status = "InProgress"
                    $LogEntry = "&lt;![LOG[$Message]LOG]!&gt;&lt;time=`"$(Get-Date -Format HH:mm:ss.ffff)`" date=`"$(Get-Date -Format MM-dd-yyyy)`" component=`"$env:COMPUTERNAME`" type=`"Verbose`" status=`"$Status`"&gt;"
                    Add-Content -Path "$using:LogFile" -Value $LogEntry
                }
                TestScript = { $False }
				DependsOn = "[WindowsFeature]FileServerFeature"
            }   

            File DocumentsDirectory
            {
                Ensure = "Present"
                Type = "Directory"
                DestinationPath = "C:\Documents"
                DependsOn = "[Script]DRSSharesInstallLog"
            }

            Script DocumentsShare
            {
                GetScript = { @{ Result = $Null } }
                SetScript = 
                {
                    New-SmbShare -Name Documents -Path "C:\Documents" -FullAccess "FASTTS\FINT-SA-Fastrobot" -ReadAccess "Everyone" -Description "Documents DRS Share"
                }
                TestScript = { $False }
				DependsOn = "[File]DocumentsDirectory"
            }
			
			File LatexDirectory
            {
                Ensure = "Present"
                Type = "Directory"
                DestinationPath = "C:\Latex"
            }

            Script LatexShare
            {
                GetScript = { @{ Result = $Null } }
                SetScript = 
                {
                    New-SmbShare -Name "Latex" -Path "C:\Latex" -FullAccess "FASTTS\FINT-SA-Fastrobot" -ReadAccess "Everyone" -Description "Latex DRS Share"
                }
                TestScript = { $False }
				DependsOn = "[File]LatexDirectory"
            }
			
			File RTMDirectory
            {
                Ensure = "Present"
                Type = "Directory"
                DestinationPath = "C:\RTM"
            }

            Script RTMShare
            {
                GetScript = { @{ Result = $Null } }
                SetScript = 
                {
                    New-SmbShare -Name "RTM" -Path "C:\RTM" -FullAccess "FASTTS\FINT-SA-Fastrobot" -ReadAccess "Everyone" -Description "RTM DRS Share"
                }
                TestScript = { $False }
				DependsOn = "[File]RTMDirectory"
            }
			            
            </CfgItem>
        </Installable>
        <Installable Name="Enable ISAPI Handler Mappings">
            <Variable/>
            <Resource/>
            <CfgItem>
            Script EnableISAPIHandlerMappingsLog
            {
                GetScript = { @{ Result = $Null } }
                SetScript = 
                {
                    $Message = "Enabling ISAPI Handler Mappings..."
                    $Status = "InProgress"
                    $LogEntry = "&lt;![LOG[$Message]LOG]!&gt;&lt;time=`"$(Get-Date -Format HH:mm:ss.ffff)`" date=`"$(Get-Date -Format MM-dd-yyyy)`" component=`"$env:COMPUTERNAME`" type=`"Verbose`" status=`"$Status`"&gt;"
                    Add-Content -Path "$using:LogFile" -Value $LogEntry
                }
                TestScript = { $False }
                DependsOn = "[WindowsFeature]IIS$(`"Web-ISAPI-Ext`")"
            }

            Script EnableISAPIHandlerMappings
            {
                GetScript = { @{ Result = $Null } }
                # Set the access policy to read, script, execute
                SetScript = { C:\Windows\System32\inetsrv\appcmd.exe set config /section:handlers /accessPolicy:Read`,Script`,Execute }
                # When TestScript returns $False, SetScript will be called during runtime. If $True, SetScript will be not be called
                TestScript = 
                {
                    $AccessPolicy = C:\Windows\System32\inetsrv\appcmd.exe list config /section:handlers /text:accessPolicy
                    
                    if($AccessPolicy.Contains("Read") -and $AccessPolicy.Contains("Script") -and $AccessPolicy.Contains("Execute"))
                    {
                        $True
                    }
                    else
                    {
                        $False
                    }
                }
                DependsOn = "[Script]EnableISAPIHandlerMappingsLog"
            }
            
            </CfgItem>
        </Installable>
        <Installable Name="Excel 2007">
            <Variable/>
            <Resource/>
            <CfgItem>
            Script Excel2007InstallLog
            {
                GetScript = { @{ Result = $Null } }
                SetScript = 
                {
                    $Message = "Installing Excel 2007..."
                    $Status = "InProgress"
                    $LogEntry = "&lt;![LOG[$Message]LOG]!&gt;&lt;time=`"$(Get-Date -Format HH:mm:ss.ffff)`" date=`"$(Get-Date -Format MM-dd-yyyy)`" component=`"$env:COMPUTERNAME`" type=`"Verbose`" status=`"$Status`"&gt;"
                    Add-Content -Path "$using:LogFile" -Value $LogEntry
                }
                TestScript = { $False }
            }   

            # Copy the installation files for Office 2007
            File CopyExcel2007Files
            {
                Ensure = "Present"
                Type = "Directory"
                Recurse = $True
                SourcePath = "$SoftwareSource\PKG\FirstAmerican\FINT\Install\FAST\MS Office 2007"
                DestinationPath = "$LocalSoftwareSource\MS Office 2007"
                DependsOn = "[Script]Excel2007InstallLog"
            }
        
            Script InstallExcel2007
            {
                GetScript = { @{ Result = $Null } }
                # When TestScript returns $False, SetScript will be called during runtime. If $True, SetScript will be not be called
                TestScript = { $False }
                # Call the Word installer
                SetScript = { Start-Process -FilePath "$using:LocalSoftwareSource\MS Office 2007\setup.exe" -ArgumentList "/adminfile Excel-Shared-Features-and-Tools-only.MSP" -Wait }
                DependsOn = "[File]CopyExcel2007Files"
            }
            
            </CfgItem>
        </Installable>
        <Installable Name="Ghostscript">
            <Variable/>
            <Resource/>
            <CfgItem>
            Script GhostscriptInstallLog
            {
                GetScript = { @{ Result = $Null } }
                SetScript = 
                {
                    $Message = "Installing Ghostscript..."
                    $Status = "InProgress"
                    $LogEntry = "&lt;![LOG[$Message]LOG]!&gt;&lt;time=`"$(Get-Date -Format HH:mm:ss.ffff)`" date=`"$(Get-Date -Format MM-dd-yyyy)`" component=`"$env:COMPUTERNAME`" type=`"Verbose`" status=`"$Status`"&gt;"
                    Add-Content -Path "$using:LogFile" -Value $LogEntry
                }
                TestScript = { $False }
            }   

            # Copy the installation files for Ghostscript
            File CopyGhoscriptFiles
            {
                Ensure = "Present"
                Type = "Directory"
                Recurse = $True
                SourcePath = "$SoftwareSource\PKG\FirstAmerican\FINT\Install\Fast\Ghostscript"
                DestinationPath = "$LocalSoftwareSource\Ghostscript"
                DependsOn = "[Script]GhostscriptInstallLog"
            }
        
            #Install Ghostscript
            Script InstallGhostscript
            {
                GetScript = { @{ Result = $Null } }
                # When TestScript returns $False, SetScript will be called during runtime. If $True, SetScript will be not be called
                TestScript = { $False }
                # Call the Ghostscript installer
                SetScript = { Start-Process -FilePath "$using:LocalSoftwareSource\Ghostscript\GhostScript_64Bit\gs914w64.exe" -ArgumentList "/S" -Wait }
                DependsOn = "[File]CopyGhoscriptFiles"

            }
            
            </CfgItem>
        </Installable>
        <Installable Name="IIS 8.0">
            <Variable>
                $IISFeatures=@("NET-Framework-45-ASPNET", `
                "NET-WCF-HTTP-Activation45", "NET-WCF-MSMQ-Activation45", "NET-WCF-Pipe-Activation45", "NET-WCF-TCP-Activation45", "NET-WCF-TCP-PortSharing45", `
                "Web-Server", "Web-WebServer", "Web-Common-Http", "Web-Default-Doc", "Web-Dir-Browsing", "Web-Http-Errors", "Web-Static-Content", "Web-Http-Redirect", `
                "Web-Health", "Web-Http-Logging", "Web-Custom-Logging", "Web-Log-Libraries", "Web-Request-Monitor", "Web-Http-Tracing", `
                "Web-Performance", "Web-Stat-Compression", "Web-Dyn-Compression", `
                "Web-Security", "Web-Filtering", "Web-Basic-Auth", "Web-Client-Auth", "Web-Windows-Auth", `
                "Web-App-Dev", "Web-Net-Ext", "Web-Net-Ext45", "Web-AppInit", "Web-ASP", "Web-Asp-Net", "Web-Asp-Net45", "Web-CGI", "Web-ISAPI-Ext", "Web-ISAPI-Filter", "Web-Includes", `
                "Web-Mgmt-Tools", "Web-Mgmt-Console", "Web-Mgmt-Compat", "Web-Metabase", "Web-Lgcy-Mgmt-Console", "Web-Lgcy-Scripting", "Web-WMI", "Web-Scripting-Tools", "Web-Mgmt-Service", `
                "WoW64-Support", `
                "Application-Server", "AS-NET-Framework", "AS-Web-Support")
            </Variable>
            <Resource/>
            <CfgItem>
            Script StartIISLog
            {
                GetScript = { @{ Result = $Null } }
                SetScript = 
                {
                    $Message = "Installing IIS..."
                    $Status = "InProgress"
                    $LogEntry = "&lt;![LOG[$Message]LOG]!&gt;&lt;time=`"$(Get-Date -Format HH:mm:ss.ffff)`" date=`"$(Get-Date -Format MM-dd-yyyy)`" component=`"$env:COMPUTERNAME`" type=`"Verbose`" status=`"$Status`"&gt;"
                    Add-Content -Path "$using:LogFile" -Value $LogEntry
                }
                TestScript = { $False }
                DependsOn = "[WindowsFeature]NetFramework35"
            }   

            # Install IIS and associated features
            foreach($Feature in $IISFeatures)
            {
                WindowsFeature "IIS$Feature"
                {
                    Ensure = "Present"
                    Name = $Feature
                    Source = "$LocalSoftwareSource\Sxs"
                    DependsOn = "[Script]StartIISLog"
                }
            }
            
            </CfgItem>
        </Installable>
        <Installable Name="ILDocOcx">
            <Variable/>
            <Resource/>
            <CfgItem>
            Script ConfigureOCXLog
            {
                GetScript = { @{ Result = $Null } }
                SetScript = 
                {
                    $Message = "Configuring ILDocOcx..."
                    $Status = "InProgress"
                    $LogEntry = "&lt;![LOG[$Message]LOG]!&gt;&lt;time=`"$(Get-Date -Format HH:mm:ss.ffff)`" date=`"$(Get-Date -Format MM-dd-yyyy)`" component=`"$env:COMPUTERNAME`" type=`"Verbose`" status=`"$Status`"&gt;"
                    Add-Content -Path "$using:LogFile" -Value $LogEntry
                }
                TestScript = { $False }
            }   

            # Unregister and rename old file
            Script UnregisterOCX
            {
                GetScript = { @{ Result = $Null } }
                # When TestScript returns $False, SetScript will be called during runtime. If $True, SetScript will be not be called
                TestScript = { $False }
                # Uninstall and rename old file
                SetScript = { Start-Process regsvr32 -ArgumentList "/u /s c:\windows\syswow64\ILDocOcx.ocx" -Wait; Rename-Item -NewName ildococx.ocx.orig -Path c:\windows\syswow64\ildococx.ocx -Force }
                DependsOn = "[Script]ConfigureOCXLog"
            }
            
            # Copy the ILDocOcx OCX file
            File CopyILDocOcx
            {
                Ensure = "Present"
                Type = "File"
                SourcePath = "$SoftwareSource\PKG\FirstAmerican\FINT\Install\FAST\ImageLib\ILDocOcx.ocx"
                DestinationPath = "C:\Windows\SysWOW64"
                Force = $True
                DependsOn = "[Script]UnregisterOCX"
            }
            
            # Register new file
            Script RegisterOCX
            {
                GetScript = { @{ Result = $Null } }
                # When TestScript returns $False, SetScript will be called during runtime. If $True, SetScript will be not be called
                TestScript = { $False }
                # Install new file
                SetScript = { Start-Process regsvr32 -ArgumentList "/s c:\windows\syswow64\ILDocOcx.ocx" -Wait }
                DependsOn = "[File]CopyILDocOcx"
           }
            
            </CfgItem>
        </Installable>
        <Installable Name="Ingrian Client">
            <Variable>
                $IngrianInstallPath1="$LocalSoftwareSource\Ingrian Providers 5.1.2\611-009849-001_datasecure_protectapp_dotnet_32bit_windows_v5.1.2.000-005.exe"
            </Variable>
            <Variable>
                $IngrianInstallPath2="$LocalSoftwareSource\Ingrian Providers 5.1.2\611-009850-008_SafeNetProtectAppICAPI_32b_windows_v5.1.2.000-004.exe"
            </Variable>
            <Variable>
                $IngrianArgList="/S /v/qn"
            </Variable>
            <Resource/>
            <CfgItem>
            Script StartIngrianLog
            {
                GetScript = { @{ Result = $Null } }
                SetScript = 
                {
                    $Message = "Installing Ingrian Client..."
                    $Status = "InProgress"
                    $LogEntry = "&lt;![LOG[$Message]LOG]!&gt;&lt;time=`"$(Get-Date -Format HH:mm:ss.ffff)`" date=`"$(Get-Date -Format MM-dd-yyyy)`" component=`"$env:COMPUTERNAME`" type=`"Verbose`" status=`"$Status`"&gt;"
                    Add-Content -Path "$using:LogFile" -Value $LogEntry
                }
                TestScript = { $False }
            }   

            # Copy the installation files for Ingrian Client
            File CopyIngrianFiles
            {
                Ensure = "Present"
                Type = "Directory"
                Recurse = $True
                SourcePath = "$SoftwareSource\PKG\FirstAmerican\FINT\Install\Fast\Ingrian Providers 5.1.2"
                DestinationPath = "$LocalSoftwareSource\Ingrian Providers 5.1.2"
                DependsOn = "[Script]StartIngrianLog"
            }

            #Install Ingrian Client
            Script InstallIngrianClient
            {
                GetScript = { @{ Result = $Null } }
                # When TestScript returns $False, SetScript will be called during runtime. If $True, SetScript will be not be called
                TestScript = { $False }
                # Call the Ingrian Client installer
                SetScript = { 
                                Start-Process -FilePath $using:IngrianInstallPath1 -ArgumentList $using:IngrianArgList -Wait 
                                Start-Process -FilePath $using:IngrianInstallPath2 -ArgumentList $using:IngrianArgList -Wait 
                            }
                DependsOn = "[File]CopyIngrianFiles"
            }
            
            </CfgItem>
        </Installable>
        <Installable Name="Latex">
            <Variable/>
            <Resource/>
            <CfgItem>
            Script StartLatexLog
            {
                GetScript = { @{ Result = $Null } }
                SetScript = 
                {
                    $Message = "Installing Latex..."
                    $Status = "InProgress"
                    $LogEntry = "&lt;![LOG[$Message]LOG]!&gt;&lt;time=`"$(Get-Date -Format HH:mm:ss.ffff)`" date=`"$(Get-Date -Format MM-dd-yyyy)`" component=`"$env:COMPUTERNAME`" type=`"Verbose`" status=`"$Status`"&gt;"
                    Add-Content -Path "$using:LogFile" -Value $LogEntry
                }
                TestScript = { $False }
            }   

            # Copy the installation files for Latex
            File CopyLatexFiles
            {
                Ensure = "Present"
                Type = "Directory"
                Recurse = $True
                SourcePath = "$SoftwareSource\PKG\FirstAmerican\FINT\Install\FAST\Latex_64bit\Latex"
                DestinationPath = "c:\Latex"
                DependsOn = "[Script]StartLatexLog"
            }
        
            #Install Latex
            Script InstallLatex
            {
                GetScript = { @{ Result = $Null } }
                # When TestScript returns $False, SetScript will be called during runtime. If $True, SetScript will be not be called
                TestScript = { $False }
                # Call the Latex installer
                SetScript = { Start-Process -FilePath "c:\Latex\basic-miktex-2.9.5105-x64.exe" -ArgumentList "--common-install=`"c:\Program Files\MiKTeX`" --paper-size=Letter --unattended" -Wait }
            }
            
            </CfgItem>
        </Installable>
        <Installable Name="Microsoft WSE">
            <Variable/>
            <Resource/>
            <CfgItem>
            Script StartMSWSELog
            {
                GetScript = { @{ Result = $Null } }
                SetScript = 
                {
                    $Message = "Installing Microsoft WSE..."
                    $Status = "InProgress"
                    $LogEntry = "&lt;![LOG[$Message]LOG]!&gt;&lt;time=`"$(Get-Date -Format HH:mm:ss.ffff)`" date=`"$(Get-Date -Format MM-dd-yyyy)`" component=`"$env:COMPUTERNAME`" type=`"Verbose`" status=`"$Status`"&gt;"
                    Add-Content -Path "$using:LogFile" -Value $LogEntry
                }
                TestScript = { $False }
            }   

            # Copy the installation files for WSE
            File CopyWSEFiles
            {
                Ensure = "Present"
                Type = "Directory"
                Recurse = $True
                SourcePath = "$SoftwareSource\PKG\FirstAmerican\FINT\Install\FAST\WSE"
                DestinationPath = "$LocalSoftwareSource\WSE"
                DependsOn = "[Script]StartMSWSELog"
            }
        
            #Install WSE
            Package WSE2.0
            {
                Ensure = "Present"
                Path  = "$LocalSoftwareSource\WSE\MS_WSE_2_SP3.msi"
                Name = "Microsoft WSE 2.0 SP3"
                ProductId = "5913AE50-42B0-E844-1A41-E5A49A1C400A"
                Arguments = "/quiet"
                DependsOn = "[File]CopyWSEFiles"
            }
            
            </CfgItem>
        </Installable>
        <Installable Name="MIME Type Addition .MSG">
            <Variable/>
            <Resource/>
            <CfgItem>
            Script MIMETypeAdditionMSGLog
            {
                GetScript = { @{ Result = $Null } }
                SetScript = 
                {
                    $Message = "Adding MIME Type MSG..."
                    $Status = "InProgress"
                    $LogEntry = "&lt;![LOG[$Message]LOG]!&gt;&lt;time=`"$(Get-Date -Format HH:mm:ss.ffff)`" date=`"$(Get-Date -Format MM-dd-yyyy)`" component=`"$env:COMPUTERNAME`" type=`"Verbose`" status=`"$Status`"&gt;"
                    Add-Content -Path "$using:LogFile" -Value $LogEntry
                }
                TestScript = { $False }
                DependsOn = "[WindowsFeature]IIS$($IISFeatures[-1])"
            }   

            Script MIMETypeAdditionMSG
            {
                GetScript = { @{ Result = $Null } }
                # Set the access policy to read, script, execute
                SetScript = { C:\Windows\System32\inetsrv\appcmd.exe set config /section:staticContent /+"[fileExtension='.msg',mimeType='application/octet-stream']" }
                # When TestScript returns $False, SetScript will be called during runtime. If $True, SetScript will be not be called
                TestScript = 
                {
                    if((C:\Windows\System32\inetsrv\appcmd.exe list config /section:staticContent /text:*) -like "*fileExtension:`".msg`"*")
                    {
                        $True
                    }
                    else
                    {
                        $False
                    }
                }
                DependsOn = "[Script]MIMETypeAdditionMSGLog"
            }
            
            </CfgItem>
        </Installable>
        <Installable Name="MIME Type Addition .PRN">
            <Variable/>
            <Resource/>
            <CfgItem>
            Script MIMETypeAdditionPRNLog
            {
                GetScript = { @{ Result = $Null } }
                SetScript = 
                {
                    $Message = "Adding MIME Type PRN..."
                    $Status = "InProgress"
                    $LogEntry = "&lt;![LOG[$Message]LOG]!&gt;&lt;time=`"$(Get-Date -Format HH:mm:ss.ffff)`" date=`"$(Get-Date -Format MM-dd-yyyy)`" component=`"$env:COMPUTERNAME`" type=`"Verbose`" status=`"$Status`"&gt;"
                    Add-Content -Path "$using:LogFile" -Value $LogEntry
                }
                TestScript = { $False }
                DependsOn = "[WindowsFeature]IIS$($IISFeatures[-1])"
            }   

            Script MIMETypeAdditionPRN
            {
                GetScript = { @{ Result = $Null } }
                # Set the access policy to read, script, execute
                SetScript = { C:\Windows\System32\inetsrv\appcmd.exe set config /section:staticContent /+"[fileExtension='.prn',mimeType='application/octet-stream']" }
                # When TestScript returns $False, SetScript will be called during runtime. If $True, SetScript will be not be called
                TestScript = 
                {
                    if((C:\Windows\System32\inetsrv\appcmd.exe list config /section:staticContent /text:*) -like "*fileExtension:`".prn`"*")
                    {
                        $True
                    }
                    else
                    {
                        $False
                    }
                }
                DependsOn = "[Script]MIMETypeAdditionPRNLog"
            }
            
            </CfgItem>
        </Installable>
        <Installable Name="MSMQ">
            <Variable>
                If ($IISFeatures){$MSMQFeatures=@("MSMQ","MSMQ-Services","MSMQ-Server","MSMQ-Directory")}Else{$MSMQFeatures=@("MSMQ","MSMQ-Services","MSMQ-Server","MSMQ-Directory","WoW64-Support")}
            </Variable>
            <Resource/>
            <CfgItem>
            Script StartMSMQLog
            {
                GetScript = { @{ Result = $Null } }
                SetScript = 
                {
                    $Message = "Installing MSMQ Windows Features..."
                    $Status = "InProgress"
                    $LogEntry = "&lt;![LOG[$Message]LOG]!&gt;&lt;time=`"$(Get-Date -Format HH:mm:ss.ffff)`" date=`"$(Get-Date -Format MM-dd-yyyy)`" component=`"$env:COMPUTERNAME`" type=`"Verbose`" status=`"$Status`"&gt;"
                    Add-Content -Path "$using:LogFile" -Value $LogEntry
                }
                TestScript = { $False }
            }   
            
            # Install MSMQ   
            foreach($Feature in $MSMQFeatures)
            {
                WindowsFeature "MSMQ$Feature"
                {
                    Ensure = "Present"
                    Name = $Feature
                    DependsOn = "[Script]StartMSMQLog"
                }
            }
            
            </CfgItem>
        </Installable>
        <Installable Name="RightFax Client (copy only)">
            <Variable/>
            <Resource/>
            <CfgItem>
            Script CopyRightFaxFilesLog
            {
                GetScript = { @{ Result = $Null } }
                SetScript = 
                {
                    $Message = "Copying RightFax Client files (manual install will be required later)..."
                    $Status = "InProgress"
                    $LogEntry = "&lt;![LOG[$Message]LOG]!&gt;&lt;time=`"$(Get-Date -Format HH:mm:ss.ffff)`" date=`"$(Get-Date -Format MM-dd-yyyy)`" component=`"$env:COMPUTERNAME`" type=`"Verbose`" status=`"$Status`"&gt;"
                    Add-Content -Path "$using:LogFile" -Value $LogEntry
                }
                TestScript = { $False }
            }
            
            # Copy the installation files for RightFAX
            File CopyRightFaxFiles
            {
                Ensure = "Present"
                Type = "Directory"
                Recurse = $True
                SourcePath = "$SoftwareSource\PKG\FirstAmerican\FINT\Install\FAST\RightFAX 8.5"
                DestinationPath = "$LocalSoftwareSource\RightFAX 8.5"
                DependsOn = "[Script]CopyRightFaxFilesLog"
            }

            #Package InstallRightFAX
            #{
            #    Ensure ="Present"
            #    Name ="RFClient"
            #    Path  = "$LocalSoftwareSource\RightFAX 8.5\Win32 Santa Ana Database\setup.exe"
            #    ProductId ="B4846B86-556B-4F2A-9F42-C0DDE06EDF2D"
            #    Arguments ="/S /v/qn"
            #    DependsOn = "[File]CopyRightFaxFiles"
            #}
            
            </CfgItem>
        </Installable>
        <Installable Name="SharePoint 2013 (copy only)">
            <Variable/>
            <Resource/>
            <CfgItem>
            Script CopySP2013FilesLog
            {
                GetScript = { @{ Result = $Null } }
                SetScript = 
                {
                    $Message = "Copying SharePoint 2013 files (manual install will be required later)..."
                    $Status = "InProgress"
                    $LogEntry = "&lt;![LOG[$Message]LOG]!&gt;&lt;time=`"$(Get-Date -Format HH:mm:ss.ffff)`" date=`"$(Get-Date -Format MM-dd-yyyy)`" component=`"$env:COMPUTERNAME`" type=`"Verbose`" status=`"$Status`"&gt;"
                    Add-Content -Path "$using:LogFile" -Value $LogEntry
                }
                TestScript = { $False }
            }

            # Copy files for SharePoint 2013
            File CopySP2013Files
            {
                Ensure = "Present"
                Type = "Directory"
                Recurse = $True 
                SourcePath = "$SoftwareSource\PKG\FirstAmerican\FINT\Install\FAST\SP"
                DestinationPath = "$LocalSoftwareSource\SP"
                DependsOn = "[Script]CopySP2013FilesLog"
            }
            
            # There is no automated install for SP 2013 yet

            </CfgItem>
        </Installable>
        <Installable Name="Skyline Tools 2.0">
            <Variable/>
            <Resource/>
            <CfgItem>
            Script StartSkyLineToolsLog
            {
                GetScript = { @{ Result = $Null } }
                SetScript = 
                {
                    $Message = "Installing SkyLine Tools..."
                    $Status = "InProgress"
                    $LogEntry = "&lt;![LOG[$Message]LOG]!&gt;&lt;time=`"$(Get-Date -Format HH:mm:ss.ffff)`" date=`"$(Get-Date -Format MM-dd-yyyy)`" component=`"$env:COMPUTERNAME`" type=`"Verbose`" status=`"$Status`"&gt;"
                    Add-Content -Path "$using:LogFile" -Value $LogEntry
                }
                TestScript = { $False }
            }   

            # Copy the installation files for Skyline
            File CopySkylineMSIFile
            {
                Ensure = "Present"
                Type = "File"
                SourcePath = "$SoftwareSource\PKG\FirstAmerican\FINT\Install\FAST\Skyline\SkylineTools.msi"
                DestinationPath = "$LocalSoftwareSource\Skyline\SkylineTools.msi"
                DependsOn = "[Script]StartSkyLineToolsLog"
            }
        
            #Install Skyline
            Package Skyline
            {
                Ensure = "Present"
                Path  = "$LocalSoftwareSource\Skyline\SkylineTools.msi"
                Name = "Skyline Tools"
                ProductId = "4BDFDE0C-B9D3-49BB-9D3C-5C849EE2A67C"
                Arguments = "/quiet"
                DependsOn = "[File]CopySkylineMSIFile"
            }
            
            </CfgItem>
        </Installable>
        <Installable Name="SMTP">
            <Variable>
                If ($IISFeatures){$SMTPFeatures=@("SMTP-Server","RSAT-SMTP")}Else{$SMTPFeatures=@("Web-Lgcy-Mgmt-Console","SMTP-Server","RSAT-SMTP")}
            </Variable>
            <Resource/>
            <CfgItem>
                Script StartSMTPLog
                {
                    GetScript = { @{ Result = $Null } }
                    SetScript = 
                    {
                        $Message = "Installing SMTP Windows Features..."
                        $Status = "InProgress"
                        $LogEntry = "&lt;![LOG[$Message]LOG]!&gt;&lt;time=`"$(Get-Date -Format HH:mm:ss.ffff)`" date=`"$(Get-Date -Format MM-dd-yyyy)`" component=`"$env:COMPUTERNAME`" type=`"Verbose`" status=`"$Status`"&gt;"
                        Add-Content -Path "$using:LogFile" -Value $LogEntry
                    }
                    TestScript = { $False }
                }
                
                # Install SMTP   
                foreach($Feature in $SMTPFeatures)
                {
                    WindowsFeature "SMTP$Feature"
                    {
                        Ensure = "Present"
                        Name = $Feature
                        DependsOn = "[Script]StartSMTPLog"
                    }
                }   
            </CfgItem>
        </Installable>
        <Installable Name="SOAP Toolkit">
            <Variable/>
            <Resource/>
            <CfgItem>
            Script StartSOAPToolkitLog
            {
                GetScript = { @{ Result = $Null } }
                SetScript = 
                {
                    $Message = "Installing SOAP Toolkit..."
                    $Status = "InProgress"
                    $LogEntry = "&lt;![LOG[$Message]LOG]!&gt;&lt;time=`"$(Get-Date -Format HH:mm:ss.ffff)`" date=`"$(Get-Date -Format MM-dd-yyyy)`" component=`"$env:COMPUTERNAME`" type=`"Verbose`" status=`"$Status`"&gt;"
                    Add-Content -Path "$using:LogFile" -Value $LogEntry
                }
                TestScript = { $False }
            }   

            # Copy the installation files for SOAP
            File CopySoapFiles
            {
                Ensure = "Present"
                Type = "Directory"
                Recurse = $True
                SourcePath = "$SoftwareSource\PKG\FirstAmerican\FINT\Install\FAST\SOAP2.0"
                DestinationPath = "$LocalSoftwareSource\SOAP2.0"
                DependsOn = "[Script]StartSOAPToolkitLog"
            }
        
            #Install SOAP
            Package SOAP2.0
            {
                Ensure = "Present"
                Path  = "$LocalSoftwareSource\SOAP2.0\soapsdk.msi"
                Name = "SOAP 2.0 Toolkit"
                ProductId = "36BEAD11-8577-49AD-9250-E06A50AE87B0"
                Arguments = "/quiet"
                DependsOn = "[File]CopySoapFiles"
            }
            
            </CfgItem>
        </Installable>
		<Installable Name="SQL2012SP1-Dev-1-BAT">
            <Resource/>
            <CfgItem>
            Script StartSQLFileCopyLog
            {
                GetScript = { @{ Result = $Null } }
                SetScript = 
                { 
                    $Message = "Copying SQL Files..."
                    $Status = "InProgress"
                    $LogEntry = "&lt;![LOG[$Message]LOG]!&gt;&lt;time=`"$(Get-Date -Format HH:mm:ss.ffff)`" date=`"$(Get-Date -Format MM-dd-yyyy)`" component=`"$env:COMPUTERNAME`" type=`"Verbose`" status=`"$Status`"&gt;"
                    Add-Content -Path "$using:LogFile" -Value $LogEntry
                }
                TestScript = { $False }
                DependsOn = "[WindowsFeature]NetFramework35"
            }

            # copy image files for SQL Server
            File CopySQLFiles
            {
                Ensure = "Present"
                Type = "Directory"
                Recurse = $True 
                SourcePath = "$SoftwareSource\PKG\FirstAmerican\FINT\SQL 2012 SP1 - Developer" # UNC path to SQL source files
                DestinationPath = "$LocalSoftwareSource\SQL-2012-SP1-Dev"
                DependsOn = "[Script]StartSQLFileCopyLog"
            }
            
            Script StartSQLLog
            {
                GetScript = { @{ Result = $Null } }
                SetScript = 
                { 
                    $Message = "Installing SQL..."
                    $Status = "InProgress"
                    $LogEntry = "&lt;![LOG[$Message]LOG]!&gt;&lt;time=`"$(Get-Date -Format HH:mm:ss.ffff)`" date=`"$(Get-Date -Format MM-dd-yyyy)`" component=`"$env:COMPUTERNAME`" type=`"Verbose`" status=`"$Status`"&gt;"
                    Add-Content -Path "$using:LogFile" -Value $LogEntry
                }
                TestScript = { $False }
                DependsOn = "[File]CopySQLFiles"
            }
        
            # Install SQL Server Instance 1
			Script SQL2012SP1-Dev-Instance1
            {
                GetScript = { @{ Result = $Null } }
                SetScript = 
                { 
                    $argList = @( '/q',
                                  '/ACTION="Install"',
                                  '/FEATURES=IS,SSMS,ADV_SSMS',
                                  '/INSTANCENAME="MSSQLSERVER"',
                                  '/SQLSVCACCOUNT="NT SERVICE\MSSQLSERVER"',
                                  '/SQLSYSADMINACCOUNTS="CORP\FAHQ-SG-EIMServerAccess"',
                                  '/AGTSVCACCOUNT="NT AUTHORITY\Network Service"',
                                  '/IACCEPTSQLSERVERLICENSETERMS',
								  '/UpdateEnabled="False"')
                    Start-Process -FilePath "$using:LocalSoftwareSource\SQL-2012-SP1-Dev\setup.exe" -ArgumentList $argList  -Wait
                }
                TestScript = { $False }
                DependsOn = "[Script]StartSQLLog"
            }
			
			# Copy summary.txt file from first SQL instance install
			File CopySummary1
			{
				Ensure = "Present"
				Type = "File"
				SourcePath = "C:\Program Files\Microsoft SQL Server\110\Setup Bootstrap\Log\Summary.txt"
				DestinationPath = "\\azuvputlazur001.corp.firstam.com\Logs\SQLInstallLogs\$env:COMPUTERNAME.MSSQLSERVER.txt"
				DependsOn = "[Script]SQL2012SP1-Dev-Instance1"
			}
						
            </CfgItem>
        </Installable>
		<Installable Name="SQL2012SP1-Dev-FASTPRODandWorkflow">
            <Resource/>
            <CfgItem>
            Script StartSQLFileCopyLog
            {
                GetScript = { @{ Result = $Null } }
                SetScript = 
                { 
                    $Message = "Copying SQL Files..."
                    $Status = "InProgress"
                    $LogEntry = "&lt;![LOG[$Message]LOG]!&gt;&lt;time=`"$(Get-Date -Format HH:mm:ss.ffff)`" date=`"$(Get-Date -Format MM-dd-yyyy)`" component=`"$env:COMPUTERNAME`" type=`"Verbose`" status=`"$Status`"&gt;"
                    Add-Content -Path "$using:LogFile" -Value $LogEntry
                }
                TestScript = { $False }
            }

            # copy image files for SQL Server
            File CopySQLFiles
            {
                Ensure = "Present"
                Type = "Directory"
                Recurse = $True 
                SourcePath = "$SoftwareSource\PKG\FirstAmerican\FINT\SQL 2012 SP1 - Developer" # UNC path to SQL source files
                DestinationPath = "$LocalSoftwareSource\SQL-2012-SP1-Dev"
                DependsOn = "[Script]StartSQLFileCopyLog"
            }
            
            Script StartSQLLogFirstInstance
            {
                GetScript = { @{ Result = $Null } }
                SetScript = 
                { 
                    $Message = "Installing first SQL instance..."
                    $Status = "InProgress"
                    $LogEntry = "&lt;![LOG[$Message]LOG]!&gt;&lt;time=`"$(Get-Date -Format HH:mm:ss.ffff)`" date=`"$(Get-Date -Format MM-dd-yyyy)`" component=`"$env:COMPUTERNAME`" type=`"Verbose`" status=`"$Status`"&gt;"
                    Add-Content -Path "$using:LogFile" -Value $LogEntry
                }
                TestScript = { $False }
                DependsOn = "[File]CopySQLFiles"
            }
			
			# Install SQL Server Instance 1
			Script SQL2012SP1-Dev-Instance1
            {
                GetScript = { @{ Result = $Null } }
                SetScript = 
                { 
                    $argList = @( '/q',
                                  '/ACTION="Install"',
                                  '/FEATURES=SQLENGINE,FULLTEXT,IS,SSMS,ADV_SSMS',
                                  '/INSTANCENAME="MSSQLSERVER"',
                                  '/SQLSVCACCOUNT="NT SERVICE\MSSQLSERVER"',
                                  '/SQLSYSADMINACCOUNTS="CORP\FAHQ-SG-EIMServerAccess"',
                                  '/AGTSVCACCOUNT="NT AUTHORITY\Network Service"',
                                  '/IACCEPTSQLSERVERLICENSETERMS',
								  '/UpdateEnabled="False"')
                    Start-Process -FilePath "$using:LocalSoftwareSource\SQL-2012-SP1-Dev\setup.exe" -ArgumentList $argList  -Wait
                }
                TestScript = { $False }
                DependsOn = "[Script]StartSQLLogFirstInstance"
            }
			
			# Copy summary.txt file from first instance install
			File CopySummary1
			{
				Ensure = "Present"
				Type = "File"
				SourcePath = "C:\Program Files\Microsoft SQL Server\110\Setup Bootstrap\Log\Summary.txt"
				DestinationPath = "\\azuvputlazur001.corp.firstam.com\Logs\SQLInstallLogs\$env:COMPUTERNAME.MSSQLSERVER.txt"
				DependsOn = "[Script]SQL2012SP1-Dev-Instance1"
			}
			
			Script StartSQLLogSecondInstance
            {
                GetScript = { @{ Result = $Null } }
                SetScript = 
                { 
                    $Message = "Installing second SQL instance..."
                    $Status = "InProgress"
                    $LogEntry = "&lt;![LOG[$Message]LOG]!&gt;&lt;time=`"$(Get-Date -Format HH:mm:ss.ffff)`" date=`"$(Get-Date -Format MM-dd-yyyy)`" component=`"$env:COMPUTERNAME`" type=`"Verbose`" status=`"$Status`"&gt;"
                    Add-Content -Path "$using:LogFile" -Value $LogEntry
                }
                TestScript = { $False }
                DependsOn = "[Script]SQL2012SP1-Dev-Instance1"
            }
			
			# Install SQL Server Instance 2
			Script SQL2012SP1-Dev-Instance2
            {
                GetScript = { @{ Result = $Null } }
                SetScript = 
                { 
                    $argList = @( '/q',
                                  '/ACTION="Install"',
                                  '/FEATURES=SQLENGINE,FULLTEXT,IS,SSMS,ADV_SSMS',
                                  '/INSTANCENAME="WORKFLOW"',
                                  '/SQLSVCACCOUNT="NT SERVICE\MSSQL$WORKFLOW"',
                                  '/SQLSYSADMINACCOUNTS="CORP\FAHQ-SG-EIMServerAccess"',
                                  '/AGTSVCACCOUNT="NT SERVICE\SQLAgent$WORKFLOW"',
                                  '/IACCEPTSQLSERVERLICENSETERMS',
								  '/UpdateEnabled="False"')
                    Start-Process -FilePath "$using:LocalSoftwareSource\SQL-2012-SP1-Dev\setup.exe" -ArgumentList $argList  -Wait
                }
                TestScript = { $False }
                DependsOn = "[Script]StartSQLLogFirstInstance"
            }
			
			# Copy summary.txt file from second instance install
			File CopySummary2
			{
				Ensure = "Present"
				Type = "File"
				SourcePath = "C:\Program Files\Microsoft SQL Server\110\Setup Bootstrap\Log\Summary.txt"
				DestinationPath = "\\azuvputlazur001.corp.firstam.com\Logs\SQLInstallLogs\$env:COMPUTERNAME.WORKFLOW.txt"
				DependsOn = "[Script]SQL2012SP1-Dev-Instance2"
			}			
			            
            </CfgItem>
        </Installable>
		<Installable Name="SQL2012SP1-Dev-ImagingandDocPrep">
            <Resource/>
            <CfgItem>
            Script StartSQLFileCopyLog
            {
                GetScript = { @{ Result = $Null } }
                SetScript = 
                { 
                    $Message = "Copying SQL Files..."
                    $Status = "InProgress"
                    $LogEntry = "&lt;![LOG[$Message]LOG]!&gt;&lt;time=`"$(Get-Date -Format HH:mm:ss.ffff)`" date=`"$(Get-Date -Format MM-dd-yyyy)`" component=`"$env:COMPUTERNAME`" type=`"Verbose`" status=`"$Status`"&gt;"
                    Add-Content -Path "$using:LogFile" -Value $LogEntry
                }
                TestScript = { $False }
            }

            # copy image files for SQL Server
            File CopySQLFiles
            {
                Ensure = "Present"
                Type = "Directory"
                Recurse = $True 
                SourcePath = "$SoftwareSource\PKG\FirstAmerican\FINT\SQL 2012 SP1 - Developer" # UNC path to SQL source files
                DestinationPath = "$LocalSoftwareSource\SQL-2012-SP1-Dev"
                DependsOn = "[Script]StartSQLFileCopyLog"
            }
            
            Script StartSQLLogFirstInstance
            {
                GetScript = { @{ Result = $Null } }
                SetScript = 
                { 
                    $Message = "Installing first SQL instance..."
                    $Status = "InProgress"
                    $LogEntry = "&lt;![LOG[$Message]LOG]!&gt;&lt;time=`"$(Get-Date -Format HH:mm:ss.ffff)`" date=`"$(Get-Date -Format MM-dd-yyyy)`" component=`"$env:COMPUTERNAME`" type=`"Verbose`" status=`"$Status`"&gt;"
                    Add-Content -Path "$using:LogFile" -Value $LogEntry
                }
                TestScript = { $False }
                DependsOn = "[File]CopySQLFiles"
            }
			
			# Install SQL Server Instance 1
			Script SQL2012SP1-Dev-Instance1
            {
                GetScript = { @{ Result = $Null } }
                SetScript = 
                { 
                    $argList = @( '/q',
                                  '/ACTION="Install"',
                                  '/FEATURES=SQLENGINE,FULLTEXT,IS,SSMS,ADV_SSMS',
                                  '/INSTANCENAME="MSSQLSERVER"',
                                  '/SQLSVCACCOUNT="NT SERVICE\MSSQLSERVER"',
                                  '/SQLSYSADMINACCOUNTS="CORP\FAHQ-SG-EIMServerAccess"',
                                  '/AGTSVCACCOUNT="NT AUTHORITY\Network Service"',
                                  '/IACCEPTSQLSERVERLICENSETERMS',
								  '/UpdateEnabled="False"')
                    Start-Process -FilePath "$using:LocalSoftwareSource\SQL-2012-SP1-Dev\setup.exe" -ArgumentList $argList  -Wait
                }
                TestScript = { $False }
                DependsOn = "[Script]StartSQLLogFirstInstance"
            }
			
			# Copy summary.txt file from first instance install
			File CopySummary1
			{
				Ensure = "Present"
				Type = "File"
				SourcePath = "C:\Program Files\Microsoft SQL Server\110\Setup Bootstrap\Log\Summary.txt"
				DestinationPath = "\\azuvputlazur001.corp.firstam.com\Logs\SQLInstallLogs\$env:COMPUTERNAME.MSSQLSERVER.txt"
				DependsOn = "[Script]SQL2012SP1-Dev-Instance1"
			}
			
			Script StartSQLLogSecondInstance
            {
                GetScript = { @{ Result = $Null } }
                SetScript = 
                { 
                    $Message = "Installing second SQL instance..."
                    $Status = "InProgress"
                    $LogEntry = "&lt;![LOG[$Message]LOG]!&gt;&lt;time=`"$(Get-Date -Format HH:mm:ss.ffff)`" date=`"$(Get-Date -Format MM-dd-yyyy)`" component=`"$env:COMPUTERNAME`" type=`"Verbose`" status=`"$Status`"&gt;"
                    Add-Content -Path "$using:LogFile" -Value $LogEntry
                }
                TestScript = { $False }
                DependsOn = "[Script]SQL2012SP1-Dev-Instance1"
            }
			
			# Install SQL Server Instance 2
			Script SQL2012SP1-Dev-Instance2
            {
                GetScript = { @{ Result = $Null } }
                SetScript = 
                { 
                    $argList = @( '/q',
                                  '/ACTION="Install"',
                                  '/FEATURES=SQLENGINE,FULLTEXT,IS,SSMS,ADV_SSMS',
                                  '/INSTANCENAME="DOCPREP"',
                                  '/SQLSVCACCOUNT="NT SERVICE\MSSQL$DOCPREP"',
                                  '/SQLSYSADMINACCOUNTS="CORP\FAHQ-SG-EIMServerAccess"',
                                  '/AGTSVCACCOUNT="NT SERVICE\SQLAgent$DOCPREP"',
                                  '/IACCEPTSQLSERVERLICENSETERMS',
								  '/UpdateEnabled="False"')
                    Start-Process -FilePath "$using:LocalSoftwareSource\SQL-2012-SP1-Dev\setup.exe" -ArgumentList $argList  -Wait
                }
                TestScript = { $False }
                DependsOn = "[Script]StartSQLLogFirstInstance"
            }
			
			# Copy summary.txt file from second instance install
			File CopySummary2
			{
				Ensure = "Present"
				Type = "File"
				SourcePath = "C:\Program Files\Microsoft SQL Server\110\Setup Bootstrap\Log\Summary.txt"
				DestinationPath = "\\azuvputlazur001.corp.firstam.com\Logs\SQLInstallLogs\$env:COMPUTERNAME.DOCPREP.txt"
				DependsOn = "[Script]SQL2012SP1-Dev-Instance2"
			}			
			            
            </CfgItem>
        </Installable>
		<Installable Name="SQL2012SP1-Dev-SPDP">
            <Resource/>
            <CfgItem>
            Script StartSQLFileCopyLog
            {
                GetScript = { @{ Result = $Null } }
                SetScript = 
                { 
                    $Message = "Copying SQL Files..."
                    $Status = "InProgress"
                    $LogEntry = "&lt;![LOG[$Message]LOG]!&gt;&lt;time=`"$(Get-Date -Format HH:mm:ss.ffff)`" date=`"$(Get-Date -Format MM-dd-yyyy)`" component=`"$env:COMPUTERNAME`" type=`"Verbose`" status=`"$Status`"&gt;"
                    Add-Content -Path "$using:LogFile" -Value $LogEntry
                }
                TestScript = { $False }
            }

            # copy image files for SQL Server
            File CopySQLFiles
            {
                Ensure = "Present"
                Type = "Directory"
                Recurse = $True 
                SourcePath = "$SoftwareSource\PKG\FirstAmerican\FINT\SQL 2012 SP1 - Developer" # UNC path to SQL source files
                DestinationPath = "$LocalSoftwareSource\SQL-2012-SP1-Dev"
                DependsOn = "[Script]StartSQLFileCopyLog"
            }
            
            Script StartSQLLogFirstInstance
            {
                GetScript = { @{ Result = $Null } }
                SetScript = 
                { 
                    $Message = "Installing first SQL instance..."
                    $Status = "InProgress"
                    $LogEntry = "&lt;![LOG[$Message]LOG]!&gt;&lt;time=`"$(Get-Date -Format HH:mm:ss.ffff)`" date=`"$(Get-Date -Format MM-dd-yyyy)`" component=`"$env:COMPUTERNAME`" type=`"Verbose`" status=`"$Status`"&gt;"
                    Add-Content -Path "$using:LogFile" -Value $LogEntry
                }
                TestScript = { $False }
                DependsOn = "[File]CopySQLFiles"
            }
			
			# Install SQL Server Instance 1
			Script SQL2012SP1-Dev-Instance1
            {
                GetScript = { @{ Result = $Null } }
                SetScript = 
                { 
                    $argList = @( '/q',
                                  '/ACTION="Install"',
                                  '/FEATURES=SQLENGINE,FULLTEXT,IS,SSMS,ADV_SSMS',
                                  '/INSTANCENAME="MSSQLSERVER"',
                                  '/SQLSVCACCOUNT="NT SERVICE\MSSQLSERVER"',
                                  '/SQLSYSADMINACCOUNTS="CORP\FAHQ-SG-EIMServerAccess"',
                                  '/AGTSVCACCOUNT="NT AUTHORITY\Network Service"',
                                  '/IACCEPTSQLSERVERLICENSETERMS',
								  '/UpdateEnabled="False"')
                    Start-Process -FilePath "$using:LocalSoftwareSource\SQL-2012-SP1-Dev\setup.exe" -ArgumentList $argList  -Wait
                }
                TestScript = { $False }
                DependsOn = "[Script]StartSQLLogFirstInstance"
            }
			
			# Copy summary.txt file from first instance install
			File CopySummary1
			{
				Ensure = "Present"
				Type = "File"
				SourcePath = "C:\Program Files\Microsoft SQL Server\110\Setup Bootstrap\Log\Summary.txt"
				DestinationPath = "\\azuvputlazur001.corp.firstam.com\Logs\SQLInstallLogs\$env:COMPUTERNAME.MSSQLSERVER.txt"
				DependsOn = "[Script]SQL2012SP1-Dev-Instance1"
			}
			</CfgItem>
        </Installable>
        <Installable Name="Systemprofile Desktop Folder">
            <Variable/>
            <Resource/>
            <CfgItem>
            Script SystemprofileFoldersLog
            {
                GetScript = { @{ Result = $Null } }
                SetScript = 
                { 
                    $Message = "Creating Systemprofile Desktop folders..."
                    $Status = "InProgress"
                    $LogEntry = "&lt;![LOG[$Message]LOG]!&gt;&lt;time=`"$(Get-Date -Format HH:mm:ss.ffff)`" date=`"$(Get-Date -Format MM-dd-yyyy)`" component=`"$env:COMPUTERNAME`" type=`"Verbose`" status=`"$Status`"&gt;"
                    Add-Content -Path "$using:LogFile" -Value $LogEntry
                }
                TestScript = { $False }
            }
            
            File System32ConfigSystemprofileDesktop
            {
                Ensure = "Present"
                Type = "Directory"
                DestinationPath = "C:\Windows\System32\config\systemprofile\Desktop"
            }
            
            File SysWow64ConfigSystemprofileDesktop
            {
                Ensure = "Present"
                Type = "Directory"
                DestinationPath = "C:\Windows\SysWOW64\config\systemprofile\Desktop"
            }
            
            </CfgItem>
        </Installable>
        <Installable Name="TPQ Queues">
            <Variable/>
            <Resource/>
            <CfgItem>
            Script CreateMSMQQueuesLog
            {
                GetScript = { @{ Result = $Null } }
                SetScript = 
                { 
                    $Message = "Creating MSMQ Queues for TPQ server..."
                    $Status = "InProgress"
                    $LogEntry = "&lt;![LOG[$Message]LOG]!&gt;&lt;time=`"$(Get-Date -Format HH:mm:ss.ffff)`" date=`"$(Get-Date -Format MM-dd-yyyy)`" component=`"$env:COMPUTERNAME`" type=`"Verbose`" status=`"$Status`"&gt;"
                    Add-Content -Path "$using:LogFile" -Value $LogEntry
                }
                TestScript = { $False }
            }

            # Create TPQ Queues
            Script Queues
            {
                GetScript = { @{ Result = $Null } }
                # When TestScript returns $False, SetScript will be called during runtime. If $True, SetScript will be not be called
                TestScript = { $False }
                # Adds all of the respective queues
                SetScript = 
                {
                    $TransactionalQueues = @("agentholdingq","agenttransporter","bulkmailqueue","docassoctransporter",`
                    "docrequest","docrequest2","documentrequestqueue","fastrtm","interfacetransporter","latexq", `
                    "newdocassoctransporter","newlatexq","newrtmtransporter","newsystemdocqueue","newtransporter", `
                    "rtmtransporter","systemdocqueue","transporter")
                    
                    Foreach($TransactionalQueue in $TransactionalQueues)
                    {
                        # Uncomment line below when running as FASTROBOT account to add the queues to the TPQ server
                        #New-MsmqQueue -Name $TransactionalQueue -QueueType Private -Transactional
                    }
                    
                    $NontransactionalQueues = @("btslistenerq","documentrequest2","ebusdatedownrequest","ebusdatedownresponse", `
                    "ebusetitlerequest","ebusfastsearchresponse","ebusfispayoffdemandrequest","ebusfispayoffdemandresponse", `
                    "ebusinessrequest","ebusinessretry","ebusinessretrydeadletter","ebusinessstatus","ebusondemandextractrequest", `
                    "ebuspayoffdemand","ebusrecordeddocrequest","ebusrecordedresponse","ebustenrequest","ebuswirelinkrequest", `
                    "fastadmininfo","fastibabtslistenerq","fastibalistenerq","fasttrust32btslistenerq","workqattachqueue", `
                    "wsattachqueue","wspresponsequeue")
                    
                    Foreach($NontransactionalQueue in $NontransactionalQueues)
                    {
                        # Uncomment line below when running as FASTROBOT account to add the queues to the TPQ server
                        #New-MsmqQueue -Name $NontransactionalQueue -QueueType Private
                    }
                }
                DependsOn = "[Script]CreateMSMQQueuesLog"
            }
            
            </CfgItem>
        </Installable>
        <Installable Name="Update Default Website Home Directory">
            <Variable/>
            <Resource/>
            <CfgItem>
            Script CreateWebConfigLog
            {
                GetScript = { @{ Result = $Null } }
                SetScript = 
                { 
                    $Message = "Creating Web.config file..."
                    $Status = "InProgress"
                    $LogEntry = "&lt;![LOG[$Message]LOG]!&gt;&lt;time=`"$(Get-Date -Format HH:mm:ss.ffff)`" date=`"$(Get-Date -Format MM-dd-yyyy)`" component=`"$env:COMPUTERNAME`" type=`"Verbose`" status=`"$Status`"&gt;"
                    Add-Content -Path "$using:LogFile" -Value $LogEntry
                }
                TestScript = { $False }
                DependsOn = "[WindowsFeature]IIS$($IISFeatures[-1])"
            }

            # Create the Web.Config
            File WebConfig
            {
                Ensure = "Present"
                DestinationPath = "c:\inetpub\wwwroot\web.Config"
                Contents = 
                "&lt;?xml version=`"1.0`" encoding=`"UTF-8`"?>
                &lt;configuration>
                 &lt;system.webServer>
                  &lt;httpRedirect enabled=`"true`" destination=`"/smsfast`" exactDestination=`"false`" childOnly=`"true`" httpResponseStatus=`"Found`">
                   &lt;add wildcard=`"*.php`" destination=`"/default.htm`" />
                  &lt;/httpRedirect>
                 &lt;/system.webServer>
                &lt;/configuration>"
                DependsOn = "[Script]CreateWebConfigLog"
            }
            
            </CfgItem>
        </Installable>
        <Installable Name="Word 2000">
            <Variable/>
            <Resource/>
            <CfgItem>
            Script InstallOffice2000Log
            {
                GetScript = { @{ Result = $Null } }
                SetScript = 
                {
                    $Message = "Installing Office 2000..."
                    $Status = "InProgress"
                    $LogEntry = "&lt;![LOG[$Message]LOG]!&gt;&lt;time=`"$(Get-Date -Format HH:mm:ss.ffff)`" date=`"$(Get-Date -Format MM-dd-yyyy)`" component=`"$env:COMPUTERNAME`" type=`"Verbose`" status=`"$Status`"&gt;"
                    Add-Content -Path "$using:LogFile" -Value $LogEntry
                }
                TestScript = { $False }
            }   

            # Copy the installation files for Word 2000
            File CopyOffice2000Files
            {
                Ensure = "Present"
                Type = "Directory"
                Recurse = $True
                SourcePath = "$SoftwareSource\PKG\FirstAmerican\FINT\Install\FAST\MS Office 2000"
                DestinationPath = "$LocalSoftwareSource\MS Office 2000"
                DependsOn = "[Script]InstallOffice2000Log"              
            }

            Script InstallWord2000
            {
                GetScript = { @{ Result = $Null } }
                # When TestScript returns $False, SetScript will be called during runtime. If $True, SetScript will be not be called
                TestScript = { $False }
                # Call the Word installer
                SetScript = { Start-Process -FilePath "$using:LocalSoftwareSource\MS Office 2000\setup.exe" -ArgumentList "TRANSFORMS=word2000only.mst /qn+" -Wait }
                DependsOn = "[File]CopyOffice2000Files"
            }
            
            </CfgItem>
        </Installable>
        <Installable Name="Word And Excel 2007">
            <Variable/>
            <Resource/>
            <CfgItem>
            Script InstallOffice2007Log
            {
                GetScript = { @{ Result = $Null } }
                SetScript = 
                {
                    $Message = "Installing Word and Excel 2007..."
                    $Status = "InProgress"
                    $LogEntry = "&lt;![LOG[$Message]LOG]!&gt;&lt;time=`"$(Get-Date -Format HH:mm:ss.ffff)`" date=`"$(Get-Date -Format MM-dd-yyyy)`" component=`"$env:COMPUTERNAME`" type=`"Verbose`" status=`"$Status`"&gt;"
                    Add-Content -Path "$using:LogFile" -Value $LogEntry
                }
                TestScript = { $False }
            }
            
            # Copy the installation files for Office 2007
            File CopyOffice2007Files
            {
                Ensure = "Present"
                Type = "Directory"
                Recurse = $True
                SourcePath = "$SoftwareSource\PKG\FirstAmerican\FINT\Install\FAST\MS Office 2007"
                DestinationPath = "$LocalSoftwareSource\MS Office 2007"
                DependsOn = "[Script]InstallOffice2007Log"
            }

            Script InstallWordExcel2007
            {
                GetScript = { @{ Result = $Null } }
                # When TestScript returns $False, SetScript will be called during runtime. If $True, SetScript will be not be called
                TestScript = { $False }
                # Call the Word installer
                SetScript = { Start-Process -FilePath "$using:LocalSoftwareSource\MS Office 2007\setup.exe" -ArgumentList "/adminfile Word-Excel-Shared-Features-and-Tools-only.MSP" -Wait }
                DependsOn = "[File]CopyOffice2007Files"
            }
            
            </CfgItem>
        </Installable>
    </Installables>
</Composite>