<?xml version="1.0" encoding="utf-8"?>
<Composite Version="2.0">
	<Roles>
		<Role Name="STD" Version="1.0">
			<Components/>
		</Role>
		<Role Name="2012IIS" Version="1.0">
			<Components>
				<Component Name="2012.NET Framework 3.5"/>
				<Component Name="IIS 8.0"/>
			</Components>
		</Role>
		<Role Name="2012IISMSMQ" Version="1.0">
			<Components>
				<Component Name="2012.NET Framework 3.5"/>
				<Component Name="IIS 8.0"/>
				<Component Name="MSMQ"/>
			</Components>
		</Role>
		<Role Name="SQL" Version="1.0">
			<Components/>
		</Role>
	</Roles>
	<Installables>
		<Installable Name="2012.NET Framework 3.5">
			<Variable/>
			<Resource/>
			<CfgItem>
                Script StartCopyOSLog {
                    GetScript = { @{ Result = $Null } }
                    SetScript =  {
                        $Message = "Copying OS files..."
                        $Status = "InProgress"
                        $LogEntry = '&lt;![LOG[$Message]LOG]!&gt;&lt;time=`"$(Get-Date -Format HH:mm:ss.ffff)`" date=`"$(Get-Date -Format MM-dd-yyyy)`" component=`"$env:COMPUTERNAME`" type=`"Verbose`" status=`"$Status`"&gt;'
                        Add-Content -Path "$using:LogFile" -Value $LogEntry
                    }
                    TestScript = { $False }
                }
                
                # Copy OS files
                File CopyOSImage {
                    Ensure = "Present"
                    Type = "Directory"
                    Recurse = $True 
                    SourcePath = "$SoftwareSource\sxs"
                    DestinationPath = "$LocalSoftwareSource\sxs"
                    DependsOn = "[Script]StartCopyOSLog"				
                }
                
                Script StartNetFramework35Install {
                    GetScript = { @{ Result = $Null } }
                    SetScript =  {
                        $Message = "Installing .NET Framework 3.5..."
                        $Status = "InProgress"
                        $LogEntry = '&lt;![LOG[$Message]LOG]!&gt;&lt;time=`"$(Get-Date -Format HH:mm:ss.ffff)`" date=`"$(Get-Date -Format MM-dd-yyyy)`" component=`"$env:COMPUTERNAME`" type=`"Verbose`" status=`"$Status`"&gt;'
                        Add-Content -Path "$using:LogFile" -Value $LogEntry
                    }
                    TestScript = { $False }
                    DependsOn = "[File]CopyOSImage"
                }
                
                # Install .NET Framework 3.5
                WindowsFeature NetFramework35 {
                    Ensure = "Present"
                    Name = "NET-Framework-Core"
                    Source = "$LocalSoftwareSource\sxs"
                    DependsOn = "[Script]StartNetFramework35Install"
                }
			</CfgItem>
		</Installable>
		<Installable Name="IIS 8.0">
			<Variable>
                $IISFeatures=@("NET-Framework-45-ASPNET", `
                    "NET-WCF-HTTP-Activation45", "NET-WCF-MSMQ-Activation45", "NET-WCF-Pipe-Activation45", "NET-WCF-TCP-Activation45", "NET-WCF-TCP-PortSharing45", `
                    "Web-Server", "Web-WebServer", "Web-Common-Http", "Web-Default-Doc", "Web-Dir-Browsing", "Web-Http-Errors", "Web-Static-Content", "Web-Http-Redirect", `
                    "Web-Health", "Web-Http-Logging", "Web-Custom-Logging", "Web-Log-Libraries", "Web-Request-Monitor", "Web-Http-Tracing", `
                    "Web-Performance", "Web-Stat-Compression", "Web-Dyn-Compression", `
                    "Web-Security", "Web-Filtering", "Web-Basic-Auth", "Web-Client-Auth", "Web-Windows-Auth", `
                    "Web-App-Dev", "Web-Net-Ext", "Web-Net-Ext45", "Web-AppInit", "Web-ASP", "Web-Asp-Net", "Web-Asp-Net45", "Web-CGI", "Web-ISAPI-Ext", "Web-ISAPI-Filter", "Web-Includes", `
                    "Web-Mgmt-Tools", "Web-Mgmt-Console", "Web-Mgmt-Compat", "Web-Metabase", "Web-Lgcy-Mgmt-Console", "Web-Lgcy-Scripting", "Web-WMI", "Web-Scripting-Tools", "Web-Mgmt-Service", `
                    "WoW64-Support", `
                    "Application-Server", "AS-NET-Framework", "AS-Web-Support")
			</Variable>
			<Resource/>
			<CfgItem>
                Script StartIISLog {
                    GetScript = { @{ Result = $Null } }
                    SetScript = {
                        $Message = "Installing IIS..."
                        $Status = "InProgress"
                        $LogEntry = '&lt;![LOG[$Message]LOG]!&gt;&lt;time=`"$(Get-Date -Format HH:mm:ss.ffff)`" date=`"$(Get-Date -Format MM-dd-yyyy)`" component=`"$env:COMPUTERNAME`" type=`"Verbose`" status=`"$Status`"&gt;'
                        Add-Content -Path "$using:LogFile" -Value $LogEntry
                    }
                    TestScript = { $False }
                    DependsOn = "[WindowsFeature]NetFramework35"
                }	

                # Install IIS and associated features
                foreach($Feature in $IISFeatures) {
                    WindowsFeature "IIS$Feature" {
                        Ensure = "Present"
                        Name = $Feature
                        Source = "$LocalSoftwareSource\Sxs"
                        DependsOn = "[Script]StartIISLog"
                    }
                }
			</CfgItem>
		</Installable>
		<Installable Name="MSMQ">
			<Variable>
                If ($IISFeatures){
                    $MSMQFeatures=@("MSMQ","MSMQ-Services","MSMQ-Server","MSMQ-Directory")
                } Else {
                    $MSMQFeatures=@("MSMQ","MSMQ-Services","MSMQ-Server","MSMQ-Directory","WoW64-Support")
                }
			</Variable>
			<Resource/>
			<CfgItem>
                Script StartMSMQLog {
                    GetScript = { @{ Result = $Null } }
                    SetScript = {
                        $Message = "Installing MSMQ Windows Features..."
                        $Status = "InProgress"
                        $LogEntry = '&lt;![LOG[$Message]LOG]!&gt;&lt;time=`"$(Get-Date -Format HH:mm:ss.ffff)`" date=`"$(Get-Date -Format MM-dd-yyyy)`" component=`"$env:COMPUTERNAME`" type=`"Verbose`" status=`"$Status`"&gt;'
                        Add-Content -Path "$using:LogFile" -Value $LogEntry
                    }
                    TestScript = { $False }
                }	
                
                # Install MSMQ   
                foreach($Feature in $MSMQFeatures) {
                    WindowsFeature "MSMQ$Feature" {
                        Ensure = "Present"
                        Name = $Feature
                        DependsOn = "[Script]StartMSMQLog"
                    }
                }
			</CfgItem>
		</Installable>
		<Installable Name="SMTP">
			<Variable>
                If ($IISFeatures) {
                    $SMTPFeatures=@("SMTP-Server","RSAT-SMTP")
                } Else { 
                    $SMTPFeatures=@("Web-Lgcy-Mgmt-Console","SMTP-Server","RSAT-SMTP")
                }
			</Variable>
			<Resource/>
			<CfgItem>
                Script StartSMTPLog {
                    GetScript = { @{ Result = $Null } }
                    SetScript =  {
                        $Message = "Installing SMTP Windows Features..."
                        $Status = "InProgress"
                        $LogEntry = '&lt;![LOG[$Message]LOG]!&gt;&lt;time=`"$(Get-Date -Format HH:mm:ss.ffff)`" date=`"$(Get-Date -Format MM-dd-yyyy)`" component=`"$env:COMPUTERNAME`" type=`"Verbose`" status=`"$Status`"&gt;'
                        Add-Content -Path "$using:LogFile" -Value $LogEntry
                    }
                    TestScript = { $False }
                }
                
                # Install SMTP   
                foreach($Feature in $SMTPFeatures) {
                    WindowsFeature "SMTP$Feature" {
                        Ensure = "Present"
                        Name = $Feature
                        DependsOn = "[Script]StartSMTPLog"
                    }
                }
			</CfgItem>
		</Installable>
	</Installables>
</Composite>