{
  "Name": "SQL Azure Database CustomRole",
  "IsCustom": true,
  "Description": "Lets you manage virtual machines",
  "Actions": [

    "Microsoft.Authorization/classicAdministrators/read",
    "Microsoft.Authorization/classicAdministrators/write",
    "Microsoft.Authorization/classicAdministrators/delete",
    "Microsoft.Authorization/locks/read",
    "Microsoft.Authorization/locks/write",
    "Microsoft.Authorization/locks/delete",
    "Microsoft.Authorization/permissions/read",
    "Microsoft.Authorization/roleDefinitions/read",
    "Microsoft.Authorization/roleDefinitions/write",
    "Microsoft.Authorization/roleDefinitions/delete",
    "Microsoft.Authorization/providerOperations/read",
    "Microsoft.Authorization/roleAssignments/read",
    "Microsoft.Authorization/roleAssignments/write",
    "Microsoft.Authorization/roleAssignments/delete",
    "Microsoft.Insights/AlertRules/Write",
    "Microsoft.Insights/AlertRules/Delete",
    "Microsoft.Insights/AlertRules/Read",
    "Microsoft.Insights/AlertRules/Activated/Action",
    "Microsoft.Insights/AlertRules/Resolved/Action",
    "Microsoft.Insights/AlertRules/Throttled/Action",
    "Microsoft.Insights/AlertRules/Incidents/Read"


  ],
  "NotActions": [

  ],
  "AssignableScopes": [
    "/subscriptions/bf20baff-6e4f-45cc-ac8e-4703370e524c/"
  ]
}
