<ProvisionVMs>
  <Subscription Name="MT-1-AzureSub-1">
    <Cloud Name="SO-2-1-AZUR-RG-10" vNet="SO-2-1-IaaS-VN-1" Environment="AZUR">
      <!--Settings under default node are applicable to all VMs being provisioned.-->
      <Defaults>
        <Config Name="Owner" Value="SO"/>
        <Config Name="AdminUserName" Value="faadmin"/>
        <!--D:\Work\Projects\Source\FA-ARM\Code\FA.ARM\FA.ARM.Scripts\FA Scripts\VM\Data\DSCConfigs\DSCConfig-Unusable-v13.xml-->
        <Config Name="DSCConfigFile" Value="E:\Storage\FA-ARM\Code\FA.ARM\FA.ARM.Scripts\FA Scripts\VM\Data\DSCConfigs\DSCConfig-Unusable-v13.xml"/>
        <Config Name="MachineTimeZone" Value="Pacific Standard Time"/>
        <Config Name="LocalSoftwareSource" Value="D:\Software"/>
        <Config Name="SoftwareSource" Value="\\azuvputlazur001.corp.firstam.com\Software"/>
        <Config Name="CentralLogTarget" Value="D:\FALogs"/>
        <Config Name="DSCSource" Value="\\azuvputlazur001.corp.firstam.com\DSCConfigs"/>
        <Config Name="CertSubjectName" Value="DSCInstall"/>

        <!--For ARM VM Platform Image Qualifiers-->
        <Config Name="ImageOSType" Value="Windows"/>
        <Config Name="ImagePublisherName" Value="MicrosoftWindowsServer"/>
        <Config Name="ImageOfferName" Value="WindowsServer"/>
        <Config Name="ImageSKUName" Value="2012-R2-Datacenter"/>
        
        <!--For Domain join of ARM VMs-->
        <Config Name="Domain" Value="faazure.local"/> <!--Value of the 'Domain' config parameter decides if the VM is to be domain joined.-->
        <Config Name="DomainOU" Value="OU=DataCenter,DC=faazure,DC=local"/>
        
        <!--For Executing custom script extension on ARM VMs-->
        <!--Value of the 'SetCustomScriptExecution' config parameter, This value has to be set as 'True' if the custom script extension is to be executed on the VM. Any other value than 'True' will not run custom script extentions on VMs-->
        <Config Name="SetCustomScriptExecution" Value="True"/>
        <!--Optional parameters. If not specified, default FA specified custom script will be executed on the new VM. -->
        <Config Name="ScriptStorageAccount" Value="testdomainjoin1storage"/>
        <Config Name="ScriptContainer" Value="scripts"/>
        <Config Name="ScriptFileName" Value="Configure-FAServerStandard.ps1"/>
        <Config Name="ScriptRunCommand" Value="Configure-FAServerStandard.ps1"/>
        <Config Name="ScriptArgument" Value="-VMName CreateEnv"/>
        
      </Defaults>
      <VMs>
        <VM Name="FA-RM-VM-15">
          <Role Name="IIS" Version="1.0"/>
          <Config Name="InstanceSize" Value="Standard_A1"/>
          <Config Name="StorageAccount" Value="soa22s38azursa78"/>
          <Config Name="SubnetName" Value="S-10.3.0.0-16"/>
          <Config Name="PIPName" Value="FA-RM-VM-15-PIP1"/>
          <Config Name="DNSNameLabel" Value=""/>
          <Config Name="NSGName" Value=""/>
          <Config Name="AvailabilitySetName" Value=""/>
          <Config Name="IPAddress" Value=""/>
          <Config Name="Tags" Value="env1:Test1"/>
          
          <!--For ARM VM Multiple data disks-->
          <DataDisks>
            <DataDiskInfo>
                <Config Name="DDContainerPath" Value="https://soa22s38azursa78.blob.core.windows.net/vhds/"/>
                <Config Name="DataDiskSize" Value="1"/>
            </DataDiskInfo>
           <DataDiskInfo>
                <Config Name="DDContainerPath" Value="https://soa2s1azursa99.blob.core.windows.net/vhds/"/>
                <Config Name="DataDiskSize" Value="2"/>
            </DataDiskInfo>
          </DataDisks>
        </VM>
        
        <VM Name="FA-RM-VM-20">
          <Role Name="AUT" Version="1.0"/>
          <Config Name="InstanceSize" Value="Standard_A1"/>
          <Config Name="StorageAccount" Value="soa2s1azursa99"/>
          <Config Name="SubnetName" Value="S-10.3.0.0-16"/>
          <Config Name="PIPName" Value="FA-RM-VM-20-PIP1"/>
          <Config Name="DNSNameLabel" Value=""/>
          <Config Name="NSGName" Value=""/>
          <Config Name="AvailabilitySetName" Value=""/>
          <Config Name="IPAddress" Value=""/>
          <Config Name="Tags" Value="env1:Test1"/>
          <DataDisks>
            <DataDiskInfo>
                <Config Name="DDContainerPath" Value="https://soa2s1azursa91.blob.core.windows.net/vhds/"/>
                <Config Name="DataDiskSize" Value="1"/>
            </DataDiskInfo>
           <DataDiskInfo>
                <Config Name="DDContainerPath" Value="https://soa22s38azursa65.blob.core.windows.net/vhds/"/>
                <Config Name="DataDiskSize" Value="1"/>
            </DataDiskInfo>
          </DataDisks>
        </VM> 
        <!--<VM Name="AZUVNBATAZUR961">
          <Role Name="BAT" Version="1.0"/>
          <Config Name="InstanceSize" Value="Medium"/>
          <Config Name="StorageAccount" Value=""/>
          <Config Name="SubnetName" Value="S-10.64.10.0/23"/>
          <Config Name="PIPName" Value=""/>
          <Config Name="DNSNameLabel" Value=""/>
          <Config Name="NSGName" Value=""/>
          <Config Name="AvailabilitySetName" Value=""/>
          <Config Name="IPAddress" Value=""/>
          <Config Name="Tags" Value=""/>
          <DataDisks>
            <DataDiskInfo>
                <Config Name="DDContainerPath" Value="https://soa2s1azursa10.blob.core.windows.net/vhds/"/>
                <Config Name="DataDiskSize" Value="1"/>
            </DataDiskInfo>
           <DataDiskInfo>
                <Config Name="DDContainerPath" Value="https://soa2s1azursa10.blob.core.windows.net/vhds/"/>
                <Config Name="DataDiskSize" Value="1"/>
            </DataDiskInfo>
          </DataDisks>
        </VM>
        <VM Name="AZUVNCHKAZUR961">
          <Role Name="CHK" Version="1.0"/>
          <Config Name="InstanceSize" Value="Medium"/>
          <Config Name="StorageAccount" Value=""/>
          <Config Name="SubnetName" Value="S-10.64.10.0/23"/>
          <Config Name="PIPName" Value=""/>
          <Config Name="DNSNameLabel" Value=""/>
          <Config Name="NSGName" Value=""/>
          <Config Name="AvailabilitySetName" Value=""/>
          <Config Name="IPAddress" Value=""/>
          <Config Name="Tags" Value=""/>
          <DataDisks>
            <DataDiskInfo>
                <Config Name="DDContainerPath" Value="https://soa2s1azursa10.blob.core.windows.net/vhds/"/>
                <Config Name="DataDiskSize" Value="1"/>
            </DataDiskInfo>
           <DataDiskInfo>
                <Config Name="DDContainerPath" Value="https://soa2s1azursa10.blob.core.windows.net/vhds/"/>
                <Config Name="DataDiskSize" Value="1"/>
            </DataDiskInfo>
          </DataDisks>
        </VM>
        <VM Name="AZUVNDLVAZUR961">
          <Role Name="DLV (Legacy)" Version="1.0"/>
          <Config Name="InstanceSize" Value="Small"/>
          <Config Name="StorageAccount" Value=""/>
          <Config Name="SubnetName" Value="S-10.64.10.0/23"/>
          <Config Name="PIPName" Value=""/>
          <Config Name="DNSNameLabel" Value=""/>
          <Config Name="NSGName" Value=""/>
          <Config Name="AvailabilitySetName" Value=""/>
          <Config Name="IPAddress" Value=""/>
          <Config Name="Tags" Value=""/>
          <DataDisks>
            <DataDiskInfo>
                <Config Name="DDContainerPath" Value="https://soa2s1azursa10.blob.core.windows.net/vhds/"/>
                <Config Name="DataDiskSize" Value="1"/>
            </DataDiskInfo>
           <DataDiskInfo>
                <Config Name="DDContainerPath" Value="https://soa2s1azursa10.blob.core.windows.net/vhds/"/>
                <Config Name="DataDiskSize" Value="1"/>
            </DataDiskInfo>
          </DataDisks>
        </VM>
        <VM Name="AZUVNDLVAZUR962">
          <Role Name="DLV (SPDP)" Version="1.0"/>
          <Config Name="InstanceSize" Value="Large"/>
          <Config Name="StorageAccount" Value=""/>
          <Config Name="SubnetName" Value="S-10.64.10.0/23"/>
          <Config Name="PIPName" Value=""/>
          <Config Name="DNSNameLabel" Value=""/>
          <Config Name="NSGName" Value=""/>
          <Config Name="AvailabilitySetName" Value=""/>
          <Config Name="IPAddress" Value=""/>
          <Config Name="Tags" Value=""/>
          <DataDisks>
            <DataDiskInfo>
                <Config Name="DDContainerPath" Value="https://soa2s1azursa10.blob.core.windows.net/vhds/"/>
                <Config Name="DataDiskSize" Value="1"/>
            </DataDiskInfo>
           <DataDiskInfo>
                <Config Name="DDContainerPath" Value="https://soa2s1azursa10.blob.core.windows.net/vhds/"/>
                <Config Name="DataDiskSize" Value="1"/>
            </DataDiskInfo>
          </DataDisks>
        </VM>
        <VM Name="AZUVNDRSAZUR961">
          <Role Name="DRS" Version="1.0"/>
          <Config Name="InstanceSize" Value="Small"/>
          <Config Name="StorageAccount" Value=""/>
          <Config Name="SubnetName" Value="S-10.64.10.0/23"/>
          <Config Name="PIPName" Value=""/>
          <Config Name="DNSNameLabel" Value=""/>
          <Config Name="NSGName" Value=""/>
          <Config Name="AvailabilitySetName" Value=""/>
          <Config Name="IPAddress" Value=""/>
          <Config Name="Tags" Value=""/>
          <DataDisks>
            <DataDiskInfo>
                <Config Name="DDContainerPath" Value="https://soa2s1azursa10.blob.core.windows.net/vhds/"/>
                <Config Name="DataDiskSize" Value="1"/>
            </DataDiskInfo>
           <DataDiskInfo>
                <Config Name="DDContainerPath" Value="https://soa2s1azursa10.blob.core.windows.net/vhds/"/>
                <Config Name="DataDiskSize" Value="1"/>
            </DataDiskInfo>
          </DataDisks>
        </VM>
        <VM Name="AZUVNIISAZUR961">
          <Role Name="IIS" Version="1.0"/>
          <Config Name="InstanceSize" Value="Medium"/>
          <Config Name="StorageAccount" Value=""/>
          <Config Name="SubnetName" Value="S-10.64.8.0/23"/>
          <Config Name="SubnetPrefix" Value="10.64.8.0/23"/>
          <Config Name="PIPName" Value=""/>
          <Config Name="DNSNameLabel" Value=""/>
          <Config Name="NSGName" Value=""/>
          <Config Name="AvailabilitySetName" Value=""/>
          <Config Name="IPAddress" Value=""/>
          <Config Name="Tags" Value=""/>
          <DataDisks>
            <DataDiskInfo>
                <Config Name="DDContainerPath" Value="https://soa2s1azursa10.blob.core.windows.net/vhds/"/>
                <Config Name="DataDiskSize" Value="1"/>
            </DataDiskInfo>
           <DataDiskInfo>
                <Config Name="DDContainerPath" Value="https://soa2s1azursa10.blob.core.windows.net/vhds/"/>
                <Config Name="DataDiskSize" Value="1"/>
            </DataDiskInfo>
          </DataDisks>
        </VM>
        <VM Name="AZUVNINTAZUR961">
          <Role Name="INT" Version="1.0"/>
          <Config Name="InstanceSize" Value="Medium"/>
          <Config Name="StorageAccount" Value=""/>
          <Config Name="SubnetName" Value="S-10.64.10.0/23"/>
          <Config Name="PIPName" Value=""/>
          <Config Name="DNSNameLabel" Value=""/>
          <Config Name="NSGName" Value=""/>
          <Config Name="AvailabilitySetName" Value=""/>
          <Config Name="IPAddress" Value=""/>
          <Config Name="Tags" Value=""/>
          <DataDisks>
            <DataDiskInfo>
                <Config Name="DDContainerPath" Value="https://soa2s1azursa10.blob.core.windows.net/vhds/"/>
                <Config Name="DataDiskSize" Value="1"/>
            </DataDiskInfo>
           <DataDiskInfo>
                <Config Name="DDContainerPath" Value="https://soa2s1azursa10.blob.core.windows.net/vhds/"/>
                <Config Name="DataDiskSize" Value="1"/>
            </DataDiskInfo>
          </DataDisks>
        </VM>
        <VM Name="AZUVNREPAZUR961">
          <Role Name="REP" Version="1.0"/>
          <Config Name="InstanceSize" Value="Medium"/>
          <Config Name="StorageAccount" Value=""/>
          <Config Name="SubnetName" Value="S-10.64.10.0/23"/>
          <Config Name="PIPName" Value=""/>
          <Config Name="DNSNameLabel" Value=""/>
          <Config Name="NSGName" Value=""/>
          <Config Name="AvailabilitySetName" Value=""/>
          <Config Name="IPAddress" Value=""/>
          <Config Name="Tags" Value=""/>
          <DataDisks>
            <DataDiskInfo>
                <Config Name="DDContainerPath" Value="https://soa2s1azursa10.blob.core.windows.net/vhds/"/>
                <Config Name="DataDiskSize" Value="1"/>
            </DataDiskInfo>
           <DataDiskInfo>
                <Config Name="DDContainerPath" Value="https://soa2s1azursa10.blob.core.windows.net/vhds/"/>
                <Config Name="DataDiskSize" Value="1"/>
            </DataDiskInfo>
          </DataDisks>
        </VM>
        <VM Name="AZUVNSQLAZUR961">
          <Role Name="SQL (FASTPROD and Workflow)" Version="1.0"/>
          <Config Name="InstanceSize" Value="Large"/>
          <Config Name="StorageAccount" Value=""/>
          <Config Name="SubnetName" Value="S-10.64.14.0/23"/>
          <Config Name="SubnetPrefix" Value="10.64.14.0/23"/>
          <Config Name="PIPName" Value=""/>
          <Config Name="DNSNameLabel" Value=""/>
          <Config Name="NSGName" Value=""/>
          <Config Name="AvailabilitySetName" Value=""/>
          <Config Name="IPAddress" Value=""/>
          <Config Name="Tags" Value=""/>
          <DataDisks>
            <DataDiskInfo>
                <Config Name="DDContainerPath" Value="https://soa2s1azursa10.blob.core.windows.net/vhds/"/>
                <Config Name="DataDiskSize" Value="1"/>
            </DataDiskInfo>
           <DataDiskInfo>
                <Config Name="DDContainerPath" Value="https://soa2s1azursa10.blob.core.windows.net/vhds/"/>
                <Config Name="DataDiskSize" Value="1"/>
            </DataDiskInfo>
          </DataDisks>
        </VM>
        <VM Name="AZUVNSQLAZUR962">
          <Role Name="SQL (Imaging and DocPrep)" Version="1.0"/>
          <Config Name="InstanceSize" Value="Large"/>
          <Config Name="StorageAccount" Value=""/>
          <Config Name="SubnetName" Value="S-10.64.14.0/23"/>
          <Config Name="SubnetPrefix" Value="10.64.14.0/23"/>
          <Config Name="PIPName" Value=""/>
          <Config Name="DNSNameLabel" Value=""/>
          <Config Name="NSGName" Value=""/>
          <Config Name="AvailabilitySetName" Value=""/>
          <Config Name="IPAddress" Value=""/>
          <Config Name="Tags" Value=""/>
          <DataDisks>
            <DataDiskInfo>
                <Config Name="DDContainerPath" Value="https://soa2s1azursa10.blob.core.windows.net/vhds/"/>
                <Config Name="DataDiskSize" Value="1"/>
            </DataDiskInfo>
           <DataDiskInfo>
                <Config Name="DDContainerPath" Value="https://soa2s1azursa10.blob.core.windows.net/vhds/"/>
                <Config Name="DataDiskSize" Value="1"/>
            </DataDiskInfo>
          </DataDisks>
        </VM>
        <VM Name="AZUVNSQLAZUR963">
          <Role Name="SQL (SPDP)" Version="1.0"/>
          <Config Name="InstanceSize" Value="Large"/>
          <Config Name="StorageAccount" Value=""/>
          <Config Name="SubnetName" Value="S-10.64.14.0/23"/>
          <Config Name="SubnetPrefix" Value="10.64.14.0/23"/>
          <Config Name="PIPName" Value=""/>
          <Config Name="DNSNameLabel" Value=""/>
          <Config Name="NSGName" Value=""/>
          <Config Name="AvailabilitySetName" Value=""/>
          <Config Name="IPAddress" Value=""/>
          <Config Name="Tags" Value=""/>
          <DataDisks>
            <DataDiskInfo>
                <Config Name="DDContainerPath" Value="https://soa2s1azursa10.blob.core.windows.net/vhds/"/>
                <Config Name="DataDiskSize" Value="1"/>
            </DataDiskInfo>
           <DataDiskInfo>
                <Config Name="DDContainerPath" Value="https://soa2s1azursa10.blob.core.windows.net/vhds/"/>
                <Config Name="DataDiskSize" Value="1"/>
            </DataDiskInfo>
          </DataDisks>
        </VM>
        <VM Name="AZUVNTPQAZUR961">
          <Role Name="TPQ" Version="1.0"/>
          <Config Name="InstanceSize" Value="Small"/>
          <Config Name="StorageAccount" Value=""/>
          <Config Name="SubnetName" Value="S-10.64.10.0/23"/>
          <Config Name="PIPName" Value=""/>
          <Config Name="DNSNameLabel" Value=""/>
          <Config Name="NSGName" Value=""/>
          <Config Name="AvailabilitySetName" Value=""/>
          <Config Name="IPAddress" Value=""/>
          <Config Name="Tags" Value=""/>
          <DataDisks>
            <DataDiskInfo>
                <Config Name="DDContainerPath" Value="https://soa2s1azursa10.blob.core.windows.net/vhds/"/>
                <Config Name="DataDiskSize" Value="1"/>
            </DataDiskInfo>
           <DataDiskInfo>
                <Config Name="DDContainerPath" Value="https://soa2s1azursa10.blob.core.windows.net/vhds/"/>
                <Config Name="DataDiskSize" Value="1"/>
            </DataDiskInfo>
          </DataDisks>
        </VM>
        <VM Name="AZUVNTSDAZUR961">
          <Role Name="DLV (Legacy)" Version="1.0"/>
          <Config Name="InstanceSize" Value="Small"/>
          <Config Name="StorageAccount" Value=""/>
          <Config Name="SubnetName" Value="S-10.64.10.0/23"/>
          <Config Name="PIPName" Value=""/>
          <Config Name="DNSNameLabel" Value=""/>
          <Config Name="NSGName" Value=""/>
          <Config Name="AvailabilitySetName" Value=""/>
          <Config Name="IPAddress" Value=""/>
          <Config Name="Tags" Value=""/>
          <DataDisks>
            <DataDiskInfo>
                <Config Name="DDContainerPath" Value="https://soa2s1azursa10.blob.core.windows.net/vhds/"/>
                <Config Name="DataDiskSize" Value="1"/>
            </DataDiskInfo>
           <DataDiskInfo>
                <Config Name="DDContainerPath" Value="https://soa2s1azursa10.blob.core.windows.net/vhds/"/>
                <Config Name="DataDiskSize" Value="1"/>
            </DataDiskInfo>
          </DataDisks>
        </VM>
        <VM Name="AZUVNWASAZUR961">
          <Role Name="WAS (SPDP)" Version="1.0"/>
          <Config Name="InstanceSize" Value="Large"/>
          <Config Name="StorageAccount" Value=""/>
          <Config Name="SubnetName" Value="S-10.64.10.0/23"/>
          <Config Name="PIPName" Value=""/>
          <Config Name="DNSNameLabel" Value=""/>
          <Config Name="NSGName" Value=""/>
          <Config Name="AvailabilitySetName" Value=""/>
          <Config Name="IPAddress" Value=""/>
          <Config Name="Tags" Value=""/>
          <DataDisks>
            <DataDiskInfo>
                <Config Name="DDContainerPath" Value="https://soa2s1azursa10.blob.core.windows.net/vhds/"/>
                <Config Name="DataDiskSize" Value="1"/>
            </DataDiskInfo>
           <DataDiskInfo>
                <Config Name="DDContainerPath" Value="https://soa2s1azursa10.blob.core.windows.net/vhds/"/>
                <Config Name="DataDiskSize" Value="1"/>
            </DataDiskInfo>
          </DataDisks>
        </VM>
        <VM Name="AZUVNWFEAZUR961">
          <Role Name="WFE" Version="1.0"/>
          <Config Name="InstanceSize" Value="Medium"/>
          <Config Name="StorageAccount" Value=""/>
          <Config Name="SubnetName" Value="S-10.64.10.0/23"/>
          <Config Name="PIPName" Value=""/>
          <Config Name="DNSNameLabel" Value=""/>
          <Config Name="NSGName" Value=""/>
          <Config Name="AvailabilitySetName" Value=""/>
          <Config Name="IPAddress" Value=""/>
          <Config Name="Tags" Value=""/>
          <DataDisks>
            <DataDiskInfo>
                <Config Name="DDContainerPath" Value="https://soa2s1azursa10.blob.core.windows.net/vhds/"/>
                <Config Name="DataDiskSize" Value="1"/>
            </DataDiskInfo>
           <DataDiskInfo>
                <Config Name="DDContainerPath" Value="https://soa2s1azursa10.blob.core.windows.net/vhds/"/>
                <Config Name="DataDiskSize" Value="1"/>
            </DataDiskInfo>
          </DataDisks>
        </VM>-->
      </VMs>
    </Cloud>
  </Subscription>
</ProvisionVMs>