{
    "securityRules": [
        {
            "name": "Allow_Outbound_AzureActiveDirectory",
            "description": "Required by FA. Allow AKS pods to talk to AAD.",
            "access": "Allow",
            "direction": "Outbound",
            "priority": 900,
            "protocol": "TCP",
            "sourcePortRange": [
                "*"
            ],
            "destinationPortRange": [
                "443"
            ],
            "sourceAddressPrefix": [
                "<subnetCIDR>"
            ],
            "destinationAddressPrefix": [
                "AzureActiveDirectory"
            ]
        },
        {
            "name": "Allow_Outbound_AzureContainerRegistry",
            "description": "MS Required. Outbound connection to ACR.",
            "access": "Allow",
            "direction": "Outbound",
            "priority": 901,
            "protocol": "TCP",
            "sourcePortRange": [
                "*"
            ],
            "destinationPortRange": [
                "443"
            ],
            "sourceAddressPrefix": [
                "<subnetCIDR>"
            ],
            "destinationAddressPrefix": [
                "AzureContainerRegistry"
            ]
        },
        {
            "name": "Allow_Outbound_MicrosoftContainerRegistry",
            "description": "MS Required. Outbound connection to MS CR",
            "access": "Allow",
            "direction": "Outbound",
            "priority": 902,
            "protocol": "TCP",
            "sourcePortRange": [
                "*"
            ],
            "destinationPortRange": [
                "443"
            ],
            "sourceAddressPrefix": [
                "<subnetCIDR>"
            ],
            "destinationAddressPrefix": [
                "MicrosoftContainerRegistry"
            ]
        },
        {
            "name": "Allow_Outbound_AzureMonitor_AKS",
            "description": "MS Required. Outbound connection to AzureMonitor",
            "access": "Allow",
            "direction": "Outbound",
            "priority": 903,
            "protocol": "TCP",
            "sourcePortRange": [
                "*"
            ],
            "destinationPortRange": [
                "443"
            ],
            "sourceAddressPrefix": [
                "<subnetCIDR>"
            ],
            "destinationAddressPrefix": [
                "AzureMonitor"
            ]
        },
        {
            "name": "Allow_Outbound_AzureDevSpaces",
            "description": "MS Required. Outbound connection to AzureDevSpaces",
            "access": "Allow",
            "direction": "Outbound",
            "priority": 904,
            "protocol": "TCP",
            "sourcePortRange": [
                "*"
            ],
            "destinationPortRange": [
                "443"
            ],
            "sourceAddressPrefix": [
                "<subnetCIDR>"
            ],
            "destinationAddressPrefix": [
                "AzureDevSpaces"
            ]
        },
        {
            "name": "Allow_Outbound_AzureStorage_AKS",
            "description": "MS Required. Outbound connection to AzureStorage",
            "access": "Allow",
            "direction": "Outbound",
            "priority": 905,
            "protocol": "*",
            "sourcePortRange": [
                "*"
            ],
            "destinationPortRange": [
                "*"
            ],
            "sourceAddressPrefix": [
                "<subnetCIDR>"
            ],
            "destinationAddressPrefix": [
                "Storage"
            ]
        },
        {
            "name": "Allow_Outbound_AzureKeyVault_AKS",
            "description": "MS Required. Outbound connection to KeyVault",
            "access": "Allow",
            "direction": "Outbound",
            "priority": 906,
            "protocol": "*",
            "sourcePortRange": [
                "*"
            ],
            "destinationPortRange": [
                "*"
            ],
            "sourceAddressPrefix": [
                "<subnetCIDR>"
            ],
            "destinationAddressPrefix": [
                "AzureKeyVault"
            ]
        },
        {
            "name": "Allow_Outbound_SMB",
            "description": "FA Required. Outbound connection to File Share for Images",
            "access": "Allow",
            "direction": "Outbound",
            "priority": 907,
            "protocol": "TCP",
            "sourcePortRange": [
                "*"
            ],
            "destinationPortRange": [
                "445"
            ],
            "sourceAddressPrefix": [
                "<subnetCIDR>"
            ],
            "destinationAddressPrefix": [
                "Internet"
            ]
        },
        {
            "name": "Allow_Outbound_Internet",
            "description": "Required. Allow connection to Internet and Container Image Repos.",
            "access": "Allow",
            "direction": "Outbound",
            "priority": 908,
            "protocol": "TCP",
            "sourcePortRange": [
                "*"
            ],
            "destinationPortRange": [
                "80",
                "443"
            ],
            "sourceAddressPrefix": [
                "VirtualNetwork"
            ],
            "destinationAddressPrefix": [
                "Internet"
            ]
        },
        {
            "name": "Allow_Outbound_NonhttpTraffic",
            "description": "Required by AKS. SSH connection and management connection to other systems.",
            "access": "Allow",
            "direction": "Outbound",
            "priority": 909,
            "protocol": "TCP",
            "sourcePortRange": [
                "*"
            ],
            "destinationPortRange": [
                "22",
                "9000",
                "10250"
            ],
            "sourceAddressPrefix": [
                "VirtualNetwork"
            ],
            "destinationAddressPrefix": [
                "Internet"
            ]
        },
        {
            "name": "Allow_Outbound_NTP",
            "description": "Required. Network Time Protocol.",
            "access": "Allow",
            "direction": "Outbound",
            "priority": 910,
            "protocol": "UDP",
            "sourcePortRange": [
                "*"
            ],
            "destinationPortRange": [
                "123"
            ],
            "sourceAddressPrefix": [
                "VirtualNetwork"
            ],
            "destinationAddressPrefix": [
                "Internet"
            ]
        },
        {
            "name": "Allow_Outbound_AKS",
            "description": "Required. AKS Traffic to other systems.",
            "access": "Allow",
            "direction": "Outbound",
            "priority": 911,
            "protocol": "UDP",
            "sourcePortRange": [
                "*"
            ],
            "destinationPortRange": [
                "1194"
            ],
            "sourceAddressPrefix": [
                "*"
            ],
            "destinationAddressPrefix": [
                "AzureCloud"
            ]
        }
    ] 
}