{
    "securityRules": [
        {
            "name": "Allow_Inbound_Azure_LB",
            "description": "Required for API Mgmt Service.",
            "access": "Allow",
            "direction": "Inbound",
            "priority": 900,
            "protocol": "TCP",
            "sourcePortRange": [
                "*"
            ],
            "destinationPortRange": [
                "*"
            ],
            "sourceAddressPrefix": [
                "AzureLoadBalancer"
            ],
            "destinationAddressPrefix": [
                "*"
            ]
        },
        {
            "name": "Allow_Inbound_Redis_for_Rate_Limit",
            "description": "Required for API Mgmt Service: https://docs.microsoft.com/en-us/azure/api-management/virtual-network-reference?tabs=stv2",
            "access": "Allow",
            "direction": "Inbound",
            "priority": 901,
            "protocol": "TCP",
            "sourcePortRange": [
                "*"
            ],
            "destinationPortRange": [
                "6381-6383"
            ],
            "sourceAddressPrefix": [
                "VirtualNetwork"
            ],
            "destinationAddressPrefix": [
                "VirtualNetwork"
            ]
        },
        {
            "name": "Allow_Inbound_Mgmt_for_Portal_and_PS",
            "description": "Required for API Mgmt Service.",
            "access": "Allow",
            "direction": "Inbound",
            "priority": 902,
            "protocol": "TCP",
            "sourcePortRange": [
                "*"
            ],
            "destinationPortRange": [
                "3443"
            ],
            "sourceAddressPrefix": [
                "ApiManagement"
            ],
            "destinationAddressPrefix": [
                "*"
            ]
        },
        {
            "name": "Allow_Inbound_Sync_Counters",
            "description": "Sync Counters for rate Limit policies between machines",
            "access": "Allow",
            "direction": "Inbound",
            "priority": 903,
            "protocol": "UDP",
            "sourcePortRange": [
                "*"
            ],
            "destinationPortRange": [
                "4290"
            ],
            "sourceAddressPrefix": [
                "<subnetCIDR>"
            ],
            "destinationAddressPrefix": [
                "<subnetCIDR>"
            ]
        },      
        {
            "name": "Allow_Outbound_Redis_for_Rate_Limit",
            "description": "Required for API Mgmt Service.",
            "access": "Allow",
            "direction": "Outbound",
            "priority": 900,
            "protocol": "TCP",
            "sourcePortRange": [
                "*"
            ],
            "destinationPortRange": [
                "6381-6383"
            ],
            "sourceAddressPrefix": [
                "VirtualNetwork"
            ],
            "destinationAddressPrefix": [
                "VirtualNetwork"
            ]
        },
        {
            "name": "Allow_Outbound_Connect_SMTP_Relay",
            "description": "Required for API Mgmt Service.",
            "access": "Allow",
            "direction": "Outbound",
            "priority": 901,
            "protocol": "TCP",
            "sourcePortRange": [
                "*"
            ],
            "destinationPortRange": [
                "25028",
                "587",
                "25"
            ],
            "sourceAddressPrefix": [
                "VirtualNetwork"
            ],
            "destinationAddressPrefix": [
                "Internet"
            ]
        },
        {
            "name": "Allow_Outbound_Diag_and_Logs",
            "description": "Required for API Mgmt Service.",
            "access": "Allow",
            "direction": "Outbound",
            "priority": 902,
            "protocol": "TCP",
            "sourcePortRange": [
                "*"
            ],
            "destinationPortRange": [
                "443",
                "12000"
            ],
            "sourceAddressPrefix": [
                "*"
            ],
            "destinationAddressPrefix": [
                "AzureCloud"
            ]
        },
        {
            "name": "Allow_Outbound_Publish_Health_to_Resource_Health",
            "description": "Required for API Mgmt Service.",
            "access": "Allow",
            "direction": "Outbound",
            "priority": 903,
            "protocol": "TCP",
            "sourcePortRange": [
                "*"
            ],
            "destinationPortRange": [
                "443",
                "1886"
            ],
            "sourceAddressPrefix": [
                "*"
            ],
            "destinationAddressPrefix": [
                "AzureMonitor"
            ]
        },
        {
            "name": "Allow_Outbound_Dependency_Azure_File_for_GIT",
            "description": "Required for API Mgmt Service.",
            "access": "Allow",
            "direction": "Outbound",
            "priority": 904,
            "protocol": "TCP",
            "sourcePortRange": [
                "*"
            ],
            "destinationPortRange": [
                "445"
            ],
            "sourceAddressPrefix": [
                "*"
            ],
            "destinationAddressPrefix": [
                "Storage"
            ]
        },
        {
            "name": "Allow_Outbound_Dependency_Log_to_EventHub_policy_monitoring",
            "description": "Required for API Mgmt Service.",
            "access": "Allow",
            "direction": "Outbound",
            "priority": 905,
            "protocol": "TCP",
            "sourcePortRange": [
                "*"
            ],
            "destinationPortRange": [
                "5671-5672",
                "443"
            ],
            "sourceAddressPrefix": [
                "*"
            ],
            "destinationAddressPrefix": [
                "EventHub"
            ]
        },
        {
            "name": "Allow_Outbound_Azure_SQL_Endpoints",
            "description": "Required for API Mgmt Service.",
            "access": "Allow",
            "direction": "Outbound",
            "priority": 906,
            "protocol": "TCP",
            "sourcePortRange": [
                "*"
            ],
            "destinationPortRange": [
                "1433"
            ],
            "sourceAddressPrefix": [
                "*"
            ],
            "destinationAddressPrefix": [
                "SQL"
            ]
        },
        {
            "name": "Allow_Outbound_AzureActiveDirectory",
            "description": "Required for API Mgmt Service.",
            "access": "Allow",
            "direction": "Outbound",
            "priority": 907,
            "protocol": "TCP",
            "sourcePortRange": [
                "*"
            ],
            "destinationPortRange": [
                "443"
            ],
            "sourceAddressPrefix": [
                "*"
            ],
            "destinationAddressPrefix": [
                "AzureActiveDirectory"
            ]
        },
        {
            "name": "Allow_Outbound_Dependency_for_Storage",
            "description": "Required for API Mgmt Service.",
            "access": "Allow",
            "direction": "Outbound",
            "priority": 908,
            "protocol": "TCP",
            "sourcePortRange": [
                "*"
            ],
            "destinationPortRange": [
                "443"
            ],
            "sourceAddressPrefix": [
                "*"
            ],
            "destinationAddressPrefix": [
                "Storage"
            ]
        },
        {
            "name": "Allow_Outbound_Sync_Counters",
            "description": "Sync Counters for rate Limit policies between machines",
            "access": "Allow",
            "direction": "Outbound",
            "priority": 909,
            "protocol": "UDP",
            "sourcePortRange": [
                "*"
            ],
            "destinationPortRange": [
                "4290"
            ],
            "sourceAddressPrefix": [
                "<subnetCIDR>"
            ],
            "destinationAddressPrefix": [
                "<subnetCIDR>"
            ]
        }
    ] 
}