{
  "securityRules": [
    {
        "name": "Allow_Inbound_80_443",
        "description": "Alow all inbound from Internet",
        "access": "Allow",
        "direction": "Inbound",
        "priority": 900,
        "protocol": "TCP",
        "sourcePortRange": [
            "*"
        ],
        "destinationPortRange": [
            "80",
            "443"
        ],
        "sourceAddressPrefix": [
            "Internet"
        ],
        "destinationAddressPrefix": [
            "*"
        ]
    },
    {
        "name": "Allow_Inbound_MSHealth",
        "description": "Allow MS Health Checks: https://docs.microsoft.com/en-us/azure/application-gateway/configuration-infrastructure#network-security-groups",
        "access": "Allow",
        "direction": "Inbound",
        "priority": 901,
        "protocol": "TCP",
        "sourcePortRange": [
            "*"
        ],
        "destinationPortRange": [
            "65200-65535"
        ],
        "sourceAddressPrefix": [
            "GatewayManager"
        ],
        "destinationAddressPrefix": [
            "*"
        ]
    },
    {
        "name": "Allow_Inbound_80_443_VNet",
        "description": "Alow all inbound from VirtualNetwork",
        "access": "Allow",
        "direction": "Inbound",
        "priority": 902,
        "protocol": "TCP",
        "sourcePortRange": [
            "*"
        ],
        "destinationPortRange": [
            "80",
            "443"
        ],
        "sourceAddressPrefix": [
            "VirtualNetwork"
        ],
        "destinationAddressPrefix": [
            "*"
        ]
    },
    {
      "name": "Allow_Outbound_80_443",
      "description": "Alow all outbound Palo Alto",
      "access": "Allow",
      "direction": "Outbound",
      "priority": 900,
      "protocol": "TCP",
      "sourcePortRange": [
          "*"
      ],
      "destinationPortRange": [
        "80",
        "443"
      ],
      "sourceAddressPrefix": [
          "VirtualNetwork"
      ],
      "destinationAddressPrefix": [
          "*"
      ]
    }
  ]
}