{
    "securityRules": [
        {
            "name": "Allow_Inbound_AzureASEManagement",
            "description": "Required. Used by Azure infrastructure to manage ASE.",
            "access": "Allow",
            "direction": "Inbound",
            "priority": 900,
            "protocol": "*",
            "sourcePortRange": [
                "*"
            ],
            "destinationPortRange": [
                "454-455"
            ],
            "sourceAddressPrefix": [
                "AppServiceManagement"
            ],
            "destinationAddressPrefix": [
                "*"
            ]
        },
        {
            "name": "Allow_Inbound_Azure_LB",
            "description": "Required for ASE.",
            "access": "Allow",
            "direction": "Inbound",
            "priority": 901,
            "protocol": "TCP",
            "sourcePortRange": [
                "*"
            ],
            "destinationPortRange": [
                "16001"
            ],
            "sourceAddressPrefix": [
                "AzureLoadBalancer"
            ],
            "destinationAddressPrefix": [
                "*"
            ]
        },
        {
            "name": "Allow_Inbound_Web",
            "description": "ASE Web internal traffic",
            "access": "Allow",
            "direction": "Inbound",
            "priority": 902,
            "protocol": "TCP",
            "sourcePortRange": [
                "*"
            ],
            "destinationPortRange": [
                "80",
                "443"
            ],
            "sourceAddressPrefix": [
                "VirtualNetwork"
            ],
            "destinationAddressPrefix": [
                "*"
            ]
        },
        {
            "name": "Allow_Inbound_Web_Deploy",
            "description": "ASE Web Deploy internal traffic",
            "access": "Allow",
            "direction": "Inbound",
            "priority": 903,
            "protocol": "TCP",
            "sourcePortRange": [
                "*"
            ],
            "destinationPortRange": [
                "8172"
            ],
            "sourceAddressPrefix": [
                "VirtualNetwork"
            ],
            "destinationAddressPrefix": [
                "*"
            ]
        },
        {
            "name": "Allow_Inbound_VNet",
            "description": "ASE VNet internal traffic",
            "access": "Allow",
            "direction": "Inbound",
            "priority": 999,
            "protocol": "*",
            "sourcePortRange": [
                "*"
            ],
            "destinationPortRange": [
                "*"
            ],
            "sourceAddressPrefix": [
                "<subnetCIDR>"
            ],
            "destinationAddressPrefix": [
                "<subnetCIDR>"
            ]
        },
        {
            "name": "Allow_Outbound_AzureEventHub",
            "description": "Required. Send logs and data to Azure Event Hub for processing.",
            "access": "Allow",
            "direction": "Outbound",
            "priority": 900,
            "protocol": "TCP",
            "sourcePortRange": [
                "*"
            ],
            "destinationPortRange": [
                "80",
                "443"
            ],
            "sourceAddressPrefix": [
                "*"
            ],
            "destinationAddressPrefix": [
                "EventHub"
            ]
        },
        {
            "name": "Allow_Outbound_AzureSQL",
            "description": "Required. Allow SQL conenction.",
            "access": "Allow",
            "direction": "Outbound",
            "priority": 901,
            "protocol": "TCP",
            "sourcePortRange": [
                "*"
            ],
            "destinationPortRange": [
                "1433",
                "11000-11999",
                "14000-14999"
            ],
            "sourceAddressPrefix": [
                "*"
            ],
            "destinationAddressPrefix": [
                "SQL"
            ]
        },
        {
            "name": "Allow_Outbound_AzureServiceBus",
            "description": "Required. Connection to Service Bus",
            "access": "Allow",
            "direction": "Outbound",
            "priority": 902,
            "protocol": "TCP",
            "sourcePortRange": [
                "*"
            ],
            "destinationPortRange": [
                "80",
                "443"
            ],
            "sourceAddressPrefix": [
                "*"
            ],
            "destinationAddressPrefix": [
                "ServiceBus"
            ]
        },
        {
            "name": "Allow_Outbound_AzureKeyVault_ASE",
            "description": "MS Required. Outbound connection to KeyVault",
            "access": "Allow",
            "direction": "Outbound",
            "priority": 903,
            "protocol": "*",
            "sourcePortRange": [
                "*"
            ],
            "destinationPortRange": [
                "*"
            ],
            "sourceAddressPrefix": [
                "<subnetCIDR>"
            ],
            "destinationAddressPrefix": [
                "AzureKeyVault"
            ]
        },
        {
            "name": "Allow_Outbound_AzureStorage_ASE",
            "description": "MS Required. Outbound connection to AzureStorage",
            "access": "Allow",
            "direction": "Outbound",
            "priority": 904,
            "protocol": "*",
            "sourcePortRange": [
                "*"
            ],
            "destinationPortRange": [
                "*"
            ],
            "sourceAddressPrefix": [
                "<subnetCIDR>"
            ],
            "destinationAddressPrefix": [
                "Storage"
            ]
        },
        {
            "name": "Allow_Outbound_AzureMonitor_ASE",
            "description": "MS Required. Outbound connection to AzureMonitor",
            "access": "Allow",
            "direction": "Outbound",
            "priority": 905,
            "protocol": "TCP",
            "sourcePortRange": [
                "*"
            ],
            "destinationPortRange": [
                "443"
            ],
            "sourceAddressPrefix": [
                "<subnetCIDR>"
            ],
            "destinationAddressPrefix": [
                "AzureMonitor"
            ]
        },
        {
            "name": "Allow_Outbound_NTP",
            "description": "Required. Network Time Protocol.",
            "access": "Allow",
            "direction": "Outbound",
            "priority": 906,
            "protocol": "UDP",
            "sourcePortRange": [
                "*"
            ],
            "destinationPortRange": [
                "123"
            ],
            "sourceAddressPrefix": [
                "VirtualNetwork"
            ],
            "destinationAddressPrefix": [
                "Internet"
            ]
        },
        {
            "name": "Allow_Outbound_Monitoring",
            "description": "MS Required. Outbound connection for Monitoring",
            "access": "Allow",
            "direction": "Outbound",
            "priority": 907,
            "protocol": "TCP",
            "sourcePortRange": [
                "*"
            ],
            "destinationPortRange": [
                "12000"
            ],
            "sourceAddressPrefix": [
                "<subnetCIDR>"
            ],
            "destinationAddressPrefix": [
                "AzureCloud"
            ]
        },
        {
            "name": "Allow_Outbound_AzureHTTP_HTTPs",
            "description": "Required. ASE will not work without connection to the Internet.",
            "access": "Allow",
            "direction": "Outbound",
            "priority": 910,
            "protocol": "TCP",
            "sourcePortRange": [
                "*"
            ],
            "destinationPortRange": [
                "80",
                "443"
            ],
            "sourceAddressPrefix": [
                "VirtualNetwork"
            ],
            "destinationAddressPrefix": [
                "Internet"
            ]
        },
        {
            "name": "Allow_Outbound_VNet",
            "description": "DBMS VNet internal traffic",
            "access": "Allow",
            "direction": "Outbound",
            "priority": 999,
            "protocol": "*",
            "sourcePortRange": [
                "*"
            ],
            "destinationPortRange": [
                "*"
            ],
            "sourceAddressPrefix": [
                "<subnetCIDR>"
            ],
            "destinationAddressPrefix": [
                "<subnetCIDR>"
            ]
        }
    ] 
}