{
    "securityRules": [
        {
            "name": "Allow_Inbound_VNet",
            "description": "DBMS VNet internal traffic",
            "access": "Allow",
            "direction": "Inbound",
            "priority": 999,
            "protocol": "*",
            "sourcePortRange": [
                "*"
            ],
            "destinationPortRange": [
                "*"
            ],
            "sourceAddressPrefix": [
                "<subnetCIDR>"
            ],
            "destinationAddressPrefix": [
                "<subnetCIDR>"
            ]
        },
        {
            "name": "Allow_Outbound_Azure_Management",
            "description": "Allow Management traffic to Azure",
            "access": "Allow",
            "direction": "Outbound",
            "priority": 900,
            "protocol": "TCP",
            "sourcePortRange": [
                "*"
            ],
            "destinationPortRange": [
                "443",
                "9354"
            ],
            "sourceAddressPrefix": [
                "<subnetCIDR>"
            ],
            "destinationAddressPrefix": [
                "AzureCloud"
            ]
        },
        {
            "name": "Allow_Outbound_Monitoring",
            "description": "MS Required. Outbound connection for Monitoring",
            "access": "Allow",
            "direction": "Outbound",
            "priority": 901,
            "protocol": "TCP",
            "sourcePortRange": [
                "*"
            ],
            "destinationPortRange": [
                "12000"
            ],
            "sourceAddressPrefix": [
                "<subnetCIDR>"
            ],
            "destinationAddressPrefix": [
                "AzureCloud"
            ]
        },
        {
            "name": "Allow_Outbound_SMB",
            "description": "Required to Access SQL Backup files on Azure Storage.",
            "access": "Allow",
            "direction": "Outbound",
            "priority": 902,
            "protocol": "TCP",
            "sourcePortRange": [
                "*"
            ],
            "destinationPortRange": [
                "445"
            ],
            "sourceAddressPrefix": [
                "<subnetCIDR>"
            ],
            "destinationAddressPrefix": [
                "Storage"
            ]
        },
        {
            "name": "Allow_Outbound_VNet",
            "description": "DBMS VNet internal traffic",
            "access": "Allow",
            "direction": "Outbound",
            "priority": 999,
            "protocol": "*",
            "sourcePortRange": [
                "*"
            ],
            "destinationPortRange": [
                "*"
            ],
            "sourceAddressPrefix": [
                "<subnetCIDR>"
            ],
            "destinationAddressPrefix": [
                "<subnetCIDR>"
            ]
        }
    ]
}