{
  "securityRules": [
    {
        "name": "Allow_Outbound_80_443",
        "description": "Redis dependencies on Azure Storage/PKI (Internet)",
        "access": "Allow",
        "direction": "Outbound",
        "priority": 990,
        "protocol": "TCP",
        "sourcePortRange": [
            "*"
        ],
        "destinationPortRange": [
            "80",
            "443"
        ],
        "sourceAddressPrefix": [
            "<subnetCIDR>"
        ],
        "destinationAddressPrefix": [
            "Internet"
        ]
    },
    {
        "name": "Allow_Outbound_DNS",
        "description": "Redis dependencies on DNS (Internet/VNet)",
        "access": "Allow",
        "direction": "Outbound",
        "priority": 991,
        "protocol": "*",
        "sourcePortRange": [
            "*"
        ],
        "destinationPortRange": [
            "53"
        ],
        "sourceAddressPrefix": [
          "<subnetCIDR>"
        ],
        "destinationAddressPrefix": [
          "168.63.129.16",
          "169.254.169.254"
        ]
    }
  ]
}