{
    "securityRules": [
        {
            "name": "Allow_Inbound_Management",
            "description": "Required by MS. Allow inbound management traffic",
            "access": "Allow",
            "direction": "Inbound",
            "priority": 900,
            "protocol": "TCP",
            "sourcePortRange": [
                "*"
            ],
            "destinationPortRange": [
                "9000",
                "9003",
                "1438",
                "1440",
                "1452"
            ],
            "sourceAddressPrefix": [
                "SqlManagement"
            ],
            "destinationAddressPrefix": [
                "<subnetCIDR>"
            ]
        },
        {
            "name": "Allow_Inbound_Management_Workstation",
            "description": "Microsoft Support Troubleshooting",
            "access": "Allow",
            "direction": "Inbound",
            "priority": 901,
            "protocol": "TCP",
            "sourcePortRange": [
                "*"
            ],
            "destinationPortRange": [
                "9000",
                "9003"
            ],
            "sourceAddressPrefix": [
                "CorpnetSaw"
            ],
            "destinationAddressPrefix": [
                "<subnetCIDR>"
            ]
        },
        {
            "name": "Allow_Inbound_Management_Public",
            "description": "Microsoft Support Troubleshooting",
            "access": "Allow",
            "direction": "Inbound",
            "priority": 902,
            "protocol": "TCP",
            "sourcePortRange": [
                "*"
            ],
            "destinationPortRange": [
                "9000",
                "9003"
            ],
            "sourceAddressPrefix": [
                "CorpNetPublic"
            ],
            "destinationAddressPrefix": [
                "<subnetCIDR>"
            ]
        },
        {
            "name": "Allow_Inbound_HealthProbe",
            "description": "SQLMI Health Probe",
            "access": "Allow",
            "direction": "Inbound",
            "priority": 903,
            "protocol": "*",
            "sourcePortRange": [
                "*"
            ],
            "destinationPortRange": [
                "*"
            ],
            "sourceAddressPrefix": [
                "AzureLoadBalancer"
            ],
            "destinationAddressPrefix": [
                "<subnetCIDR>"
            ]
        },
        {
            "name": "Allow_Inbound_VNet",
            "description": "SQLMI VNet internal traffic",
            "access": "Allow",
            "direction": "Inbound",
            "priority": 999,
            "protocol": "*",
            "sourcePortRange": [
                "*"
            ],
            "destinationPortRange": [
                "*"
            ],
            "sourceAddressPrefix": [
                "<subnetCIDR>"
            ],
            "destinationAddressPrefix": [
                "<subnetCIDR>"
            ]
        },
        {
            "name": "Allow_Outbound_Management",
            "description": "Required by MS. Allow outbound management traffic",
            "access": "Allow",
            "direction": "Outbound",
            "priority": 900,
            "protocol": "TCP",
            "sourcePortRange": [
                "*"
            ],
            "destinationPortRange": [
                "443",
                "12000"
            ],
            "sourceAddressPrefix": [
                "*"
            ],
            "destinationAddressPrefix": [
                "AzureCloud"
            ]
        },
        {
            "name": "Allow_Outbound_VNet",
            "description": "SQLMI VNet internal traffic",
            "access": "Allow",
            "direction": "Outbound",
            "priority": 999,
            "protocol": "*",
            "sourcePortRange": [
                "*"
            ],
            "destinationPortRange": [
                "*"
            ],
            "sourceAddressPrefix": [
                "<subnetCIDR>"
            ],
            "destinationAddressPrefix": [
                "<subnetCIDR>"
            ]
        }
    ] 
}