Metric Name,Metric Unit
TotalIngress,Bytes
TotalEgress,Bytes
TotalRequests,Count
TotalBillableRequests,Count
Availability,Percent
AverageE2ELatency,MilliSeconds
AverageServerLatency,MilliSeconds
PercentSuccess,Percent
PercentThrottlingError,Percent
PercentTimeoutError,Percent
PercentServerOtherError,Percent
PercentClientOtherError,Percent
PercentAuthorizationError,Percent
PercentNetworkError,Percent
Success,Count
AnonymousSuccess,Count
SASSuccess,Count
ThrottlingError,Count
AnonymousThrottlingError,Count
SASThrottlingError,Count
ClientTimeoutError,Count
AnonymousClientTimeoutError,Count
SASClientTimeoutError,Count
ServerTimeoutError,Count
AnonymousServerTimeoutError,Count
SASServerTimeoutError,Count
ClientOtherError,Count
SASClientOtherError,Count
AnonymousClientOtherError,Count
ServerOtherError,Count
AnonymousServerOtherError,Count
SASServerOtherError,Count
AuthorizationError,Count
AnonymousAuthorizationError,Count
SASAuthorizationError,Count
NetworkError,Count
AnonymousNetworkError,Count
SASNetworkError,Count
Capacity,Bytes
ContainerCount,Count
ObjectCount,Count
