Metric Name,Metric Unit
\Processor(_Total)\% Processor Time,Percent
\Processor(_Total)\% Interrupt Time,Percent
\Processor(_Total)\% Privileged Time,Percent
\Processor Information(_Total)\Parking Status,Count
\Processor(_Total)\% User Time,Percent
\Processor Information(_Total)\% Processor Performance,Count
\Processor Information(_Total)\Processor Frequency,Count
\System\Threads,Count
\System\Processes,Count
\Thread(_Total)\Context Switches/sec,CountPerSecond
\Memory\Committed Bytes,Bytes
\Memory\Available Bytes,Bytes
\Memory\% Committed Bytes In Use,Percent
\Memory\Cache Faults/sec,CountPerSecond
\Memory\Page Faults/sec,CountPerSecond
\Memory\Page Reads/sec,CountPerSecond
\Memory\Pages/sec,CountPerSecond
\Memory\Transition Faults/sec,CountPerSecond
\Memory\Pool Paged Bytes,Bytes
\Memory\Pool Nonpaged Bytes,Bytes
\Process(_Total)\% Processor Time,Percent
\Process(_Total)\Page Faults/sec,CountPerSecond
\Process(_Total)\Thread Count,Count
\Process(_Total)\Handle Count,Count
\Process(_Total)\Private Bytes,Bytes
\Process(_Total)\Working Set,Bytes
\Process(_Total)\Working Set - Private,Bytes
\PhysicalDisk(_Total)\Disk Read Bytes/sec,BytesPerSecond
\PhysicalDisk(_Total)\Disk Write Bytes/sec,BytesPerSecond
\Web Service(_Total)\Bytes Total/Sec,BytesPerSecond
\Web Service(_Total)\ISAPI Extension Requests/sec,CountPerSecond
\Web Service(_Total)\Connection Attempts/sec,CountPerSecond
\Web Service(_Total)\Current Connections,Count
\Web Service(_Total)\Get Requests/sec,CountPerSecond
\Web Service(_Total)\Post Requests/sec,CountPerSecond
\TCPv4\Connections Established,Count
\TCPv4\Connection Failures,Count
\TCPv4\Connections Reset,Count
\TCPv4\Segments Sent/sec,CountPerSecond
\TCPv4\Segments Received/sec,CountPerSecond
\TCPv4\Segments Retransmitted/sec,CountPerSecond
\.NET CLR Jit(_Global_)\% Time in Jit,Percent
\.NET CLR Loading(_Global_)\% Time Loading,Percent
\.NET CLR LocksAndThreads(_Global_)\Current Queue Length,Count
\.NET CLR LocksAndThreads(_Global_)\Contention Rate / sec,CountPerSecond
\.NET CLR LocksAndThreads(_Global_)\# of current logical Threads,Count
\.NET CLR LocksAndThreads(_Global_)\# of current physical Threads,Count
\.NET CLR Memory(_Global_)\% Time in GC,Percent
\.NET CLR Memory(_Global_)\Allocated Bytes/sec,BytesPerSecond
\.NET CLR Memory(_Global_)\Gen 0 heap size,Bytes
\.NET CLR Memory(_Global_)\Gen 1 heap size,Bytes
\.NET CLR Memory(_Global_)\Gen 2 heap size,Bytes
\.NET CLR Memory(_Global_)\Large Object Heap size,Bytes
\.NET CLR Memory(_Global_)\# Bytes in all Heaps,Bytes
\.NET CLR Networking(_Global_)\Connections Established,Count
\.NET CLR Remoting(_Global_)\Remote Calls/sec,CountPerSecond
\.NET CLR Exceptions(_Global_)\# of Exceps Thrown / sec,CountPerSecond
\.NET CLR Interop(_Global_)\# of marshalling,Count
\ASP.NET\Applications Running,Count
\ASP.NET\Request Wait Time,Count
\ASP.NET\Request Execution Time,Count
\ASP.NET\Requests Queued,Count
\ASP.NET\Requests Rejected,Count
\ASP.NET Applications(__Total__)\Requests/Sec,CountPerSecond
\ASP.NET Applications(__Total__)\Errors Total/Sec,CountPerSecond
\ASP.NET Applications(__Total__)\Requests In Application Queue,Count
\ASP.NET Applications(__Total__)\Pipeline Instance Count,Count
\ASP.NET Applications(__Total__)\Requests Executing,Count
\SQLServer:Buffer Manager\Page life expectancy,BytesPerSecond
\SQLServer:Databases\Transactions/sec,BytesPerSecond
\SQLServer:Databases\Data file(s) size (KB),BytesPerSecond
\SQLServer:Databases\Log file(s) size (KB),BytesPerSecond
\SQLServer:Databases\Log file(s) used size (KB),BytesPerSecond
\SQLServer:General Statistics\User Connections,BytesPerSecond
\SQLServer:Memory Manager\Total Server Memory (KB),BytesPerSecond
\SQLServer:SQL Statistics\Batch Requests/sec,BytesPerSecond
\SQLServer:SQL Statistics\SQL Attention Rate,BytesPerSecond
\SQLServer:SQL Statistics\SQL Re-Compilations/Sec,BytesPerSecond
\SQLServer: SQL errors\Errors/sec,BytesPerSecond
\SQL Server: Workload group stats\Active requests,BytesPerSecond
\SQL Server: Workload group stats\Blocked tasks,BytesPerSecond
\SQL Server: Workload group stats\CPU usage %,BytesPerSecond
\SQL Server: Workload group stats\Queued requests,BytesPerSecond
