{
    "$schema": "https://schema.management.azure.com/schemas/2015-01-01/deploymentParameters.json#",
    "contentVersion": "1.0.0.0",
    "parameters": {
        "location": {
            "value": "westus2"
        },
        "privateEndpointName": {
            "value": "azurans1cengsa1-PE1"
        },
        "privateLinkResource": {
            "value": "/subscriptions/84b20a1d-1029-4400-b529-2592f26718dd/resourceGroups/MT-1-4-TVVP-RG-2/providers/Microsoft.Storage/storageAccounts/mta1s4tvvpsa2"
        },
        "targetSubResource": {
            "value": [
                "blob"
            ]
        },
        "requestMessage": {
            "value": ""
        },
        "subnet": {
            "value": "/subscriptions/84b20a1d-1029-4400-b529-2592f26718dd/resourceGroups/MT-1-4-MATT-RG-1/providers/Microsoft.Network/virtualNetworks/MT-1-4-MATT-VN-1/subnets/S-10.100.1.0-26"
        },
        "virtualNetworkId": {
            "value": "/subscriptions/84b20a1d-1029-4400-b529-2592f26718dd/resourceGroups/MT-1-4-MATT-RG-1/providers/Microsoft.Network/virtualNetworks/MT-1-4-MATT-VN-1"
        },
        "subnetDeploymentName": {
            "value": "UpdateSubnetDeployment-20210506110222"
        },
        "virtualNetworkResourceGroup": {
            "value": "MT-1-4-MATT-RG-1"
        }
    }
}