{
    "Name": "FA-Reader",
    "Id": null,
    "IsCustom": true,
    "Description": "Custom FA Reader Role",
    "Actions": [
        "*/read"
    ],
    "NotActions": [
        "Microsoft.Web/sites/slots/config/list/Action"
    ],
    "AssignableScopes": [
        "/subscriptions/9b8e49c9-5124-494d-86af-bc5cb304ae58",
        "/subscriptions/5d336211-efdd-4d2a-9d1a-2aff015ae54b",
		"/subscriptions/f5405ab7-b341-4535-bffd-b2131fb91913",
		"/subscriptions/168a0447-36d7-4292-b1fb-dc2fcd5b416a",
		"/subscriptions/4d853137-80ed-4dc7-9992-a95a829cdcea",
		"/subscriptions/f93243f5-7ab8-4ff6-ae10-407d2dbb25bc",
		"/subscriptions/01754f1b-71de-4522-a5da-98d7826c1b90",
		"/subscriptions/4351c51a-b87f-48f1-96ff-c13bedf59538"
    ]
}