{
    "Name": "FA-VirtualMachineOperator",
    "Id": null,
    "IsCustom": true,
    "Description": "Custom FA role to monitor and restart virtual machines",
    "Actions": [
    "Microsoft.Storage/*/read",
    "Microsoft.Network/*/read",
    "Microsoft.Compute/*/read",
    "Microsoft.Compute/virtualMachines/deallocate/action",
    "Microsoft.Compute/virtualMachines/start/action",
    "Microsoft.Compute/virtualMachines/restart/action",
    "Microsoft.Authorization/*/read",
    "Microsoft.Resources/subscriptions/resourceGroups/read",
    "Microsoft.Insights/alertRules/*",
    "Microsoft.Insights/diagnosticSettings/*",
    "Microsoft.Support/*"
    ],
    "NotActions": [
    ],
    "AssignableScopes": [
        "/subscriptions/f5405ab7-b341-4535-bffd-b2131fb91913",
        "/subscriptions/168a0447-36d7-4292-b1fb-dc2fcd5b416a"
    ]
}