<!-- This XML file contains Load Balancer configuration to create new Load Balancer--> 

<FA-LB-Config>
	<Frontend-IP-Config>
		<Name>SO-1-3-PALT-LB-1</Name><!-- Load Balancer will be created in the VNET's location -->    
		<VNET>SO-1-3-IaaS-VN-1</VNET><!-- Specified VNET should already exist. Otherwise, script will throw error and Load balancer creation will fail. -->
    <Subnet>S-10.64.190.192-26</Subnet><!-- Specified Subnet should already exist. Otherwise, script will throw error and Load balancer creation will fail. -->			
		<PrivateIP></PrivateIP><!-- To use Static IP allocation method, provide Private IP, else keep it blank -->
	</Frontend-IP-Config>
	
	<!-- Atleast one 'Backend-Address-Pool' node should be provided,
	because to add load balancing rule later, Backend Address Pool specification is mandatory -->
  
	<Backend-Address-Pools>		
		<Backend-Address-Pool Name="backendpool1"/>
	</Backend-Address-Pools>
	
	<!-- Atleast one 'Health-Probe' node should be provided, 
	because to add load balancing rule later, Health Probe specification is mandatory -->	
  
	<Health-Probes>		
    </Health-Probes>
</FA-LB-Config>