<!-- This XML file contains Load Balancer configuration to create new Load Balancer--> 

<FA-LB-Config>
	<Frontend-IP-Config>
		<Name>SO-1-4-RPAB-LB-1</Name><!-- Load Balancer will be created in the VNET's location -->    
		<VNET>SO-1-4-IaaS-VN-1</VNET><!-- Specified VNET should already exist. Otherwise, script will throw error and Load balancer creation will fail. -->
		<Subnet>S-10.64.36.0-23</Subnet><!-- Specified Subnet should already exist. Otherwise, script will throw error and Load balancer creation will fail. -->			
		<PrivateIP>10.64.37.238</PrivateIP><!-- To use Static IP allocation method, provide Private IP, else keep it blank -->
	</Frontend-IP-Config>
	
	<!-- Atleast one 'Backend-Address-Pool' node should be provided,
	because to add load balancing rule later, Backend Address Pool specification is mandatory -->
  
	<Backend-Address-Pools>		
		<Backend-Address-Pool Name="RPABWebPool"/>
		<Backend-Address-Pool Name="RPABAppPool"/>
	</Backend-Address-Pools>
	
	<!-- Atleast one 'Health-Probe' node should be provided, 
	because to add load balancing rule later, Health Probe specification is mandatory -->	
  
	<Health-Probes>		
		<Health-Probe>		
			<Name>WebProbe</Name><!-- HTTP Health probe -->			
			<Port>80</Port>
			<Interval>15</Interval>			
			<ProbeCount>2</ProbeCount>						
		</Health-Probe>
				
		<Health-Probe>		
			<Name>TCPProbe</Name><!-- TCP Health probe -->
			<Port>443</Port>
			<Interval>15</Interval>			
			<ProbeCount>2</ProbeCount>					
		</Health-Probe>
	</Health-Probes>
</FA-LB-Config>