{
    "securityRules": [
        {
            "name": "Allow_Anything_Inbound_Internet",
            "access": "Allow",
            "direction": "Inbound",
            "priority": 100,
            "protocol": "*",
            "sourcePortRange": [
                "*"
            ],
            "destinationPortRange": [
                "*"
            ],
            "sourceAddressPrefix": [
                "Internet"
            ],
            "destinationAddressPrefix": [
                "*"
            ]
        },
        {
            "name": "Allow_Anything_Outbound_Internet",
            "access": "Allow",
            "direction": "Outbound",
            "priority": 100,
            "protocol": "*",
            "sourcePortRange": [
                "*"
            ],
            "destinationPortRange": [
                "*"
            ],
            "sourceAddressPrefix": [
                "*"
            ],
            "destinationAddressPrefix": [
                "Internet"
            ]
        }
    ] 
    }