{
"securityRules": [
    {
        "name": "Allow_Anything_Inbound",
        "access": "Allow",
        "direction": "Inbound",
        "priority": 100,
        "protocol": "*",
        "sourcePortRange": [
            "*"
        ],
        "destinationPortRange": [
            "*"
        ],
        "sourceAddressPrefix": [
            "*"
        ],
        "destinationAddressPrefix": [
            "*"
        ]
    },
    {
        "name": "Allow_Anything_Outbound",
        "access": "Allow",
        "direction": "Outbound",
        "priority": 100,
        "protocol": "*",
        "sourcePortRange": [
            "*"
        ],
        "destinationPortRange": [
            "*"
        ],
        "sourceAddressPrefix": [
            "*"
        ],
        "destinationAddressPrefix": [
            "*"
        ]
    }
] 
}