{
    "securityRules": [
        {
            "name": "Allow_Inbound_LocalSubnet",
            "access": "Allow",
            "direction": "Inbound",
            "priority": 1100,
            "protocol": "*",
            "sourcePortRange": [
                "*"
            ],
            "destinationPortRange": [
                "*"
            ],
            "sourceAddressPrefix": [
                "<subnetCIDR>"
            ],
            "destinationAddressPrefix": [
                "*"
            ]
        }
    ]
}