 <ProvisionVMs>
	<Subscription Name="SO-1-AzureSub-4" StorageAcct="soa1s4fintsa50">
		<Cloud Name="SO-1-4-FINT-RG-50" Location="West US" vNet="SO-1-4-IaaS-VN-1" Environment="FINT">
			<Defaults>
				<Config Name="DSCConfigFile" Value="\\corp.firstam.com\restricted\ServerOps-Admin\Scripts\Data\DSCXML\DSCConfig-FAST-v17.xml"/>
                <Config Name="SetCustomScriptExecution" Value="True"/>
				<Config Name="ScriptFileName" Value="Configure-FAServerStandard.ps1"/>
                <Config Name="ScriptRunCommand" Value="Configure-FAServerStandard.ps1"/>
				<Config Name="ScriptStorageAccount" Value="soa1s4azursa1"/>
				<Config Name="ScriptContainer" Value="scripts"/>
				<Config Name="Owner" Value="SO"/>
				<Config Name="InstanceSize" Value="Standard_A1"/>
				<Config Name="AdminUserName" Value="faadmin"/>
				<Config Name="ImageLabel" Value="Windows Server 2012 Datacenter*"/>
				<Config Name="OSContainerPath" Value="https://soa1s4fintsa50.blob.core.windows.net/vhds/"/>
				<Config Name="DDContainerPath" Value=""/>
				<Config Name="DataDiskSize" Value=""/>
				<Config Name="LunNbr" Value=""/>
				<Config Name="SubnetName" Value="S-10.64.32.0-23"/>
				<Config Name="Domain" Value="fastts.firstam.net"/>				
				<Config Name="DomainOU" Value="OU=Azure,OU=FAST Integration,DC=fastts,DC=firstam,DC=net"/>
				<Config Name="MachineTimeZone" Value="Pacific Standard Time"/>
				<Config Name="LocalSoftwareSource" Value="D:\Software"/>
				<Config Name="SoftwareSource" Value="\\azuvputlazur001.corp.firstam.com\Software"/>
				<Config Name="CentralLogTarget" Value="\\azuvputlazur001.corp.firstam.com\Logs"/>
				<Config Name="DSCSource" Value="\\azuvputlazur001.corp.firstam.com\DSCConfigs"/>
				<Config Name="CertSubjectName" Value="DSCInstall"/>
                <Config Name="StorageAccount" Value="soa1s4fintsa50"/>
                <Config Name="ImageOSType" Value="Windows"/>
                <Config Name="ImagePublisherName" Value="MicrosoftWindowsServer"/>
                <Config Name="ImageOfferName" Value="WindowsServer"/>
                <Config Name="ImageSKUName" Value="2012-Datacenter"/>
                <Config Name="Tags" Value="FAST,FINT 50"/>
			</Defaults>
			<VMs>
				<VM Name="AZUVNADMFINT501">
					<Role Name="IIS" Version="1.0"/>
					<Config Name="InstanceSize" Value="Standard_A4_v2"/>
				</VM>
				<VM Name="AZUVNBATFINT501">
					<Role Name="BAT" Version="1.0"/>
					<Config Name="InstanceSize" Value="Standard_A2"/>
                    <Config Name="SubnetName" Value="S-10.64.34.0-23"/>
				</VM>
				<VM Name="AZUVNDLVFINT501">
					<Role Name="DLV (SPDP)" Version="1.0"/>
					<Config Name="InstanceSize" Value="Standard_A4_v2"/>
                    <Config Name="SubnetName" Value="S-10.64.34.0-23"/>
				</VM>
				<VM Name="AZUVNDRSFINT501">
					<Role Name="DRS" Version="1.0"/>
					<Config Name="InstanceSize" Value="Standard_A1"/>
                    <Config Name="SubnetName" Value="S-10.64.34.0-23"/>
				</VM>
				<VM Name="AZUVNIISFINT501">
					<Role Name="IIS" Version="1.0"/>
					<Config Name="InstanceSize" Value="Standard_A4_v2"/>
				</VM>
				<VM Name="AZUVNINTFINT501">
					<Role Name="INT" Version="1.0"/>
					<Config Name="InstanceSize" Value="Standard_A2"/>
                    <Config Name="SubnetName" Value="S-10.64.34.0-23"/>
				</VM>
				<VM Name="AZUVNREPFINT501">
					<Role Name="REP" Version="1.0"/>
					<Config Name="InstanceSize" Value="Standard_A2"/>
                    <Config Name="SubnetName" Value="S-10.64.34.0-23"/>
				</VM>
				<VM Name="AZUVNSQLFINT501">
					<Role Name="SQL (FASTPROD and Workflow)" Version="2.0"/>
					<Config Name="InstanceSize" Value="Standard_A4_v2"/>
					<Config Name="ImageSKUName" Value="2012-R2-Datacenter"/>
					<Config Name="SubnetName" Value="S-10.64.38.0-23"/>
				</VM>
				<VM Name="AZUVNSQLFINT502">
					<Role Name="SQL (Imaging and DocPrep)" Version="2.0"/>
					<Config Name="InstanceSize" Value="Standard_A4_v2"/>
					<Config Name="ImageSKUName" Value="2012-R2-Datacenter"/>
					<Config Name="SubnetName" Value="S-10.64.38.0-23"/>
				</VM>
				<VM Name="AZUVNSQLFINT503">
					<Role Name="SQL (SPDP)" Version="1.0"/>
					<Config Name="InstanceSize" Value="Standard_A4_v2"/>
					<Config Name="SubnetName" Value="S-10.64.38.0-23"/>
				</VM>
			</VMs>
		</Cloud>
	</Subscription>
</ProvisionVMs>