"Operation","OperationName","ProviderNamespace","ResourceName","Description"
"""Microsoft.ApiManagement/service/write"",","Create a new instance of API Management Service","Microsoft API Management","Service","Create a new instance of API Management Service"
"""Microsoft.ApiManagement/service/read"",","Read metadata for an API Management Service instance","Microsoft API Management","Service","Read metadata for an API Management Service instance"
"""Microsoft.ApiManagement/service/delete"",","Delete API Management Service instance","Microsoft API Management","Service","Delete API Management Service instance"
"""Microsoft.ApiManagement/service/updatehostname/action"",","Update domain names","Microsoft API Management","Service","Setup, update or remove custom domain names for an API Management Service"
"""Microsoft.ApiManagement/service/updatecertificate/action"",","Upload SSL certificate","Microsoft API Management","Service","Upload SSL certificate for an API Management Service"
"""Microsoft.ApiManagement/service/checkcustomhostname/action"",","Check hostname mapping","Microsoft API Management","Service","Checks if provided host name correctly resolves to API Management domain"
"""Microsoft.ApiManagement/service/backup/action"",","Backup API Management Service","Microsoft API Management","Service","Backup API Management Service to the specified container in a user provided storage account"
"""Microsoft.ApiManagement/service/restore/action"",","Restore API Management Service","Microsoft API Management","Service","Restore API Management Service from the specified container in a user provided storage account"
"""Microsoft.ApiManagement/service/managedeployments/action"",","Manage Service Deployments","Microsoft API Management","Service","Change SKU/units, add/remove regional deployments of API Management Service"
"""Microsoft.ApiManagement/service/managevpn/action"",","Manage VPN configuration","Microsoft API Management","Service","Change VPN configuration of API Management Service"
"""Microsoft.ApiManagement/service/operationresults/read"",","Get long running operation result","Microsoft API Management","Operation Result","Gets current status of long running operation"
"""Microsoft.ApiManagement/service/loggers/read"",","Get loggers list or Get logger details","Microsoft API Management","Loggers","Get list of loggers or Get details of logger"
"""Microsoft.ApiManagement/service/loggers/write"",","Add logger or Update logger","Microsoft API Management","Loggers","Add new logger or Update existing logger details"
"""Microsoft.ApiManagement/service/loggers/delete"",","Remove logger","Microsoft API Management","Loggers","Remove existing logger"
"""Microsoft.ApiManagement/service/users/read"",","Get users list or Get user details","Microsoft API Management","User accounts","Get a list of registered users or Get account details of a user"
"""Microsoft.ApiManagement/service/users/write"",","Register new user or Update user","Microsoft API Management","User accounts","Register a new user or Update account details of an existing user"
"""Microsoft.ApiManagement/service/users/delete"",","Remove user","Microsoft API Management","User accounts","Remove user account"
"""Microsoft.ApiManagement/service/users/generateSsoUrl/action"",","Generage SSO URL","Microsoft API Management","User accounts","Generate SSO URL. The URL can be used to access admin portal"
"""Microsoft.ApiManagement/service/users/subscriptions/read"",","Get user subscriptions list","Microsoft API Management","User subscriptions","Get list of user subscriptions"
"""Microsoft.ApiManagement/service/users/keys/read"",","Get user keys","Microsoft API Management","Shared access key set","Get list of user keys"
"""Microsoft.ApiManagement/service/users/groups/read"",","Get user groups list","Microsoft API Management","Developer groups assigned to user","Get list of user groups"
"""Microsoft.ApiManagement/service/tenant/operationResults/read"",","Get operation results or Get operation result","Microsoft API Management","Results of async operations","Get list of operation results or Get result of a specific operation"
"""Microsoft.ApiManagement/service/tenant/policy/read"",","Get tenant policy configuration","Microsoft API Management","Tenant-level policy configuration","Get policy configuration for the tenant"
"""Microsoft.ApiManagement/service/tenant/policy/write"",","Set tenant policy configuration","Microsoft API Management","Tenant-level policy configuration","Set policy configuration for the tenant"
"""Microsoft.ApiManagement/service/tenant/policy/delete"",","Remove tenant policy configuration","Microsoft API Management","Tenant-level policy configuration","Remove policy configuration for the tenant"
"""Microsoft.ApiManagement/service/tenant/access/read"",","Get tenant acces information","Microsoft API Management","Tenant access information","Get tenant access information details"
"""Microsoft.ApiManagement/service/tenant/access/write"",","Update tenant access information","Microsoft API Management","Tenant access information","Update tenant access information details"
"""Microsoft.ApiManagement/service/tenant/access/regeneratePrimaryKey/action"",","Regenerate primary key","Microsoft API Management","Tenant access information","Regenerate primary access key"
"""Microsoft.ApiManagement/service/tenant/access/regenerateSecondaryKey/action"",","Regenerate secondary key","Microsoft API Management","Tenant access information","Regenerate secondary access key"
"""Microsoft.ApiManagement/service/subscriptions/read"",","Get subscriptions list or Get subscripiton details","Microsoft API Management","Product subscriptions","Get a list of product subscriptions or Get details of product subscription"
"""Microsoft.ApiManagement/service/subscriptions/write"",","Subscribe to product or Update subscription","Microsoft API Management","Product subscriptions","Subscribe an existing user to an existing product or Update existing subscription details. This operation can be used to renew subscription"
"""Microsoft.ApiManagement/service/subscriptions/delete"",","Delete subscription","Microsoft API Management","Product subscriptions","Delete subscription. This operation can be used to delete subscription"
"""Microsoft.ApiManagement/service/subscriptions/regeneratePrimaryKey/action"",","Regenerate subscription PK","Microsoft API Management","Product subscriptions","Regenerate subscription primary key"
"""Microsoft.ApiManagement/service/subscriptions/regenerateSecondaryKey/action"",","Regenerate subscription SK","Microsoft API Management","Product subscriptions","Regenerate subscription secondary key"
"""Microsoft.ApiManagement/service/backends/read"",","Get backends list or Get backend details","Microsoft API Management","Backends","Get list of backends or Get details of backend"
"""Microsoft.ApiManagement/service/backends/write"",","Add backend or Update backend","Microsoft API Management","Backends","Add a new backend or Update existing backend details"
"""Microsoft.ApiManagement/service/backends/delete"",","Remove backend","Microsoft API Management","Backends","Remove existing backend"
"""Microsoft.ApiManagement/service/apis/read"",","Get API list or Get API details","Microsoft API Management","APIs","Get list of all registered APIs or Get details of API"
"""Microsoft.ApiManagement/service/apis/write"",","Create API or Update API","Microsoft API Management","APIs","Create new API or Update existing API details"
"""Microsoft.ApiManagement/service/apis/delete"",","Remove API","Microsoft API Management","APIs","Remove existing API"
"""Microsoft.ApiManagement/service/apis/policy/read"",","Get API policy configuration","Microsoft API Management","API policy configuration","Get policy configuration details for API"
"""Microsoft.ApiManagement/service/apis/policy/write"",","Set API policy configuration","Microsoft API Management","API policy configuration","Set policy configuration details for API"
"""Microsoft.ApiManagement/service/apis/policy/delete"",","Remove API policy configuration","Microsoft API Management","API policy configuration","Remove policy configuration from API"
"""Microsoft.ApiManagement/service/apis/operations/read"",","Get API operations or Get API operation details","Microsoft API Management","API operations","Get list of existing API operations or Get details of API operation"
"""Microsoft.ApiManagement/service/apis/operations/write"",","Create API operation or Update API operation","Microsoft API Management","API operations","Create new API operation or Update existing API operation"
"""Microsoft.ApiManagement/service/apis/operations/delete"",","Remove API operation","Microsoft API Management","API operations","Remove existing API operation"
"""Microsoft.ApiManagement/service/apis/operations/policy/read"",","Get operation policy configuration","Microsoft API Management","Operation policy configuration","Get policy configuration details for operation"
"""Microsoft.ApiManagement/service/apis/operations/policy/write"",","Set operation policy configuration","Microsoft API Management","Operation policy configuration","Set policy configuration details for operation"
"""Microsoft.ApiManagement/service/apis/operations/policy/delete"",","Remove operation policy configuration","Microsoft API Management","Operation policy configuration","Remove policy configuration from operation"
"""Microsoft.ApiManagement/service/products/read"",","Get product list or Get product details","Microsoft API Management","Products","Get list of products or Get details of product"
"""Microsoft.ApiManagement/service/products/write"",","Create product or Update product","Microsoft API Management","Products","Create new product or Update existing product details"
"""Microsoft.ApiManagement/service/products/delete"",","Remove product","Microsoft API Management","Products","Remove existing product"
"""Microsoft.ApiManagement/service/products/subscriptions/read"",","Get product subscriptions list","Microsoft API Management","Product subscriptions","Get list of product subscriptions"
"""Microsoft.ApiManagement/service/products/apis/read"",","Get product APIs list","Microsoft API Management","APIs added to product","Get list of APIs added to existing product"
"""Microsoft.ApiManagement/service/products/apis/write"",","Add API to product","Microsoft API Management","APIs added to product","Add existing API to existing product"
"""Microsoft.ApiManagement/service/products/apis/delete"",","Remove API from product","Microsoft API Management","APIs added to product","Remove existing API from existing product"
"""Microsoft.ApiManagement/service/products/policy/read"",","Get product policy configuration","Microsoft API Management","Product policy configuration","Get policy configuration of existing product"
"""Microsoft.ApiManagement/service/products/policy/write"",","Set product policy configuration","Microsoft API Management","Product policy configuration","Set policy configuration for existing product"
"""Microsoft.ApiManagement/service/products/policy/delete"",","Remove product policy configuration","Microsoft API Management","Product policy configuration","Remove policy configuration from existing product"
"""Microsoft.ApiManagement/service/products/groups/read"",","Get product groups list","Microsoft API Management","Developer groups associated with product","Get list of developer groups associated with product"
"""Microsoft.ApiManagement/service/products/groups/write"",","Associate group with product","Microsoft API Management","Developer groups associated with product","Associate existing developer group with existing product"
"""Microsoft.ApiManagement/service/products/groups/delete"",","Delete group with product association","Microsoft API Management","Developer groups associated with product","Delete association of existing developer group with existing product"
"""Microsoft.ApiManagement/service/openidConnectProviders/read"",","Get OpenID providers list or Get OpenID Connect Provider details","Microsoft API Management","OpenID Connect Providers","Get list of OpenID Connect providers or Get details of OpenID Connect Provider"
"""Microsoft.ApiManagement/service/openidConnectProviders/write"",","Create new OpenID Connect Provider or Update existing OpenID Connect Provider","Microsoft API Management","OpenID Connect Providers","Create a new OpenID Connect Provider or Update details of an existing OpenID Connect Provider"
"""Microsoft.ApiManagement/service/openidConnectProviders/delete"",","Remove OpenID Connect Provider","Microsoft API Management","OpenID Connect Providers","Remove existing OpenID Connect Provider"
"""Microsoft.ApiManagement/service/certificates/read"",","Get certificates list or Get cerificate details","Microsoft API Management","Certificates","Get list of certificates or Get details of certificate"
"""Microsoft.ApiManagement/service/certificates/write"",","Add certificate","Microsoft API Management","Certificates","Add new certificate"
"""Microsoft.ApiManagement/service/certificates/delete"",","Remove certificate","Microsoft API Management","Certificates","Remove existing certificate"
"""Microsoft.ApiManagement/service/groups/read"",","Get groups list or Get group details","Microsoft API Management","Groups","Get list of groups or Gets details of a group"
"""Microsoft.ApiManagement/service/groups/write"",","Create group or Update group","Microsoft API Management","Groups","Create new group or Update existing group details"
"""Microsoft.ApiManagement/service/groups/delete"",","Remove group","Microsoft API Management","Groups","Remove existing group"
"""Microsoft.ApiManagement/service/groups/users/read"",","Get group users list","Microsoft API Management","Group users","Get list of group users"
"""Microsoft.ApiManagement/service/groups/users/write"",","Add user to group","Microsoft API Management","Group users","Add existing user to existing group"
"""Microsoft.ApiManagement/service/groups/users/delete"",","Remove user from group","Microsoft API Management","Group users","Remove existing user from existing group"
"""Microsoft.ApiManagement/service/getssotoken/read"",","Get SSO token","Microsoft API Management","SSO Token","Gets SSO token that can be used to login into API Management Service portal as an administrator"
"""Microsoft.ApiManagement/service/authorizationServers/read"",","Get authorization service list or Get authorization server details","Microsoft API Management","OAuth Authorization servers","Get list of authorization servers or Get details of authorization server"
"""Microsoft.ApiManagement/service/authorizationServers/write"",","Create new authorization server or Update existing authorization server","Microsoft API Management","OAuth Authorization servers","Create a new authorization server or Update details of an existing authorization server"
"""Microsoft.ApiManagement/service/authorizationServers/delete"",","Remove authorization server","Microsoft API Management","OAuth Authorization servers","Remove existing authorization server"
"""Microsoft.ApiManagement/service/reports/bySubscription/read"",","Get by subscription report","Microsoft API Management","By subscription report","Get report aggregated by subscription."
"""Microsoft.ApiManagement/service/reports/byOperation/read"",","Get by operation report","Microsoft API Management","By operation report","Get report aggregated by operations"
"""Microsoft.ApiManagement/service/reports/byGeo/read"",","Get by region report","Microsoft API Management","By region report","Get report aggregated by geographical region"
"""Microsoft.ApiManagement/service/reports/byUser/read"",","Get by developer repoer","Microsoft API Management","By developer report","Get report aggregated by developers."
"""Microsoft.ApiManagement/service/reports/byTime/read"",","Get by time report","Microsoft API Management","By time report","Get report aggregated by time periods"
"""Microsoft.ApiManagement/service/reports/byApi/read"",","Get by API report","Microsoft API Management","By api report","Get report aggregated by APIs"
"""Microsoft.ApiManagement/service/reports/raw/read"",","Get raw data report","Microsoft API Management","Raw reporting data","Get raw reposting data"
"""Microsoft.ApiManagement/service/reports/byProduct/read"",","Get by product report","Microsoft API Management","By product report","Get report aggregated by products."
"""Microsoft.Authorization/classicAdministrators/read"",","Get administrator","Microsoft Authorization","Classic subscription administrator","Reads the administrators for the subscription."
"""Microsoft.Authorization/classicAdministrators/write"",","Set administrator","Microsoft Authorization","Classic subscription administrator","Add or modify administrator to a subscription."
"""Microsoft.Authorization/classicAdministrators/delete"",","Delete administrator","Microsoft Authorization","Classic subscription administrator","Removes the administrator from the subscription."
"""Microsoft.Authorization/locks/read"",","Get management locks","Microsoft Authorization","Management lock","Gets locks at the specified scope."
"""Microsoft.Authorization/locks/write"",","Add management locks","Microsoft Authorization","Management lock","Add locks at the specified scope."
"""Microsoft.Authorization/locks/delete"",","Delete management locks","Microsoft Authorization","Management lock","Delete locks at the specified scope."
"""Microsoft.Authorization/permissions/read"",","List permissions","Microsoft Authorization","Permission","Lists all the permissions the caller has at a given scope."
"""Microsoft.Authorization/roleDefinitions/read"",","Get role definition","Microsoft Authorization","Role definition","Get information about a role definition."
"""Microsoft.Authorization/roleDefinitions/write"",","Create or update custom role definition","Microsoft Authorization","Role definition","Create or update a custom role definition with specified permissions and assignable scopes."
"""Microsoft.Authorization/roleDefinitions/delete"",","Delete custom role definition","Microsoft Authorization","Role definition","Delete the specified custom role definition."
"""Microsoft.Authorization/providerOperations/read"",","Get operations for resource providers","Microsoft Authorization","Provider operations","Get operations for all resource providers which can be used in role definitions."
"""Microsoft.Authorization/roleAssignments/read"",","Get role assignment","Microsoft Authorization","Role assignment","Get information about a role assignment."
"""Microsoft.Authorization/roleAssignments/write"",","Create role assignment","Microsoft Authorization","Role assignment","Create a role assignment at the specified scope."
"""Microsoft.Authorization/roleAssignments/delete"",","Delete role assignment","Microsoft Authorization","Role assignment","Delete a role assignment at the specified scope."
"""Microsoft.Insights/AlertRules/Write"",","Alert Rule write","Microsoft Monitoring Insights","Alert Rules","Writing to an alert rule configuration"
"""Microsoft.Insights/AlertRules/Delete"",","Alert Rule delete","Microsoft Monitoring Insights","Alert Rules","Deleting an alert rule configuration"
"""Microsoft.Insights/AlertRules/Read"",","Alert Rule read","Microsoft Monitoring Insights","Alert Rules","Reading an alert rule configuration"
"""Microsoft.Insights/AlertRules/Activated/Action"",","Alert Rule activated","Microsoft Monitoring Insights","Alert Rules","Alert Rule activated"
"""Microsoft.Insights/AlertRules/Resolved/Action"",","Alert Rule resolved","Microsoft Monitoring Insights","Alert Rules","Alert Rule resolved"
"""Microsoft.Insights/AlertRules/Throttled/Action"",","Alert Rule throttled","Microsoft Monitoring Insights","Alert Rules","Alert rule is throttled"
"""Microsoft.Insights/AlertRules/Incidents/Read"",","Alert Rule Incidents read","Microsoft Monitoring Insights","Alert Rule Incident resource","Reading an alert rule incident configuration"
