"Operation","OperationName","ProviderNamespace","ResourceName","Description"
"""Microsoft.Authorization/classicAdministrators/read"",","Get administrator","Microsoft Authorization","Classic subscription administrator","Reads the administrators for the subscription."
"""Microsoft.Authorization/classicAdministrators/write"",","Set administrator","Microsoft Authorization","Classic subscription administrator","Add or modify administrator to a subscription."
"""Microsoft.Authorization/classicAdministrators/delete"",","Delete administrator","Microsoft Authorization","Classic subscription administrator","Removes the administrator from the subscription."
"""Microsoft.Authorization/locks/read"",","Get management locks","Microsoft Authorization","Management lock","Gets locks at the specified scope."
"""Microsoft.Authorization/locks/write"",","Add management locks","Microsoft Authorization","Management lock","Add locks at the specified scope."
"""Microsoft.Authorization/locks/delete"",","Delete management locks","Microsoft Authorization","Management lock","Delete locks at the specified scope."
"""Microsoft.Authorization/permissions/read"",","List permissions","Microsoft Authorization","Permission","Lists all the permissions the caller has at a given scope."
"""Microsoft.Authorization/roleDefinitions/read"",","Get role definition","Microsoft Authorization","Role definition","Get information about a role definition."
"""Microsoft.Authorization/roleDefinitions/write"",","Create or update custom role definition","Microsoft Authorization","Role definition","Create or update a custom role definition with specified permissions and assignable scopes."
"""Microsoft.Authorization/roleDefinitions/delete"",","Delete custom role definition","Microsoft Authorization","Role definition","Delete the specified custom role definition."
"""Microsoft.Authorization/providerOperations/read"",","Get operations for resource providers","Microsoft Authorization","Provider operations","Get operations for all resource providers which can be used in role definitions."
"""Microsoft.Authorization/roleAssignments/read"",","Get role assignment","Microsoft Authorization","Role assignment","Get information about a role assignment."
"""Microsoft.Authorization/roleAssignments/write"",","Create role assignment","Microsoft Authorization","Role assignment","Create a role assignment at the specified scope."
"""Microsoft.Authorization/roleAssignments/delete"",","Delete role assignment","Microsoft Authorization","Role assignment","Delete a role assignment at the specified scope."
"Microsoft.Automation/automationAccounts/jobs/read","Read an Azure Automation job","Microsoft Automation","Azure Automation Job","Gets an Azure Automation job"
"Microsoft.Automation/automationAccounts/jobs/resume/action","Resume an Azure Automation job","Microsoft Automation","Azure Automation Job","Resumes an Azure Automation job"
"Microsoft.Automation/automationAccounts/jobs/stop/action","Stop an Azure Automation job","Microsoft Automation","Azure Automation Job","Stops an Azure Automation job"
"Microsoft.Automation/automationAccounts/jobs/streams/read","Read an Azure Automation job stream","Microsoft Automation","Azure Automation Job Stream","Gets an Azure Automation job stream"
"Microsoft.Automation/automationAccounts/jobs/suspend/action","Suspend an Azure Automation job","Microsoft Automation","Azure Automation Job","Suspends an Azure Automation job"
"Microsoft.Automation/automationAccounts/jobs/write","Create an Azure Automation job","Microsoft Automation","Azure Automation Job","Creates an Azure Automation job"
"Microsoft.Automation/automationAccounts/jobSchedules/read","Read an Azure Automation job schedule","Microsoft Automation","Azure Automation Job Schedule","Gets an Azure Automation job schedule"
"Microsoft.Automation/automationAccounts/jobSchedules/write","Create an Azure Automation job schedule","Microsoft Automation","Azure Automation Job Schedule","Creates an Azure Automation job schedule"
"Microsoft.Automation/automationAccounts/read","Read an Azure Automation account","Microsoft Automation","Azure Automation Account","Gets an Azure Automation account"
"Microsoft.Automation/automationAccounts/runbooks/read","Read an Azure Automation Runbook","Microsoft Automation","Azure Automation Runbook","Gets an Azure Automation runbook"
"Microsoft.Automation/automationAccounts/schedules/read","Read an Azure Automation schedule asset","Microsoft Automation","Azure Automation Schedule Asset","Gets an Azure Automation schedule asset"
"""Microsoft.Automation/automationAccounts/schedules/write"",","Create or Update an Azure Automation schedule asset","Microsoft Automation","Azure Automation Schedule Asset","Creates or updates an Azure Automation schedule asset"
"""Microsoft.Automation/automationAccounts/schedules/write"",","Create or Update an Azure Automation schedule asset","Microsoft Automation","Azure Automation Schedule Asset","Creates or updates an Azure Automation schedule asset"
"""Microsoft.Insights/AlertRules/Write"",","Alert Rule write","Microsoft Monitoring Insights","Alert Rules","Writing to an alert rule configuration"
"""Microsoft.Insights/AlertRules/Delete"",","Alert Rule delete","Microsoft Monitoring Insights","Alert Rules","Deleting an alert rule configuration"
"""Microsoft.Insights/AlertRules/Read"",","Alert Rule read","Microsoft Monitoring Insights","Alert Rules","Reading an alert rule configuration"
"""Microsoft.Insights/AlertRules/Activated/Action"",","Alert Rule activated","Microsoft Monitoring Insights","Alert Rules","Alert Rule activated"
"""Microsoft.Insights/AlertRules/Resolved/Action"",","Alert Rule resolved","Microsoft Monitoring Insights","Alert Rules","Alert Rule resolved"
"""Microsoft.Insights/AlertRules/Throttled/Action"",","Alert Rule throttled","Microsoft Monitoring Insights","Alert Rules","Alert rule is throttled"
"""Microsoft.Insights/AlertRules/Incidents/Read"",","Alert Rule Incidents read","Microsoft Monitoring Insights","Alert Rule Incident resource","Reading an alert rule incident configuration"
