"Operation","OperationName","ProviderNamespace","ResourceName","Description"
"""Microsoft.Authorization/classicAdministrators/read"",","Get administrator","Microsoft Authorization","Classic subscription administrator","Reads the administrators for the subscription."
"""Microsoft.Authorization/classicAdministrators/write"",","Set administrator","Microsoft Authorization","Classic subscription administrator","Add or modify administrator to a subscription."
"""Microsoft.Authorization/classicAdministrators/delete"",","Delete administrator","Microsoft Authorization","Classic subscription administrator","Removes the administrator from the subscription."
"""Microsoft.Authorization/locks/read"",","Get management locks","Microsoft Authorization","Management lock","Gets locks at the specified scope."
"""Microsoft.Authorization/locks/write"",","Add management locks","Microsoft Authorization","Management lock","Add locks at the specified scope."
"""Microsoft.Authorization/locks/delete"",","Delete management locks","Microsoft Authorization","Management lock","Delete locks at the specified scope."
"""Microsoft.Authorization/permissions/read"",","List permissions","Microsoft Authorization","Permission","Lists all the permissions the caller has at a given scope."
"""Microsoft.Authorization/roleDefinitions/read"",","Get role definition","Microsoft Authorization","Role definition","Get information about a role definition."
"""Microsoft.Authorization/roleDefinitions/write"",","Create or update custom role definition","Microsoft Authorization","Role definition","Create or update a custom role definition with specified permissions and assignable scopes."
"""Microsoft.Authorization/roleDefinitions/delete"",","Delete custom role definition","Microsoft Authorization","Role definition","Delete the specified custom role definition."
"""Microsoft.Authorization/providerOperations/read"",","Get operations for resource providers","Microsoft Authorization","Provider operations","Get operations for all resource providers which can be used in role definitions."
"""Microsoft.Authorization/roleAssignments/read"",","Get role assignment","Microsoft Authorization","Role assignment","Get information about a role assignment."
"""Microsoft.Authorization/roleAssignments/write"",","Create role assignment","Microsoft Authorization","Role assignment","Create a role assignment at the specified scope."
"""Microsoft.Authorization/roleAssignments/delete"",","Delete role assignment","Microsoft Authorization","Role assignment","Delete a role assignment at the specified scope."
"Microsoft.Cdn/edgenodes/read","read","Microsoft.Cdn","EdgeNode",
"""Microsoft.Cdn/operationresults/read"",","read","Microsoft.Cdn","OperationResult",
"""Microsoft.Cdn/operationresults/write"",","write","Microsoft.Cdn","OperationResult",
"""Microsoft.Cdn/operationresults/delete"",","delete","Microsoft.Cdn","OperationResult",
"""Microsoft.Cdn/operationresults/profileresults/read"",","read","Microsoft.Cdn","Profile",
"""Microsoft.Cdn/operationresults/profileresults/write"",","write","Microsoft.Cdn","Profile",
"""Microsoft.Cdn/operationresults/profileresults/delete"",","delete","Microsoft.Cdn","Profile",
"""Microsoft.Cdn/operationresults/profileresults/GenerateSsoUri/action"",","GenerateSsoUri","Microsoft.Cdn","Profile",
"""Microsoft.Cdn/operationresults/profileresults/endpointresults/read"",","read","Microsoft.Cdn","Endpoint",
"""Microsoft.Cdn/operationresults/profileresults/endpointresults/write"",","write","Microsoft.Cdn","Endpoint",
"""Microsoft.Cdn/operationresults/profileresults/endpointresults/delete"",","delete","Microsoft.Cdn","Endpoint",
"""Microsoft.Cdn/operationresults/profileresults/endpointresults/Start/action"",","Start","Microsoft.Cdn","Endpoint",
"""Microsoft.Cdn/operationresults/profileresults/endpointresults/Stop/action"",","Stop","Microsoft.Cdn","Endpoint",
"""Microsoft.Cdn/operationresults/profileresults/endpointresults/Purge/action"",","Purge","Microsoft.Cdn","Endpoint",
"""Microsoft.Cdn/operationresults/profileresults/endpointresults/Load/action"",","Load","Microsoft.Cdn","Endpoint",
"""Microsoft.Cdn/operationresults/profileresults/endpointresults/ValidateCustomDomain/action"",","ValidateCustomDomain","Microsoft.Cdn","Endpoint",
"""Microsoft.Cdn/operationresults/profileresults/endpointresults/customdomainresults/read"",","read","Microsoft.Cdn","CustomDomain",
"""Microsoft.Cdn/operationresults/profileresults/endpointresults/customdomainresults/write"",","write","Microsoft.Cdn","CustomDomain",
"""Microsoft.Cdn/operationresults/profileresults/endpointresults/customdomainresults/delete"",","delete","Microsoft.Cdn","CustomDomain",
"""Microsoft.Cdn/operationresults/profileresults/endpointresults/originresults/read"",","read","Microsoft.Cdn","Origin",
"""Microsoft.Cdn/operationresults/profileresults/endpointresults/originresults/write"",","write","Microsoft.Cdn","Origin",
"""Microsoft.Cdn/operationresults/profileresults/endpointresults/originresults/delete"",","delete","Microsoft.Cdn","Origin",
"""Microsoft.Cdn/profiles/endpoints/read"",","read","Microsoft.Cdn","Endpoint",
"""Microsoft.Cdn/profiles/endpoints/write"",","write","Microsoft.Cdn","Endpoint",
"""Microsoft.Cdn/profiles/endpoints/delete"",","delete","Microsoft.Cdn","Endpoint",
"""Microsoft.Cdn/profiles/endpoints/Start/action"",","Start","Microsoft.Cdn","Endpoint",
"""Microsoft.Cdn/profiles/endpoints/Stop/action"",","Stop","Microsoft.Cdn","Endpoint",
"""Microsoft.Cdn/profiles/endpoints/Purge/action"",","Purge","Microsoft.Cdn","Endpoint",
"""Microsoft.Cdn/profiles/endpoints/Load/action"",","Load","Microsoft.Cdn","Endpoint",
"""Microsoft.Cdn/profiles/endpoints/ValidateCustomDomain/action"",","ValidateCustomDomain","Microsoft.Cdn","Endpoint",
"""Microsoft.Cdn/profiles/endpoints/customdomains/read"",","read","Microsoft.Cdn","CustomDomain",
"""Microsoft.Cdn/profiles/endpoints/customdomains/write"",","write","Microsoft.Cdn","CustomDomain",
"""Microsoft.Cdn/profiles/endpoints/customdomains/delete"",","delete","Microsoft.Cdn","CustomDomain",
"""Microsoft.Cdn/profiles/endpoints/origins/read"",","read","Microsoft.Cdn","Origin",
"""Microsoft.Cdn/profiles/endpoints/origins/write"",","write","Microsoft.Cdn","Origin",
"""Microsoft.Cdn/profiles/endpoints/origins/delete"",","delete","Microsoft.Cdn","Origin",
"""Microsoft.Insights/AlertRules/Write"",","Alert Rule write","Microsoft Monitoring Insights","Alert Rules","Writing to an alert rule configuration"
"""Microsoft.Insights/AlertRules/Delete"",","Alert Rule delete","Microsoft Monitoring Insights","Alert Rules","Deleting an alert rule configuration"
"""Microsoft.Insights/AlertRules/Read"",","Alert Rule read","Microsoft Monitoring Insights","Alert Rules","Reading an alert rule configuration"
"""Microsoft.Insights/AlertRules/Activated/Action"",","Alert Rule activated","Microsoft Monitoring Insights","Alert Rules","Alert Rule activated"
"""Microsoft.Insights/AlertRules/Resolved/Action"",","Alert Rule resolved","Microsoft Monitoring Insights","Alert Rules","Alert Rule resolved"
"""Microsoft.Insights/AlertRules/Throttled/Action"",","Alert Rule throttled","Microsoft Monitoring Insights","Alert Rules","Alert rule is throttled"
"""Microsoft.Insights/AlertRules/Incidents/Read"",","Alert Rule Incidents read","Microsoft Monitoring Insights","Alert Rule Incident resource","Reading an alert rule incident configuration"
"""Microsoft.Resources/deployments/read"",","Get Deployment","Microsoft Resources","Deployment","Gets or lists deployments."
"""Microsoft.Resources/deployments/write"",","Create Deployment","Microsoft Resources","Deployment","Creates or updates an deployment."
"""Microsoft.Resources/deployments/delete"",","Delete Deployment","Microsoft Resources","Deployment","Deletes a deployment."
"""Microsoft.Resources/deployments/cancel/action"",","Cancel Deployment","Microsoft Resources","Deployment","Cancels a deployment."
"""Microsoft.Resources/deployments/validate/action"",","Validate Deployment","Microsoft Resources","Deployment","Validates an deployment."
"""Microsoft.Resources/deployments/operations/read"",","Get Deployment Operation","Microsoft Resources","Deployment Operation","Gets or lists deployment operations."
"Microsoft.Resources/subscriptions/resourceGroups/read","Get Resource Group","Microsoft Resources","Resource Group","Gets or lists resource groups."
"""Microsoft.Support/register/action"",","Registers Support Resource Provider","Microsoft Support","","Registers to Support Resource Provider"
"""Microsoft.Support/supportTickets/read"",","Reads Support Ticket","Microsoft Support","Support Ticket","Gets Support Ticket details (including status, severity, contact details and communications) or gets the list of Support Tickets across subscriptions."
"""Microsoft.Support/supportTickets/write"",","Writes Support Ticket","Microsoft Support","Support Ticket","Creates or Updates a Support Ticket. You can create a Support Ticket for Technical, Billing, Quotas or Subscription Management related issues. You can update severity, contact details and communications for existing support tickets."
