"Operation","OperationName","ProviderNamespace","ResourceName","Description"
"""Microsoft.Authorization/classicAdministrators/read"",","Get administrator","Microsoft Authorization","Classic subscription administrator","Reads the administrators for the subscription."
"""Microsoft.Authorization/classicAdministrators/write"",","Set administrator","Microsoft Authorization","Classic subscription administrator","Add or modify administrator to a subscription."
"""Microsoft.Authorization/classicAdministrators/delete"",","Delete administrator","Microsoft Authorization","Classic subscription administrator","Removes the administrator from the subscription."
"""Microsoft.Authorization/locks/read"",","Get management locks","Microsoft Authorization","Management lock","Gets locks at the specified scope."
"""Microsoft.Authorization/locks/write"",","Add management locks","Microsoft Authorization","Management lock","Add locks at the specified scope."
"""Microsoft.Authorization/locks/delete"",","Delete management locks","Microsoft Authorization","Management lock","Delete locks at the specified scope."
"""Microsoft.Authorization/permissions/read"",","List permissions","Microsoft Authorization","Permission","Lists all the permissions the caller has at a given scope."
"""Microsoft.Authorization/roleDefinitions/read"",","Get role definition","Microsoft Authorization","Role definition","Get information about a role definition."
"""Microsoft.Authorization/roleDefinitions/write"",","Create or update custom role definition","Microsoft Authorization","Role definition","Create or update a custom role definition with specified permissions and assignable scopes."
"""Microsoft.Authorization/roleDefinitions/delete"",","Delete custom role definition","Microsoft Authorization","Role definition","Delete the specified custom role definition."
"""Microsoft.Authorization/providerOperations/read"",","Get operations for resource providers","Microsoft Authorization","Provider operations","Get operations for all resource providers which can be used in role definitions."
"""Microsoft.Authorization/roleAssignments/read"",","Get role assignment","Microsoft Authorization","Role assignment","Get information about a role assignment."
"""Microsoft.Authorization/roleAssignments/write"",","Create role assignment","Microsoft Authorization","Role assignment","Create a role assignment at the specified scope."
"""Microsoft.Authorization/roleAssignments/delete"",","Delete role assignment","Microsoft Authorization","Role assignment","Delete a role assignment at the specified scope."
"""Microsoft.ClassicStorage/storageAccounts/read"",","Get The Storage Account","Microsoft ClassicStorage","Storage Account","Return the storage account with the given account."
"""Microsoft.ClassicStorage/storageAccounts/write"",","Add Storage Account","Microsoft ClassicStorage","Storage Account","Adds a new storage account."
"""Microsoft.ClassicStorage/storageAccounts/delete"",","Delete Storage Account","Microsoft ClassicStorage","Storage Account","Delete the storage account."
"""Microsoft.ClassicStorage/storageAccounts/listKeys/action"",","List Access Keys","Microsoft ClassicStorage","Storage Account","Lists the access keys for the storage accounts."
"""Microsoft.ClassicStorage/storageAccounts/regenerateKey/action"",","Regenerate Access Keys","Microsoft ClassicStorage","Storage Account","Regenerates the existing access keys for the storage account."
"""Microsoft.ClassicStorage/storageAccounts/operationStatuses/read"",","Get the Operation Status","Microsoft ClassicStorage","Operation Status","Reads the operation status for the resource."
"""Microsoft.ClassicStorage/storageAccounts/images/read"",","Get Storage Account Image","Microsoft ClassicStorage","Storage Account Image","Returns the storage account image."
"""Microsoft.ClassicStorage/storageAccounts/images/delete"",","Delete Storage Account Image","Microsoft ClassicStorage","Storage Account Image","Deletes a given storage account image."
"""Microsoft.ClassicStorage/storageAccounts/disks/read"",","Get Storage Account Disk","Microsoft ClassicStorage","Storage Account Disk","Returns the storage account disk."
"""Microsoft.ClassicStorage/storageAccounts/disks/write"",","Add Storage Account Disk","Microsoft ClassicStorage","Storage Account Disk","Adds a storage account disk."
"""Microsoft.ClassicStorage/storageAccounts/disks/delete"",","Delete Storage Account Disk","Microsoft ClassicStorage","Storage Account Disk","Deletes a given storage account  disk."
"""Microsoft.ClassicStorage/storageAccounts/disks/operationStatuses/read"",","Get the Operation Status","Microsoft ClassicStorage","Operation Status","Reads the operation status for the resource."
"""Microsoft.ClassicStorage/storageAccounts/osImages/read"",","Get Storage Account Operating System Image","Microsoft ClassicStorage","Storage Account Operating System Image","Returns the storage account operating system image."
"""Microsoft.ClassicStorage/storageAccounts/osImages/delete"",","Delete Storage Account Operating System Image","Microsoft ClassicStorage","Storage Account Operating System Image","Deletes a given storage account operating system image."
"""Microsoft.ClassicStorage/storageAccounts/services/read"",","Get Available Services","Microsoft ClassicStorage","Services","Get the available services."
"""Microsoft.ClassicStorage/storageAccounts/services/metricDefinitions/read"",","Get Metric Definitions","Microsoft ClassicStorage","Metric Definition","Gets the metrics definitions."
"""Microsoft.ClassicStorage/storageAccounts/services/metrics/read"",","Get Metrics","Microsoft ClassicStorage","Metrics","Gets the metrics."
"""Microsoft.ClassicStorage/storageAccounts/services/diagnosticSettings/read"",","Get Diagnostics Settings","Microsoft ClassicStorage","Diagnostics Settings","Get the diagnostics settings."
"""Microsoft.ClassicStorage/storageAccounts/services/diagnosticSettings/write"",","Add Diagnostics Settings","Microsoft ClassicStorage","Diagnostics Settings","Add or modify diagnostics settings."
"""Microsoft.Insights/AlertRules/Write"",","Alert Rule write","Microsoft Monitoring Insights","Alert Rules","Writing to an alert rule configuration"
"""Microsoft.Insights/AlertRules/Delete"",","Alert Rule delete","Microsoft Monitoring Insights","Alert Rules","Deleting an alert rule configuration"
"""Microsoft.Insights/AlertRules/Read"",","Alert Rule read","Microsoft Monitoring Insights","Alert Rules","Reading an alert rule configuration"
"""Microsoft.Insights/AlertRules/Activated/Action"",","Alert Rule activated","Microsoft Monitoring Insights","Alert Rules","Alert Rule activated"
"""Microsoft.Insights/AlertRules/Resolved/Action"",","Alert Rule resolved","Microsoft Monitoring Insights","Alert Rules","Alert Rule resolved"
"""Microsoft.Insights/AlertRules/Throttled/Action"",","Alert Rule throttled","Microsoft Monitoring Insights","Alert Rules","Alert rule is throttled"
"""Microsoft.Insights/AlertRules/Incidents/Read"",","Alert Rule Incidents read","Microsoft Monitoring Insights","Alert Rule Incident resource","Reading an alert rule incident configuration"
