"Operation","OperationName","ProviderNamespace","ResourceName","Description"
"""Microsoft.Authorization/classicAdministrators/read"",","Get administrator","Microsoft Authorization","Classic subscription administrator","Reads the administrators for the subscription."
"""Microsoft.Authorization/classicAdministrators/write"",","Set administrator","Microsoft Authorization","Classic subscription administrator","Add or modify administrator to a subscription."
"""Microsoft.Authorization/classicAdministrators/delete"",","Delete administrator","Microsoft Authorization","Classic subscription administrator","Removes the administrator from the subscription."
"""Microsoft.Authorization/locks/read"",","Get management locks","Microsoft Authorization","Management lock","Gets locks at the specified scope."
"""Microsoft.Authorization/locks/write"",","Add management locks","Microsoft Authorization","Management lock","Add locks at the specified scope."
"""Microsoft.Authorization/locks/delete"",","Delete management locks","Microsoft Authorization","Management lock","Delete locks at the specified scope."
"""Microsoft.Authorization/permissions/read"",","List permissions","Microsoft Authorization","Permission","Lists all the permissions the caller has at a given scope."
"""Microsoft.Authorization/roleDefinitions/read"",","Get role definition","Microsoft Authorization","Role definition","Get information about a role definition."
"""Microsoft.Authorization/roleDefinitions/write"",","Create or update custom role definition","Microsoft Authorization","Role definition","Create or update a custom role definition with specified permissions and assignable scopes."
"""Microsoft.Authorization/roleDefinitions/delete"",","Delete custom role definition","Microsoft Authorization","Role definition","Delete the specified custom role definition."
"""Microsoft.Authorization/providerOperations/read"",","Get operations for resource providers","Microsoft Authorization","Provider operations","Get operations for all resource providers which can be used in role definitions."
"""Microsoft.Authorization/roleAssignments/read"",","Get role assignment","Microsoft Authorization","Role assignment","Get information about a role assignment."
"""Microsoft.Authorization/roleAssignments/write"",","Create role assignment","Microsoft Authorization","Role assignment","Create a role assignment at the specified scope."
"""Microsoft.Authorization/roleAssignments/delete"",","Delete role assignment","Microsoft Authorization","Role assignment","Delete a role assignment at the specified scope."
"""Microsoft.DataFactory/datafactories/read"",","Read Data Factory","Microsoft Data Factory","Data Factory","Reads Data Factory."
"""Microsoft.DataFactory/datafactories/write"",","Create or Update any Data Factory.","Microsoft Data Factory","Data Factory","Create or Update Data Factory"
"""Microsoft.DataFactory/datafactories/delete"",","Delete Data Factory","Microsoft Data Factory","Data Factory","Deletes Data Factory."
"""Microsoft.DataFactory/datafactories/datapipelines/read"",","Read Pipeline","Microsoft Data Factory","Pipeline","Reads Pipeline."
"""Microsoft.DataFactory/datafactories/datapipelines/delete"",","Delete Pipeline","Microsoft Data Factory","Pipeline","Deletes Pipeline."
"""Microsoft.DataFactory/datafactories/datapipelines/pause/action"",","Pause Pipeline","Microsoft Data Factory","Pipeline","Pauses Pipeline."
"""Microsoft.DataFactory/datafactories/datapipelines/resume/action"",","Resume Pipeline","Microsoft Data Factory","Pipeline","Resumes Pipeline."
"""Microsoft.DataFactory/datafactories/datapipelines/update/action"",","Update Pipeline","Microsoft Data Factory","Pipeline","Updates Pipeline."
"""Microsoft.DataFactory/datafactories/datapipelines/write"",","Create or Update any Pipeline.","Microsoft Data Factory","Pipeline","Create or Update Pipeline"
"""Microsoft.DataFactory/datafactories/linkedServices/read"",","Read Linked service","Microsoft Data Factory","Linked service","Reads Linked service."
"""Microsoft.DataFactory/datafactories/linkedServices/delete"",","Delete Linked service","Microsoft Data Factory","Linked service","Deletes Linked service."
"""Microsoft.DataFactory/datafactories/linkedServices/write"",","Create or Update any Linked service.","Microsoft Data Factory","Linked service","Create or Update Linked service"
"""Microsoft.DataFactory/datafactories/{resourceTypeName:regex(^(tables|datasets)$)}/read"",","Read Table","Microsoft Data Factory","Table","Reads Table."
"""Microsoft.DataFactory/datafactories/{resourceTypeName:regex(^(tables|datasets)$)}/delete"",","Delete Table","Microsoft Data Factory","Table","Deletes Table."
"""Microsoft.DataFactory/datafactories/{resourceTypeName:regex(^(tables|datasets)$)}/write"",","Create or Update any Table.","Microsoft Data Factory","Table","Create or Update Table"
"""Microsoft.Insights/AlertRules/Write"",","Alert Rule write","Microsoft Monitoring Insights","Alert Rules","Writing to an alert rule configuration"
"""Microsoft.Insights/AlertRules/Delete"",","Alert Rule delete","Microsoft Monitoring Insights","Alert Rules","Deleting an alert rule configuration"
"""Microsoft.Insights/AlertRules/Read"",","Alert Rule read","Microsoft Monitoring Insights","Alert Rules","Reading an alert rule configuration"
"""Microsoft.Insights/AlertRules/Activated/Action"",","Alert Rule activated","Microsoft Monitoring Insights","Alert Rules","Alert Rule activated"
"""Microsoft.Insights/AlertRules/Resolved/Action"",","Alert Rule resolved","Microsoft Monitoring Insights","Alert Rules","Alert Rule resolved"
"""Microsoft.Insights/AlertRules/Throttled/Action"",","Alert Rule throttled","Microsoft Monitoring Insights","Alert Rules","Alert rule is throttled"
"""Microsoft.Insights/AlertRules/Incidents/Read"",","Alert Rule Incidents read","Microsoft Monitoring Insights","Alert Rule Incident resource","Reading an alert rule incident configuration"
