"Operation","OperationName","ProviderNamespace","ResourceName","Description"
"""Microsoft.Authorization/classicAdministrators/read"",","Get administrator","Microsoft Authorization","Classic subscription administrator","Reads the administrators for the subscription."
"""Microsoft.Authorization/classicAdministrators/write"",","Set administrator","Microsoft Authorization","Classic subscription administrator","Add or modify administrator to a subscription."
"""Microsoft.Authorization/classicAdministrators/delete"",","Delete administrator","Microsoft Authorization","Classic subscription administrator","Removes the administrator from the subscription."
"""Microsoft.Authorization/locks/read"",","Get management locks","Microsoft Authorization","Management lock","Gets locks at the specified scope."
"""Microsoft.Authorization/locks/write"",","Add management locks","Microsoft Authorization","Management lock","Add locks at the specified scope."
"""Microsoft.Authorization/locks/delete"",","Delete management locks","Microsoft Authorization","Management lock","Delete locks at the specified scope."
"""Microsoft.Authorization/permissions/read"",","List permissions","Microsoft Authorization","Permission","Lists all the permissions the caller has at a given scope."
"""Microsoft.Authorization/roleDefinitions/read"",","Get role definition","Microsoft Authorization","Role definition","Get information about a role definition."
"""Microsoft.Authorization/roleDefinitions/write"",","Create or update custom role definition","Microsoft Authorization","Role definition","Create or update a custom role definition with specified permissions and assignable scopes."
"""Microsoft.Authorization/roleDefinitions/delete"",","Delete custom role definition","Microsoft Authorization","Role definition","Delete the specified custom role definition."
"""Microsoft.Authorization/providerOperations/read"",","Get operations for resource providers","Microsoft Authorization","Provider operations","Get operations for all resource providers which can be used in role definitions."
"""Microsoft.Authorization/roleAssignments/read"",","Get role assignment","Microsoft Authorization","Role assignment","Get information about a role assignment."
"""Microsoft.Authorization/roleAssignments/write"",","Create role assignment","Microsoft Authorization","Role assignment","Create a role assignment at the specified scope."
"""Microsoft.Authorization/roleAssignments/delete"",","Delete role assignment","Microsoft Authorization","Role assignment","Delete a role assignment at the specified scope."
"Microsoft.Compute/availabilitySets/read","Get Availablity Set","Microsoft Compute","Availability Sets","Get the properties of an availability set"
"""Microsoft.Compute/virtualMachines/read"",","Get Virtual Machine","Microsoft Compute","Virtual Machines","Get the properties of a virtual machine"
"""Microsoft.Compute/virtualMachines/write"",","Create or Update Virtual Machine","Microsoft Compute","Virtual Machines","Creates a new virtual machine or updates an existing virtual machine"
"""Microsoft.Compute/virtualMachines/delete"",","Delete Virtual Machine","Microsoft Compute","Virtual Machines","Deletes the virtual machine"
"""Microsoft.Compute/virtualMachines/start/action"",","Start Virtual Machine","Microsoft Compute","Virtual Machines","Starts the virtual machine"
"""Microsoft.Compute/virtualMachines/powerOff/action"",","Power Off Virtual Machine","Microsoft Compute","Virtual Machines","Powers off the virtual machine. Note that the virtual machine will continue to be billed."
"""Microsoft.Compute/virtualMachines/redeploy/action"",","Redeploy Virtual Machine","Microsoft Compute","Virtual Machines","Redeploys virtual machine"
"""Microsoft.Compute/virtualMachines/restart/action"",","Restart Virtual Machine","Microsoft Compute","Virtual Machines","Restarts the virtual machine"
"""Microsoft.Compute/virtualMachines/deallocate/action"",","Deallocate Virtual Machine","Microsoft Compute","Virtual Machines","Powers off the virtual machine and releases the compute resources"
"""Microsoft.Compute/virtualMachines/generalize/action"",","Generalize Virtual Machine","Microsoft Compute","Virtual Machines","Sets the virtual machine state to Generalized and prepares the virtual machine for capture"
"""Microsoft.Compute/virtualMachines/capture/action"",","Capture Virtual Machine","Microsoft Compute","Virtual Machines","Captures the virtual machine by copying virtual hard disks and generates a template that can be used to create similar virtual machines"
"""Microsoft.Compute/virtualMachines/vmSizes/read"",","Lists Available Virtual Machine Sizes","Microsoft Compute","Virtual Machine Size","Lists available sizes the virtual machine can be updated to"
"""Microsoft.Compute/virtualMachines/instanceView/read"",","Get Virtual Machine Instance View","Microsoft Compute","Virtual Machine Instance View","Gets the detailed runtime status of the virtual machine and its resources"
"""Microsoft.Compute/virtualMachines/extensions/read"",","Get Virtual Machine Extension","Microsoft Compute","Virtual Machine Extensions","Get the properties of a virtual machine extension"
"""Microsoft.Compute/virtualMachines/extensions/write"",","Create or Update Virtual Machine Extension","Microsoft Compute","Virtual Machine Extensions","Creates a new virtual machine extension or updates an existing one"
"""Microsoft.Compute/virtualMachines/extensions/delete"",","Delete Virtual Machine Extension","Microsoft Compute","Virtual Machine Extensions","Deletes the virtual machine extension"
"Microsoft.Compute/virtualMachines/deallocate/action","Deallocate Virtual Machine","Microsoft Compute","Virtual Machines","Powers off the virtual machine and releases the compute resources"
"Microsoft.Compute/virtualMachines/read","Get Virtual Machine","Microsoft Compute","Virtual Machines","Get the properties of a virtual machine"
"Microsoft.Compute/virtualMachines/restart/action","Restart Virtual Machine","Microsoft Compute","Virtual Machines","Restarts the virtual machine"
"Microsoft.Compute/virtualMachines/start/action","Start Virtual Machine","Microsoft Compute","Virtual Machines","Starts the virtual machine"
"""Microsoft.DevTestLab/Subscription/register/action"",","Register Subscription","Microsoft DevTest Labs","register","Registers the subscription"
"""Microsoft.DevTestLab/labs/delete"",","Delete labs.","Microsoft DevTest Labs","Labs","Delete labs."
"""Microsoft.DevTestLab/labs/read"",","Read labs.","Microsoft DevTest Labs","Labs","Read labs."
"""Microsoft.DevTestLab/labs/write"",","Add or modify labs.","Microsoft DevTest Labs","Labs","Add or modify labs."
"""Microsoft.DevTestLab/labs/ListVhds/action"",","List VHDs","Microsoft DevTest Labs","Labs","List disk images available for custom image creation."
"""Microsoft.DevTestLab/labs/GenerateUploadUri/action"",","Generate image upload URI","Microsoft DevTest Labs","Labs","Generate a URI for uploading custom disk images to a Lab."
"""Microsoft.DevTestLab/labs/CreateEnvironment/action"",","Create a virtual machine","Microsoft DevTest Labs","Labs","Create virtual machines in a lab."
"""Microsoft.DevTestLab/labs/customImages/delete"",","Delete custom images.","Microsoft DevTest Labs","custom images","Delete custom images."
"""Microsoft.DevTestLab/labs/customImages/read"",","Read custom images.","Microsoft DevTest Labs","custom images","Read custom images."
"""Microsoft.DevTestLab/labs/customImages/write"",","Add or modify custom images.","Microsoft DevTest Labs","custom images","Add or modify custom images."
"""Microsoft.DevTestLab/labs/artifactSources/delete"",","Delete artifact sources.","Microsoft DevTest Labs","Artifact sources","Delete artifact sources."
"""Microsoft.DevTestLab/labs/artifactSources/read"",","Read artifact sources.","Microsoft DevTest Labs","Artifact sources","Read artifact sources."
"""Microsoft.DevTestLab/labs/artifactSources/write"",","Add or modify artifact sources.","Microsoft DevTest Labs","Artifact sources","Add or modify artifact sources."
"""Microsoft.DevTestLab/labs/artifactSources/artifacts/read"",","Read artifacts.","Microsoft DevTest Labs","Artifacts","Read artifacts."
"""Microsoft.DevTestLab/labs/artifactSources/artifacts/GenerateArmTemplate/action"",","Generates an ARM template for the given artifact","Microsoft DevTest Labs","Artifacts","Generates an ARM template for the given artifact, uploads the required files to a storage account, and validates the generated artifact."
"""Microsoft.DevTestLab/labs/costs/read"",","Read costs.","Microsoft DevTest Labs","costs","Read costs."
"""Microsoft.DevTestLab/labs/virtualNetworks/delete"",","Delete virtual networks.","Microsoft DevTest Labs","virtual networks","Delete virtual networks."
"""Microsoft.DevTestLab/labs/virtualNetworks/read"",","Read virtual networks.","Microsoft DevTest Labs","virtual networks","Read virtual networks."
"""Microsoft.DevTestLab/labs/virtualNetworks/write"",","Add or modify virtual networks.","Microsoft DevTest Labs","virtual networks","Add or modify virtual networks."
"""Microsoft.DevTestLab/labs/formulas/delete"",","Delete formulas.","Microsoft DevTest Labs","Formulas","Delete formulas."
"""Microsoft.DevTestLab/labs/formulas/read"",","Read formulas.","Microsoft DevTest Labs","Formulas","Read formulas."
"""Microsoft.DevTestLab/labs/formulas/write"",","Add or modify formulas.","Microsoft DevTest Labs","Formulas","Add or modify formulas."
"""Microsoft.DevTestLab/labs/schedules/delete"",","Delete schedules.","Microsoft DevTest Labs","schedules","Delete schedules."
"""Microsoft.DevTestLab/labs/schedules/read"",","Read schedules.","Microsoft DevTest Labs","schedules","Read schedules."
"""Microsoft.DevTestLab/labs/schedules/write"",","Add or modify schedules.","Microsoft DevTest Labs","schedules","Add or modify schedules."
"""Microsoft.DevTestLab/labs/schedules/Execute/action"",","Execute schedule","Microsoft DevTest Labs","schedules","Execute a schedule."
"""Microsoft.DevTestLab/labs/galleryImages/read"",","Read gallery images.","Microsoft DevTest Labs","gallery images","Read gallery images."
"""Microsoft.DevTestLab/labs/policySets/EvaluatePolicies/action"",","Evaluate policy","Microsoft DevTest Labs","policy sets","Evaluates lab policy."
"""Microsoft.DevTestLab/labs/policySets/policies/delete"",","Delete policies.","Microsoft DevTest Labs","policies","Delete policies."
"""Microsoft.DevTestLab/labs/policySets/policies/read"",","Read policies.","Microsoft DevTest Labs","policies","Read policies."
"""Microsoft.DevTestLab/labs/policySets/policies/write"",","Add or modify policies.","Microsoft DevTest Labs","policies","Add or modify policies."
"""Microsoft.DevTestLab/labs/virtualMachines/delete"",","Delete virtual machines.","Microsoft DevTest Labs","Virtual machines","Delete virtual machines."
"""Microsoft.DevTestLab/labs/virtualMachines/read"",","Read virtual machines.","Microsoft DevTest Labs","Virtual machines","Read virtual machines."
"""Microsoft.DevTestLab/labs/virtualMachines/write"",","Add or modify virtual machines.","Microsoft DevTest Labs","Virtual machines","Add or modify virtual machines."
"""Microsoft.DevTestLab/labs/virtualMachines/Start/action"",","Start virtual machine","Microsoft DevTest Labs","Virtual machines","Start a virtual machine."
"""Microsoft.DevTestLab/labs/virtualMachines/Stop/action"",","Stop virtual machine","Microsoft DevTest Labs","Virtual machines","Stop a virtual machine"
"""Microsoft.DevTestLab/labs/virtualMachines/ApplyArtifacts/action"",","Apply artifacts to virtual machine","Microsoft DevTest Labs","Virtual machines","Apply artifacts to virtual machine."
