"Operation","OperationName","ProviderNamespace","ResourceName","Description"
"""Microsoft.Authorization/classicAdministrators/read"",","Get administrator","Microsoft Authorization","Classic subscription administrator","Reads the administrators for the subscription."
"""Microsoft.Authorization/classicAdministrators/write"",","Set administrator","Microsoft Authorization","Classic subscription administrator","Add or modify administrator to a subscription."
"""Microsoft.Authorization/classicAdministrators/delete"",","Delete administrator","Microsoft Authorization","Classic subscription administrator","Removes the administrator from the subscription."
"""Microsoft.Authorization/locks/read"",","Get management locks","Microsoft Authorization","Management lock","Gets locks at the specified scope."
"""Microsoft.Authorization/locks/write"",","Add management locks","Microsoft Authorization","Management lock","Add locks at the specified scope."
"""Microsoft.Authorization/locks/delete"",","Delete management locks","Microsoft Authorization","Management lock","Delete locks at the specified scope."
"""Microsoft.Authorization/permissions/read"",","List permissions","Microsoft Authorization","Permission","Lists all the permissions the caller has at a given scope."
"""Microsoft.Authorization/roleDefinitions/read"",","Get role definition","Microsoft Authorization","Role definition","Get information about a role definition."
"""Microsoft.Authorization/roleDefinitions/write"",","Create or update custom role definition","Microsoft Authorization","Role definition","Create or update a custom role definition with specified permissions and assignable scopes."
"""Microsoft.Authorization/roleDefinitions/delete"",","Delete custom role definition","Microsoft Authorization","Role definition","Delete the specified custom role definition."
"""Microsoft.Authorization/providerOperations/read"",","Get operations for resource providers","Microsoft Authorization","Provider operations","Get operations for all resource providers which can be used in role definitions."
"""Microsoft.Authorization/roleAssignments/read"",","Get role assignment","Microsoft Authorization","Role assignment","Get information about a role assignment."
"""Microsoft.Authorization/roleAssignments/write"",","Create role assignment","Microsoft Authorization","Role assignment","Create a role assignment at the specified scope."
"""Microsoft.Authorization/roleAssignments/delete"",","Delete role assignment","Microsoft Authorization","Role assignment","Delete a role assignment at the specified scope."
"""Microsoft.Insights/AlertRules/Write"",","Alert Rule write","Microsoft Monitoring Insights","Alert Rules","Writing to an alert rule configuration"
"""Microsoft.Insights/AlertRules/Delete"",","Alert Rule delete","Microsoft Monitoring Insights","Alert Rules","Deleting an alert rule configuration"
"""Microsoft.Insights/AlertRules/Read"",","Alert Rule read","Microsoft Monitoring Insights","Alert Rules","Reading an alert rule configuration"
"""Microsoft.Insights/AlertRules/Activated/Action"",","Alert Rule activated","Microsoft Monitoring Insights","Alert Rules","Alert Rule activated"
"""Microsoft.Insights/AlertRules/Resolved/Action"",","Alert Rule resolved","Microsoft Monitoring Insights","Alert Rules","Alert Rule resolved"
"""Microsoft.Insights/AlertRules/Throttled/Action"",","Alert Rule throttled","Microsoft Monitoring Insights","Alert Rules","Alert rule is throttled"
"""Microsoft.Insights/AlertRules/Incidents/Read"",","Alert Rule Incidents read","Microsoft Monitoring Insights","Alert Rule Incident resource","Reading an alert rule incident configuration"
"""Microsoft.Network/dnszones/read"",","Get DNS Zone","Microsoft Network","DNS Zone","Get the DNS zone, in JSON format. The zone properties include tags, etag, numberOfRecordSets, and maxNumberOfRecordSets. Note that this command does not retrieve the record sets contained within the zone."
"""Microsoft.Network/dnszones/write"",","Create or Update DNS Zone","Microsoft Network","DNS Zone","Create or update a DNS zone within a resource group.  Used to update the tags on a DNS zone resource. Note that this command can not be used to create or update record sets within the zone."
"""Microsoft.Network/dnszones/delete"",","Delete DNS Zone","Microsoft Network","DNS Zone","Delete the DNS zone, in JSON format. The zone properties include tags, etag, numberOfRecordSets, and maxNumberOfRecordSets."
"""Microsoft.Network/dnszones/MX/read"",","Get record set of type MX","Microsoft Network","DNS MX record set","Get the record set of type ‘MX’, in JSON format. The record set contains a list of records as well as the TTL, tags, and etag."
"""Microsoft.Network/dnszones/MX/write"",","Create or update record set of type MX","Microsoft Network","DNS MX record set","Create or update a record set of type ‘MX’ within a DNS zone. The records specified will replace the current records in the record set."
"""Microsoft.Network/dnszones/MX/delete"",","Delete record set of type MX","Microsoft Network","DNS MX record set","Remove the record set of a given name and type ‘MX’ from a DNS zone."
"""Microsoft.Network/dnszones/AAAA/read"",","Get record set of type AAAA","Microsoft Network","DNS AAAA record set","Get the record set of type ‘AAAA’, in JSON format. The record set contains a list of records as well as the TTL, tags, and etag."
"""Microsoft.Network/dnszones/AAAA/write"",","Create or update record set of type AAAA","Microsoft Network","DNS AAAA record set","Create or update a record set of type ‘AAAA’ within a DNS zone. The records specified will replace the current records in the record set."
"""Microsoft.Network/dnszones/AAAA/delete"",","Delete record set of type AAAA","Microsoft Network","DNS AAAA record set","Remove the record set of a given name and type ‘AAAA’ from a DNS zone."
"""Microsoft.Network/dnszones/CNAME/read"",","Get record set of type CNAME","Microsoft Network","DNS CNAME record set","Get the record set of type ‘CNAME’, in JSON format. The record set contains the TTL, tags, and etag."
"""Microsoft.Network/dnszones/CNAME/write"",","Create or update record set of type CNAME","Microsoft Network","DNS CNAME record set","Create or update a record set of type ‘CNAME’ within a DNS zone. The records specified will replace the current records in the record set."
"""Microsoft.Network/dnszones/CNAME/delete"",","Delete record set of type CNAME","Microsoft Network","DNS CNAME record set","Remove the record set of a given name and type ‘CNAME’ from a DNS zone."
"""Microsoft.Network/dnszones/SRV/read"",","Get record set of type SRV","Microsoft Network","DNS SRV record set","Get the record set of type ‘SRV’, in JSON format. The record set contains a list of records as well as the TTL, tags, and etag."
"""Microsoft.Network/dnszones/SRV/write"",","Create or update a record set of type ‘SRV’ within a DNS zone. The records specified will replace the current records in the record set.","Microsoft Network","DNS SRV record set","Create or update record set of type SRV"
"""Microsoft.Network/dnszones/SRV/delete"",","Delete record set of type SRV","Microsoft Network","DNS SRV record set","Remove the record set of a given name and type ‘SRV’ from a DNS zone."
"""Microsoft.Network/dnszones/PTR/read"",","Get record set of type PTR","Microsoft Network","DNS PTR record set","Get the record set of type ‘PTR’, in JSON format. The record set contains a list of records as well as the TTL, tags, and etag."
"""Microsoft.Network/dnszones/PTR/write"",","Create or update record set of type PTR","Microsoft Network","DNS PTR record set","Create or update a record set of type ‘PTR’ within a DNS zone. The records specified will replace the current records in the record set."
"""Microsoft.Network/dnszones/PTR/delete"",","Delete record set of type PTR","Microsoft Network","DNS PTR record set","Remove the record set of a given name and type ‘PTR’ from a DNS zone."
"""Microsoft.Network/dnszones/A/read"",","Get record set of type A","Microsoft Network","DNS A record set","Get the record set of type ‘A’, in JSON format. The record set contains a list of records as well as the TTL, tags, and etag."
"""Microsoft.Network/dnszones/A/write"",","Create or update record set of type A","Microsoft Network","DNS A record set","Create or update a record set of type ‘A’ within a DNS zone. The records specified will replace the current records in the record set."
"""Microsoft.Network/dnszones/A/delete"",","Delete record set of type A","Microsoft Network","DNS A record set","Remove the record set of a given name and type ‘A’ from a DNS zone."
"""Microsoft.Network/dnszones/TXT/read"",","Get record set of type TXT","Microsoft Network","DNS TXT record set","Get the record set of type ‘TXT’, in JSON format. The record set contains a list of records as well as the TTL, tags, and etag."
"""Microsoft.Network/dnszones/TXT/write"",","Create or update record set of type TXT","Microsoft Network","DNS TXT record set","Create or update a record set of type ‘TXT’ within a DNS zone. The records specified will replace the current records in the record set."
"""Microsoft.Network/dnszones/TXT/delete"",","Delete record set of type TXT","Microsoft Network","DNS TXT record set","Remove the record set of a given name and type ‘TXT’ from a DNS zone."
