"Operation","OperationName","ProviderNamespace","ResourceName","Description"
"""Microsoft.Authorization/classicAdministrators/read"",","Get administrator","Microsoft Authorization","Classic subscription administrator","Reads the administrators for the subscription."
"""Microsoft.Authorization/classicAdministrators/write"",","Set administrator","Microsoft Authorization","Classic subscription administrator","Add or modify administrator to a subscription."
"""Microsoft.Authorization/classicAdministrators/delete"",","Delete administrator","Microsoft Authorization","Classic subscription administrator","Removes the administrator from the subscription."
"""Microsoft.Authorization/locks/read"",","Get management locks","Microsoft Authorization","Management lock","Gets locks at the specified scope."
"""Microsoft.Authorization/locks/write"",","Add management locks","Microsoft Authorization","Management lock","Add locks at the specified scope."
"""Microsoft.Authorization/locks/delete"",","Delete management locks","Microsoft Authorization","Management lock","Delete locks at the specified scope."
"""Microsoft.Authorization/permissions/read"",","List permissions","Microsoft Authorization","Permission","Lists all the permissions the caller has at a given scope."
"""Microsoft.Authorization/roleDefinitions/read"",","Get role definition","Microsoft Authorization","Role definition","Get information about a role definition."
"""Microsoft.Authorization/roleDefinitions/write"",","Create or update custom role definition","Microsoft Authorization","Role definition","Create or update a custom role definition with specified permissions and assignable scopes."
"""Microsoft.Authorization/roleDefinitions/delete"",","Delete custom role definition","Microsoft Authorization","Role definition","Delete the specified custom role definition."
"""Microsoft.Authorization/providerOperations/read"",","Get operations for resource providers","Microsoft Authorization","Provider operations","Get operations for all resource providers which can be used in role definitions."
"""Microsoft.Authorization/roleAssignments/read"",","Get role assignment","Microsoft Authorization","Role assignment","Get information about a role assignment."
"""Microsoft.Authorization/roleAssignments/write"",","Create role assignment","Microsoft Authorization","Role assignment","Create a role assignment at the specified scope."
"""Microsoft.Authorization/roleAssignments/delete"",","Delete role assignment","Microsoft Authorization","Role assignment","Delete a role assignment at the specified scope."
"""Microsoft.DocumentDB/databaseAccounts/action"",","Create database account","Microsoft DocumentDb","","Create a database account."
"""Microsoft.DocumentDB/databaseAccounts/read"",","Read database account","Microsoft DocumentDb","Database Account","Reads a database account."
"""Microsoft.DocumentDB/databaseAccounts/write"",","Update database account","Microsoft DocumentDb","Database Account","Update a database accounts."
"""Microsoft.DocumentDB/databaseAccounts/delete"",","Delete database accounts","Microsoft DocumentDb","Database Account","Deletes the database accounts."
"""Microsoft.DocumentDB/databaseAccounts/metricDefinitions/read"",","Read database account metrics definitions","Microsoft DocumentDb","Database Accoun metric definitions","Reads the database account metrics definitions."
"""Microsoft.DocumentDB/databaseAccounts/metrics/read"",","Read database account metrics","Microsoft DocumentDb","Database Account metrics","Reads the database account metrics."
"""Microsoft.DocumentDB/databaseAccounts/usages/read"",","Read database account usages","Microsoft DocumentDb","Database Account usages","Reads the database account usages."
"""Microsoft.DocumentDB/databaseAccounts/databases/collections/metricDefinitions/read"",","Read collection metric definitions","Microsoft DocumentDb","Collection metric definitions","Reads the collection metric definitions."
"""Microsoft.DocumentDB/databaseAccounts/databases/collections/metrics/read"",","Read collection metrics","Microsoft DocumentDb","Collection metrics","Reads the collection metrics."
"""Microsoft.DocumentDB/databaseAccounts/databases/collections/usages/read"",","Read collection usages","Microsoft DocumentDb","Collection usages","Reads the collection usages."
"""Microsoft.DocumentDB/databaseAccounts/databases/metricDefinitions/read"",","Read database metric definitions","Microsoft DocumentDb","Database metric definitions","Reads the database metric definitions"
"""Microsoft.DocumentDB/databaseAccounts/databases/metrics/read"",","Read database metrics","Microsoft DocumentDb","Database metrics","Reads the database metrics."
"""Microsoft.DocumentDB/databaseAccounts/databases/usages/read"",","Read database usages","Microsoft DocumentDb","Database usages","Reads the database usages."
"""Microsoft.DocumentDB/databaseAccounts/readonlykeys/read"",","Read database account readonly keys","Microsoft DocumentDb","Database Account readonly keys","Reads the database account readonly keys."
"""Microsoft.Insights/AlertRules/Write"",","Alert Rule write","Microsoft Monitoring Insights","Alert Rules","Writing to an alert rule configuration"
"""Microsoft.Insights/AlertRules/Delete"",","Alert Rule delete","Microsoft Monitoring Insights","Alert Rules","Deleting an alert rule configuration"
"""Microsoft.Insights/AlertRules/Read"",","Alert Rule read","Microsoft Monitoring Insights","Alert Rules","Reading an alert rule configuration"
"""Microsoft.Insights/AlertRules/Activated/Action"",","Alert Rule activated","Microsoft Monitoring Insights","Alert Rules","Alert Rule activated"
"""Microsoft.Insights/AlertRules/Resolved/Action"",","Alert Rule resolved","Microsoft Monitoring Insights","Alert Rules","Alert Rule resolved"
"""Microsoft.Insights/AlertRules/Throttled/Action"",","Alert Rule throttled","Microsoft Monitoring Insights","Alert Rules","Alert rule is throttled"
"""Microsoft.Insights/AlertRules/Incidents/Read"",","Alert Rule Incidents read","Microsoft Monitoring Insights","Alert Rule Incident resource","Reading an alert rule incident configuration"
