"Operation","OperationName","ProviderNamespace","ResourceName","Description"
"""Microsoft.Authorization/classicAdministrators/read"",","Get administrator","Microsoft Authorization","Classic subscription administrator","Reads the administrators for the subscription."
"""Microsoft.Authorization/classicAdministrators/write"",","Set administrator","Microsoft Authorization","Classic subscription administrator","Add or modify administrator to a subscription."
"""Microsoft.Authorization/classicAdministrators/delete"",","Delete administrator","Microsoft Authorization","Classic subscription administrator","Removes the administrator from the subscription."
"""Microsoft.Authorization/locks/read"",","Get management locks","Microsoft Authorization","Management lock","Gets locks at the specified scope."
"""Microsoft.Authorization/locks/write"",","Add management locks","Microsoft Authorization","Management lock","Add locks at the specified scope."
"""Microsoft.Authorization/locks/delete"",","Delete management locks","Microsoft Authorization","Management lock","Delete locks at the specified scope."
"""Microsoft.Authorization/permissions/read"",","List permissions","Microsoft Authorization","Permission","Lists all the permissions the caller has at a given scope."
"""Microsoft.Authorization/roleDefinitions/read"",","Get role definition","Microsoft Authorization","Role definition","Get information about a role definition."
"""Microsoft.Authorization/roleDefinitions/write"",","Create or update custom role definition","Microsoft Authorization","Role definition","Create or update a custom role definition with specified permissions and assignable scopes."
"""Microsoft.Authorization/roleDefinitions/delete"",","Delete custom role definition","Microsoft Authorization","Role definition","Delete the specified custom role definition."
"""Microsoft.Authorization/providerOperations/read"",","Get operations for resource providers","Microsoft Authorization","Provider operations","Get operations for all resource providers which can be used in role definitions."
"""Microsoft.Authorization/roleAssignments/read"",","Get role assignment","Microsoft Authorization","Role assignment","Get information about a role assignment."
"""Microsoft.Authorization/roleAssignments/write"",","Create role assignment","Microsoft Authorization","Role assignment","Create a role assignment at the specified scope."
"""Microsoft.Authorization/roleAssignments/delete"",","Delete role assignment","Microsoft Authorization","Role assignment","Delete a role assignment at the specified scope."
"""Microsoft.Insights/AlertRules/Write"",","Alert Rule write","Microsoft Monitoring Insights","Alert Rules","Writing to an alert rule configuration"
"""Microsoft.Insights/AlertRules/Delete"",","Alert Rule delete","Microsoft Monitoring Insights","Alert Rules","Deleting an alert rule configuration"
"""Microsoft.Insights/AlertRules/Read"",","Alert Rule read","Microsoft Monitoring Insights","Alert Rules","Reading an alert rule configuration"
"""Microsoft.Insights/AlertRules/Activated/Action"",","Alert Rule activated","Microsoft Monitoring Insights","Alert Rules","Alert Rule activated"
"""Microsoft.Insights/AlertRules/Resolved/Action"",","Alert Rule resolved","Microsoft Monitoring Insights","Alert Rules","Alert Rule resolved"
"""Microsoft.Insights/AlertRules/Throttled/Action"",","Alert Rule throttled","Microsoft Monitoring Insights","Alert Rules","Alert rule is throttled"
"""Microsoft.Insights/AlertRules/Incidents/Read"",","Alert Rule Incidents read","Microsoft Monitoring Insights","Alert Rule Incident resource","Reading an alert rule incident configuration"
"""Microsoft.KeyVault/vaults/read"",","View Key Vault","Microsoft Key Vault","Key Vault","View the properties of a key vault"
"""Microsoft.KeyVault/vaults/write"",","Update Key Vault","Microsoft Key Vault","Key Vault","Create a new key vault or update the properties of an existing key vault"
"""Microsoft.KeyVault/vaults/delete"",","Delete Key Vault","Microsoft Key Vault","Key Vault","Delete a key vault"
"""Microsoft.KeyVault/vaults/deploy/action"",","Use Vault for Virtual Machines","Microsoft Key Vault","Key Vault","Enables access to secrets in a key vault when deploying a virtual machine"
"""Microsoft.KeyVault/vaults/secrets/read"",","View Secret Properties","Microsoft Key Vault","Secret","View the properties of a secret, but not its value"
"""Microsoft.KeyVault/vaults/secrets/write"",","Update Secret","Microsoft Key Vault","Secret","Create a new secret or update the value of an existing secret"
"""Microsoft.KeyVault/vaults/secrets/delete"",","Delete Secret","Microsoft Key Vault","Secret","Delete a secret"
"""Microsoft.Resources/deployments/read"",","Get Deployment","Microsoft Resources","Deployment","Gets or lists deployments."
"""Microsoft.Resources/deployments/write"",","Create Deployment","Microsoft Resources","Deployment","Creates or updates an deployment."
"""Microsoft.Resources/deployments/delete"",","Delete Deployment","Microsoft Resources","Deployment","Deletes a deployment."
"""Microsoft.Resources/deployments/cancel/action"",","Cancel Deployment","Microsoft Resources","Deployment","Cancels a deployment."
"""Microsoft.Resources/deployments/validate/action"",","Validate Deployment","Microsoft Resources","Deployment","Validates an deployment."
"""Microsoft.Resources/deployments/operations/read"",","Get Deployment Operation","Microsoft Resources","Deployment Operation","Gets or lists deployment operations."
"Microsoft.Resources/subscriptions/resourceGroups/read","Get Resource Group","Microsoft Resources","Resource Group","Gets or lists resource groups."
"""Microsoft.Support/register/action"",","Registers Support Resource Provider","Microsoft Support","","Registers to Support Resource Provider"
"""Microsoft.Support/supportTickets/read"",","Reads Support Ticket","Microsoft Support","Support Ticket","Gets Support Ticket details (including status, severity, contact details and communications) or gets the list of Support Tickets across subscriptions."
"""Microsoft.Support/supportTickets/write"",","Writes Support Ticket","Microsoft Support","Support Ticket","Creates or Updates a Support Ticket. You can create a Support Ticket for Technical, Billing, Quotas or Subscription Management related issues. You can update severity, contact details and communications for existing support tickets."
