"Operation","OperationName","ProviderNamespace","ResourceName","Description"
"""Microsoft.Authorization/classicAdministrators/read"",","Get administrator","Microsoft Authorization","Classic subscription administrator","Reads the administrators for the subscription."
"""Microsoft.Authorization/classicAdministrators/write"",","Set administrator","Microsoft Authorization","Classic subscription administrator","Add or modify administrator to a subscription."
"""Microsoft.Authorization/classicAdministrators/delete"",","Delete administrator","Microsoft Authorization","Classic subscription administrator","Removes the administrator from the subscription."
"""Microsoft.Authorization/locks/read"",","Get management locks","Microsoft Authorization","Management lock","Gets locks at the specified scope."
"""Microsoft.Authorization/locks/write"",","Add management locks","Microsoft Authorization","Management lock","Add locks at the specified scope."
"""Microsoft.Authorization/locks/delete"",","Delete management locks","Microsoft Authorization","Management lock","Delete locks at the specified scope."
"""Microsoft.Authorization/permissions/read"",","List permissions","Microsoft Authorization","Permission","Lists all the permissions the caller has at a given scope."
"""Microsoft.Authorization/roleDefinitions/read"",","Get role definition","Microsoft Authorization","Role definition","Get information about a role definition."
"""Microsoft.Authorization/roleDefinitions/write"",","Create or update custom role definition","Microsoft Authorization","Role definition","Create or update a custom role definition with specified permissions and assignable scopes."
"""Microsoft.Authorization/roleDefinitions/delete"",","Delete custom role definition","Microsoft Authorization","Role definition","Delete the specified custom role definition."
"""Microsoft.Authorization/providerOperations/read"",","Get operations for resource providers","Microsoft Authorization","Provider operations","Get operations for all resource providers which can be used in role definitions."
"""Microsoft.Authorization/roleAssignments/read"",","Get role assignment","Microsoft Authorization","Role assignment","Get information about a role assignment."
"""Microsoft.Authorization/roleAssignments/write"",","Create role assignment","Microsoft Authorization","Role assignment","Create a role assignment at the specified scope."
"""Microsoft.Authorization/roleAssignments/delete"",","Delete role assignment","Microsoft Authorization","Role assignment","Delete a role assignment at the specified scope."
"""Microsoft.Insights/AlertRules/Write"",","Alert Rule write","Microsoft Monitoring Insights","Alert Rules","Writing to an alert rule configuration"
"""Microsoft.Insights/AlertRules/Delete"",","Alert Rule delete","Microsoft Monitoring Insights","Alert Rules","Deleting an alert rule configuration"
"""Microsoft.Insights/AlertRules/Read"",","Alert Rule read","Microsoft Monitoring Insights","Alert Rules","Reading an alert rule configuration"
"""Microsoft.Insights/AlertRules/Activated/Action"",","Alert Rule activated","Microsoft Monitoring Insights","Alert Rules","Alert Rule activated"
"""Microsoft.Insights/AlertRules/Resolved/Action"",","Alert Rule resolved","Microsoft Monitoring Insights","Alert Rules","Alert Rule resolved"
"""Microsoft.Insights/AlertRules/Throttled/Action"",","Alert Rule throttled","Microsoft Monitoring Insights","Alert Rules","Alert rule is throttled"
"""Microsoft.Insights/AlertRules/Incidents/Read"",","Alert Rule Incidents read","Microsoft Monitoring Insights","Alert Rule Incident resource","Reading an alert rule incident configuration"
"""Microsoft.Insights/DiagnosticSettings/Write"",","Diagnostic settings write","Microsoft Monitoring Insights","Diagnostic settings","Writing to diagnostic settings configuration"
"""Microsoft.Insights/DiagnosticSettings/Delete"",","Diagnostic settings delete","Microsoft Monitoring Insights","Diagnostic settings","Deleting diagnostic settings configuration"
"""Microsoft.Insights/DiagnosticSettings/Read"",","Diagnostic settings read","Microsoft Monitoring Insights","Diagnostic settings","Reading a diagnostic settings configuration"
"Microsoft.Insights/MetricDefinitions/Read","Metric definitions read","Microsoft Monitoring Insights","Metric Definitions","Read metric definitions"
"""Microsoft.Logic/workflows/read"",","Get Workflow","Microsoft Logic","Workflow","Reads the workflow."
"""Microsoft.Logic/workflows/write"",","Set Workflow","Microsoft Logic","Workflow","Creates or updates the workflow."
"""Microsoft.Logic/workflows/delete"",","Delete Workflow","Microsoft Logic","Workflow","Deletes the workflow."
"""Microsoft.Logic/workflows/run/action"",","Run Workflow","Microsoft Logic","Workflow","Starts a run of the workflow."
"""Microsoft.Logic/workflows/disable/action"",","Disable Workflow","Microsoft Logic","Workflow","Disables the workflow."
"""Microsoft.Logic/workflows/enable/action"",","Enable Workflow","Microsoft Logic","Workflow","Enables the workflow."
"""Microsoft.Logic/workflows/validate/action"",","Validate Workflow","Microsoft Logic","Workflow","Validates the workflow."
"""Microsoft.Logic/workflows/move/action"",","Move Workflow","Microsoft Logic","Workflow","Moves Workflow from its existing subscription id, resource group, and/or name to a different subscription id, resource group, and/or name."
"""Microsoft.Logic/workflows/versions/read"",","Get Workflow Version","Microsoft Logic","Workflow Version","Reads the workflow version."
"""Microsoft.Logic/workflows/runs/read"",","Get Workflow Run","Microsoft Logic","Workflow Run","Reads the workflow run."
"""Microsoft.Logic/workflows/runs/cancel/action"",","Cancel Workflow Run","Microsoft Logic","Workflow Run","Cancels the run of a workflow."
"""Microsoft.Logic/workflows/runs/actions/read"",","Get Workflow Run Action","Microsoft Logic","Workflow Run Action","Reads the workflow run action."
"""Microsoft.Logic/workflows/runs/operations/read"",","Get Workflow Run Operation Status","Microsoft Logic","Workflow Run Operation","Reads the workflow run operation status."
"""Microsoft.Logic/workflows/triggers/read"",","Get Trigger","Microsoft Logic","Trigger","Reads the trigger."
"""Microsoft.Logic/workflows/triggers/run/action"",","Trigger Run","Microsoft Logic","Trigger","Executes the trigger."
"""Microsoft.Logic/workflows/triggers/histories/read"",","Get Trigger Histories","Microsoft Logic","Trigger Histories","Reads the trigger histories."
"""Microsoft.Logic/workflows/accessKeys/read"",","Get Access Key","Microsoft Logic","Access Key","Reads the access key."
"""Microsoft.Logic/workflows/accessKeys/write"",","Set Access Key","Microsoft Logic","Access Key","Creates or updates the access key."
"""Microsoft.Logic/workflows/accessKeys/delete"",","Delete Access Key","Microsoft Logic","Access Key","Deletes the access key."
"""Microsoft.Logic/workflows/accessKeys/list/action"",","List Access Key","Microsoft Logic","Access Key","Lists the access key secrets."
"""Microsoft.Logic/workflows/accessKeys/regenerate/action"",","Regenerate Access Key","Microsoft Logic","Access Key","Regenerates the access key secrets."
"Microsoft.Logic/workflows/disable/action","Disable Workflow","Microsoft Logic","Workflow","Disables the workflow."
"Microsoft.Logic/workflows/enable/action","Enable Workflow","Microsoft Logic","Workflow","Enables the workflow."
"Microsoft.Logic/workflows/validate/action","Validate Workflow","Microsoft Logic","Workflow","Validates the workflow."
"Microsoft.Resources/deployments/operations/read","Get Deployment Operation","Microsoft Resources","Deployment Operation","Gets or lists deployment operations."
"Microsoft.Resources/subscriptions/operationresults/read","Get Subscription Operation Results","Microsoft Resources","Subscription Operation Results","Get the subscription operation results."
"Microsoft.Resources/subscriptions/resourceGroups/read","Get Resource Group","Microsoft Resources","Resource Group","Gets or lists resource groups."
"""Microsoft.Support/register/action"",","Registers Support Resource Provider","Microsoft Support","","Registers to Support Resource Provider"
"""Microsoft.Support/supportTickets/read"",","Reads Support Ticket","Microsoft Support","Support Ticket","Gets Support Ticket details (including status, severity, contact details and communications) or gets the list of Support Tickets across subscriptions."
"""Microsoft.Support/supportTickets/write"",","Writes Support Ticket","Microsoft Support","Support Ticket","Creates or Updates a Support Ticket. You can create a Support Ticket for Technical, Billing, Quotas or Subscription Management related issues. You can update severity, contact details and communications for existing support tickets."
"""Microsoft.Web/connections/Read"",","Get Connections","Microsoft Web Apps","Connections","Get the list of Connections."
"""Microsoft.Web/connections/Write"",","Add or Update Connection","Microsoft Web Apps","Connections","Creates or updates a Connection."
"""Microsoft.Web/connections/Delete"",","Delete Connection","Microsoft Web Apps","Connections","Deletes a Connection."
"Microsoft.Web/serverfarms/Read","Get App Service Plans","Microsoft Web Apps","App Service Plan","Get the list of App Service Plans."
