"Operation","OperationName","ProviderNamespace","ResourceName","Description"
"""Microsoft.Authorization/classicAdministrators/read"",","Get administrator","Microsoft Authorization","Classic subscription administrator","Reads the administrators for the subscription."
"""Microsoft.Authorization/classicAdministrators/write"",","Set administrator","Microsoft Authorization","Classic subscription administrator","Add or modify administrator to a subscription."
"""Microsoft.Authorization/classicAdministrators/delete"",","Delete administrator","Microsoft Authorization","Classic subscription administrator","Removes the administrator from the subscription."
"""Microsoft.Authorization/locks/read"",","Get management locks","Microsoft Authorization","Management lock","Gets locks at the specified scope."
"""Microsoft.Authorization/locks/write"",","Add management locks","Microsoft Authorization","Management lock","Add locks at the specified scope."
"""Microsoft.Authorization/locks/delete"",","Delete management locks","Microsoft Authorization","Management lock","Delete locks at the specified scope."
"""Microsoft.Authorization/permissions/read"",","List permissions","Microsoft Authorization","Permission","Lists all the permissions the caller has at a given scope."
"""Microsoft.Authorization/roleDefinitions/read"",","Get role definition","Microsoft Authorization","Role definition","Get information about a role definition."
"""Microsoft.Authorization/roleDefinitions/write"",","Create or update custom role definition","Microsoft Authorization","Role definition","Create or update a custom role definition with specified permissions and assignable scopes."
"""Microsoft.Authorization/roleDefinitions/delete"",","Delete custom role definition","Microsoft Authorization","Role definition","Delete the specified custom role definition."
"""Microsoft.Authorization/providerOperations/read"",","Get operations for resource providers","Microsoft Authorization","Provider operations","Get operations for all resource providers which can be used in role definitions."
"""Microsoft.Authorization/roleAssignments/read"",","Get role assignment","Microsoft Authorization","Role assignment","Get information about a role assignment."
"""Microsoft.Authorization/roleAssignments/write"",","Create role assignment","Microsoft Authorization","Role assignment","Create a role assignment at the specified scope."
"""Microsoft.Authorization/roleAssignments/delete"",","Delete role assignment","Microsoft Authorization","Role assignment","Delete a role assignment at the specified scope."
"""Microsoft.Insights/AlertRules/Write"",","Alert Rule write","Microsoft Monitoring Insights","Alert Rules","Writing to an alert rule configuration"
"""Microsoft.Insights/AlertRules/Delete"",","Alert Rule delete","Microsoft Monitoring Insights","Alert Rules","Deleting an alert rule configuration"
"""Microsoft.Insights/AlertRules/Read"",","Alert Rule read","Microsoft Monitoring Insights","Alert Rules","Reading an alert rule configuration"
"""Microsoft.Insights/AlertRules/Activated/Action"",","Alert Rule activated","Microsoft Monitoring Insights","Alert Rules","Alert Rule activated"
"""Microsoft.Insights/AlertRules/Resolved/Action"",","Alert Rule resolved","Microsoft Monitoring Insights","Alert Rules","Alert Rule resolved"
"""Microsoft.Insights/AlertRules/Throttled/Action"",","Alert Rule throttled","Microsoft Monitoring Insights","Alert Rules","Alert rule is throttled"
"""Microsoft.Insights/AlertRules/Incidents/Read"",","Alert Rule Incidents read","Microsoft Monitoring Insights","Alert Rule Incident resource","Reading an alert rule incident configuration"
"""Microsoft.Network/register/action"",","Register Subscription","Microsoft Network","","Registers the subscription"
"""Microsoft.Network/dnszones/read"",","Get DNS Zone","Microsoft Network","DNS Zone","Get the DNS zone, in JSON format. The zone properties include tags, etag, numberOfRecordSets, and maxNumberOfRecordSets. Note that this command does not retrieve the record sets contained within the zone."
"""Microsoft.Network/dnszones/write"",","Create or Update DNS Zone","Microsoft Network","DNS Zone","Create or update a DNS zone within a resource group.  Used to update the tags on a DNS zone resource. Note that this command can not be used to create or update record sets within the zone."
"""Microsoft.Network/dnszones/delete"",","Delete DNS Zone","Microsoft Network","DNS Zone","Delete the DNS zone, in JSON format. The zone properties include tags, etag, numberOfRecordSets, and maxNumberOfRecordSets."
"""Microsoft.Network/dnszones/MX/read"",","Get record set of type MX","Microsoft Network","DNS MX record set","Get the record set of type ‘MX’, in JSON format. The record set contains a list of records as well as the TTL, tags, and etag."
"""Microsoft.Network/dnszones/MX/write"",","Create or update record set of type MX","Microsoft Network","DNS MX record set","Create or update a record set of type ‘MX’ within a DNS zone. The records specified will replace the current records in the record set."
"""Microsoft.Network/dnszones/MX/delete"",","Delete record set of type MX","Microsoft Network","DNS MX record set","Remove the record set of a given name and type ‘MX’ from a DNS zone."
"""Microsoft.Network/dnszones/AAAA/read"",","Get record set of type AAAA","Microsoft Network","DNS AAAA record set","Get the record set of type ‘AAAA’, in JSON format. The record set contains a list of records as well as the TTL, tags, and etag."
"""Microsoft.Network/dnszones/AAAA/write"",","Create or update record set of type AAAA","Microsoft Network","DNS AAAA record set","Create or update a record set of type ‘AAAA’ within a DNS zone. The records specified will replace the current records in the record set."
"""Microsoft.Network/dnszones/AAAA/delete"",","Delete record set of type AAAA","Microsoft Network","DNS AAAA record set","Remove the record set of a given name and type ‘AAAA’ from a DNS zone."
"""Microsoft.Network/dnszones/CNAME/read"",","Get record set of type CNAME","Microsoft Network","DNS CNAME record set","Get the record set of type ‘CNAME’, in JSON format. The record set contains the TTL, tags, and etag."
"""Microsoft.Network/dnszones/CNAME/write"",","Create or update record set of type CNAME","Microsoft Network","DNS CNAME record set","Create or update a record set of type ‘CNAME’ within a DNS zone. The records specified will replace the current records in the record set."
"""Microsoft.Network/dnszones/CNAME/delete"",","Delete record set of type CNAME","Microsoft Network","DNS CNAME record set","Remove the record set of a given name and type ‘CNAME’ from a DNS zone."
"""Microsoft.Network/dnszones/SRV/read"",","Get record set of type SRV","Microsoft Network","DNS SRV record set","Get the record set of type ‘SRV’, in JSON format. The record set contains a list of records as well as the TTL, tags, and etag."
"""Microsoft.Network/dnszones/SRV/write"",","Create or update a record set of type ‘SRV’ within a DNS zone. The records specified will replace the current records in the record set.","Microsoft Network","DNS SRV record set","Create or update record set of type SRV"
"""Microsoft.Network/dnszones/SRV/delete"",","Delete record set of type SRV","Microsoft Network","DNS SRV record set","Remove the record set of a given name and type ‘SRV’ from a DNS zone."
"""Microsoft.Network/dnszones/PTR/read"",","Get record set of type PTR","Microsoft Network","DNS PTR record set","Get the record set of type ‘PTR’, in JSON format. The record set contains a list of records as well as the TTL, tags, and etag."
"""Microsoft.Network/dnszones/PTR/write"",","Create or update record set of type PTR","Microsoft Network","DNS PTR record set","Create or update a record set of type ‘PTR’ within a DNS zone. The records specified will replace the current records in the record set."
"""Microsoft.Network/dnszones/PTR/delete"",","Delete record set of type PTR","Microsoft Network","DNS PTR record set","Remove the record set of a given name and type ‘PTR’ from a DNS zone."
"""Microsoft.Network/dnszones/A/read"",","Get record set of type A","Microsoft Network","DNS A record set","Get the record set of type ‘A’, in JSON format. The record set contains a list of records as well as the TTL, tags, and etag."
"""Microsoft.Network/dnszones/A/write"",","Create or update record set of type A","Microsoft Network","DNS A record set","Create or update a record set of type ‘A’ within a DNS zone. The records specified will replace the current records in the record set."
"""Microsoft.Network/dnszones/A/delete"",","Delete record set of type A","Microsoft Network","DNS A record set","Remove the record set of a given name and type ‘A’ from a DNS zone."
"""Microsoft.Network/dnszones/TXT/read"",","Get record set of type TXT","Microsoft Network","DNS TXT record set","Get the record set of type ‘TXT’, in JSON format. The record set contains a list of records as well as the TTL, tags, and etag."
"""Microsoft.Network/dnszones/TXT/write"",","Create or update record set of type TXT","Microsoft Network","DNS TXT record set","Create or update a record set of type ‘TXT’ within a DNS zone. The records specified will replace the current records in the record set."
"""Microsoft.Network/dnszones/TXT/delete"",","Delete record set of type TXT","Microsoft Network","DNS TXT record set","Remove the record set of a given name and type ‘TXT’ from a DNS zone."
"""Microsoft.Network/networkInterfaces/read"",","Get Network Interface","Microsoft Network","Network Interface","Gets a network interface definition. "
"""Microsoft.Network/networkInterfaces/write"",","Create or Update Network Interface","Microsoft Network","Network Interface","Creates a network interface or updates an existing network interface. "
"""Microsoft.Network/networkInterfaces/join/action"",","Join Virtual Machine to a network interface","Microsoft Network","Network Interface","Joins a Virtual Machine to a network interface"
"""Microsoft.Network/networkInterfaces/delete"",","Delete Network Interface","Microsoft Network","Network Interface","Deletes a network interface"
"""Microsoft.Network/networkInterfaces/loadBalancers/read"",","Get Network Interface Load Balancers","Microsoft Network","Network Interface Load Balancers","Gets all the load balancers that the network interface is part of"
"""Microsoft.Network/publicIPAddresses/read"",","Get Public Ip Address","Microsoft Network","Public Ip Address","Gets a public ip address definition."
"""Microsoft.Network/publicIPAddresses/write"",","Create or Update Public Ip Address","Microsoft Network","Public Ip Address","Creates a public Ip address or updates an existing public Ip address. "
"""Microsoft.Network/publicIPAddresses/delete"",","Delete Public Ip Address","Microsoft Network","Public Ip Address","Deletes a public Ip address."
"""Microsoft.Network/publicIPAddresses/join/action"",","Join Public Ip Address","Microsoft Network","Public Ip Address","Joins a public ip address"
"""Microsoft.Network/networkWatchers/read"",","Get Network Watcher","Microsoft Network","Network Watcher","Get the network watcher definition"
"""Microsoft.Network/networkWatchers/write"",","Create or Update Network Watcher","Microsoft Network","Network Watcher","Creates a network watcher or updates an existing network watcher"
"""Microsoft.Network/networkWatchers/delete"",","Delete Network Watcher","Microsoft Network","Network Watcher","Deletes a network watcher"
"""Microsoft.Network/loadBalancers/read"",","Get Load Balancer","Microsoft Network","Load Balancer","Gets a load balancer definition"
"""Microsoft.Network/loadBalancers/write"",","Create or Update Load Balancer","Microsoft Network","Load Balancer","Creates a load balancer or updates an existing load balancer"
"""Microsoft.Network/loadBalancers/delete"",","Delete Load Balancer","Microsoft Network","Load Balancer","Deletes a load balancer"
"""Microsoft.Network/loadBalancers/networkInterfaces/read"",","Get Load Balancer Network Interfaces","Microsoft Network","Load Balancer Network Interfaces","Gets references to all the network interfaces under a load balancer"
"""Microsoft.Network/loadBalancers/loadBalancingRules/read"",","Get Load Balancer Load Balancing Rule","Microsoft Network","Load Balancer Load Balancing Rule","Gets a load balancer load balancing rule definition"
"""Microsoft.Network/loadBalancers/backendAddressPools/read"",","Get Load Balancer Backend Address Pool","Microsoft Network","Load Balancer Backend Address Pool","Gets a load balancer backend address pool definition"
"""Microsoft.Network/loadBalancers/backendAddressPools/join/action"",","Join Load Balancer Backend Address Pool","Microsoft Network","Load Balancer Backend Address Pool","Joins a load balancer backend address pool"
"""Microsoft.Network/loadBalancers/inboundNatPools/read"",","Get Load Balancer Inbound Nat Pool","Microsoft Network","Load Balancer Inbound Nat Pool","Gets a load balancer inbound nat pool definition"
"""Microsoft.Network/loadBalancers/inboundNatPools/join/action"",","Join Load Balancer Inbound Nat Pool","Microsoft Network","Load Balancer Inbound Nat Pool","Joins a load balancer inbound nat pool"
"""Microsoft.Network/loadBalancers/inboundNatRules/read"",","Get Load Balancer Inbound Nat Rule","Microsoft Network","Load Balancer Inbound Nat Rule","Gets a load balancer inbound nat rule definition"
"""Microsoft.Network/loadBalancers/inboundNatRules/write"",","Create or Update Load Balancer Inbound Nat Rule","Microsoft Network","Load Balancer Inbound Nat Rule","Creates a load balancer inbound nat rule or updates an existing load balancer inbound nat rule"
"""Microsoft.Network/loadBalancers/inboundNatRules/delete"",","Delete Load Balancer Inbound Nat Rule","Microsoft Network","Load Balancer Inbound Nat Rule","Deletes a load balancer inbound nat rule"
"""Microsoft.Network/loadBalancers/inboundNatRules/join/action"",","Join Load Balancer Inbound Nat Rule","Microsoft Network","Load Balancer Inbound Nat Rule","Joins a load balancer inbound nat rule"
"""Microsoft.Network/loadBalancers/outboundNatRules/read"",","Get Load Balancer Outbound Nat Rule","Microsoft Network","Load Balancer Outbound Nat Rule","Gets a load balancer outbound nat rule definition"
"""Microsoft.Network/loadBalancers/probes/read"",","Get Load Balancer Probe","Microsoft Network","Load Balancer Probe","Gets a load balancer probe"
"""Microsoft.Network/loadBalancers/virtualMachines/read"",","Get Load Balancer Virtual Machines","Microsoft Network","Load Balancer Virtual Machines","Gets references to all the virtual machines under a load balancer"
"""Microsoft.Network/loadBalancers/frontendIPConfigurations/read"",","Get Load Balancer Frontend IP Configuration","Microsoft Network","Load Balancer Frontend IP Configuration","Gets a load balancer frontend IP configuration definition"
"""Microsoft.Network/virtualNetworks/read"",","Get Virtual Network","Microsoft Network","Virtual Network","Get the virtual network definition"
"""Microsoft.Network/virtualNetworks/write"",","Create or Update Virtual Network","Microsoft Network","Virtual Network","Creates a virtual network or updates an existing virtual network"
"""Microsoft.Network/virtualNetworks/delete"",","Delete Virtual Network","Microsoft Network","Virtual Network","Deletes a virtual network"
"""Microsoft.Network/virtualNetworks/peer/action"",","Peer Virtual Networks","Microsoft Network","Virtual Network","Peers a virtual network with another virtual network"
"""Microsoft.Network/virtualNetworks/virtualNetworkPeerings/read"",","Get Virtual Network Peering","Microsoft Network","Virtual Network Peering","Gets a virtual network peering definition"
"""Microsoft.Network/virtualNetworks/virtualNetworkPeerings/write"",","Create or Update Virtual Network Peering","Microsoft Network","Virtual Network Peering","Creates a virtual network peering or updates an existing virtual network peering"
"""Microsoft.Network/virtualNetworks/virtualNetworkPeerings/delete"",","Delete Virtual Network Peering","Microsoft Network","Virtual Network Peering","Deletes a virtual network peering"
"""Microsoft.Network/virtualNetworks/subnets/read"",","Get Virtual Network Subnet","Microsoft Network","Virtual Network Subnet","Gets a virtual network subnet definition"
"""Microsoft.Network/virtualNetworks/subnets/write"",","Create or Update Virtual Network Subnet","Microsoft Network","Virtual Network Subnet","Creates a virtual network subnet or updates an existing virtual network subnet"
"""Microsoft.Network/virtualNetworks/subnets/delete"",","Delete Virtual Network Subnet","Microsoft Network","Virtual Network Subnet","Deletes a virtual network subnet"
"""Microsoft.Network/virtualNetworks/subnets/join/action"",","Join Virtual Network","Microsoft Network","Virtual Network Subnet","Joins a virtual network"
"""Microsoft.Network/virtualNetworks/subnets/virtualMachines/read"",","Get Virtual Network Subnet Virtual Machines","Microsoft Network","Virtual Network Subnet Virtual Machines","Gets references to all the virtual machines in a virtual network subnet"
"""Microsoft.Network/virtualNetworks/virtualMachines/read"",","Get Virtual Network Virtual Machines","Microsoft Network","Virtual Network Virtual Machines","Gets references to all the virtual machines in a virtual network"
"""Microsoft.Network/trafficManagerProfiles/read"",","Get Traffic Manager Profile","Microsoft Network","Traffic Manager Profile","Get the Traffic Manager profile configuration. This includes DNS settings, traffic routing settings, endpoint monitoring settings, and the list of endpoints routed by this Traffic Manager profile."
"""Microsoft.Network/trafficManagerProfiles/write"",","Create or Update Traffic Manager Profile","Microsoft Network","Traffic Manager Profile","Create a Traffic Manager profile, or modify the configuration of an existing Traffic Manager profile. This includes enabling or disabling a profile and modifying DNS settings, traffic routing settings, or endpoint monitoring settings. Endpoints routed by the Traffic Manager profile can be added, removed, enabled or disabled."
"""Microsoft.Network/trafficManagerProfiles/delete"",","Delete Traffic Manager Profile","Microsoft Network","Traffic Manager Profile","Delete the Traffic Manager profile. All settings associated with the Traffic Manager profile will be lost, and the profile can no longer be used to route traffic."
"""Microsoft.Network/networkSecurityGroups/read"",","Get Network Security Group","Microsoft Network","Network Security Group","Gets a network security group definition"
"""Microsoft.Network/networkSecurityGroups/write"",","Create or Update Network Security Group","Microsoft Network","Network Security Group","Creates a network security group or updates an existing network security group"
"""Microsoft.Network/networkSecurityGroups/delete"",","Delete Network Security Group","Microsoft Network","Network Security Group","Deletes a network security group"
"""Microsoft.Network/networkSecurityGroups/join/action"",","Join Network Security Group","Microsoft Network","Network Security Group","Joins a network security group"
"""Microsoft.Network/networkSecurityGroups/defaultSecurityRules/read"",","Get Default Security Rule","Microsoft Network","Default Security Rule","Gets a default security rule definition"
"""Microsoft.Network/networkSecurityGroups/securityRules/read"",","Get Security Rule","Microsoft Network","Security Rule","Gets a security rule definition"
"""Microsoft.Network/networkSecurityGroups/securityRules/write"",","Create or Update Security Rule","Microsoft Network","Security Rule","Creates a security rule or updates an existing security rule"
"""Microsoft.Network/networkSecurityGroups/securityRules/delete"",","Delete Security Rule","Microsoft Network","Security Rule","Deletes a security rule"
"""Microsoft.Network/applicationGateways/read"",","Get Application Gateway","Microsoft Network","Application Gateway","Gets an application gateway"
"""Microsoft.Network/applicationGateways/write"",","Create or Update Application Gateway","Microsoft Network","Application Gateway","Creates an application gateway or updates an application gateway"
"""Microsoft.Network/applicationGateways/delete"",","Delete Application Gateway","Microsoft Network","Application Gateway","Deletes an application gateway"
"""Microsoft.Network/applicationGateways/backendAddressPools/join/action"",","Join Application Gateway Backend Address Pool","Microsoft Network","Application Gateway Backend Address Pool","Joins an application gateway backend address pool"
"""Microsoft.Network/routeTables/read"",","Get Route Table","Microsoft Network","Route Table","Gets a route table definition"
"""Microsoft.Network/routeTables/write"",","Create or Update Route Table","Microsoft Network","Route Table","Creates a route table or Updates an existing rotue table"
"""Microsoft.Network/routeTables/delete"",","Delete Route Table","Microsoft Network","Route Table","Deletes a route table definition"
"""Microsoft.Network/routeTables/join/action"",","Join Route Table","Microsoft Network","Route Table","Joins a route table"
"""Microsoft.Network/routeTables/routes/read"",","Get Route","Microsoft Network","Route","Gets a route definition"
"""Microsoft.Network/routeTables/routes/write"",","Create or Update Route","Microsoft Network","Route","Creates a route or Updates an existing route"
"""Microsoft.Network/routeTables/routes/delete"",","Delete Route","Microsoft Network","Route","Deletes a route definition"
"""Microsoft.Network/locations/operationResults/read"",","Get Operation Result","Microsoft Network","Operation Result","Gets operation result of an async POST or DELETE operation"
"""Microsoft.Network/locations/checkDnsNameAvailability/read"",","Check Dns Name Availability","Microsoft Network","Dns Availability Check Result","Checks if dns label is available at the specified location"
"""Microsoft.Network/locations/usages/read"",","Get Usage Metric","Microsoft Network","Usage Metric","Gets the resources usage metrics"
"""Microsoft.Network/locations/operations/read"",","Get Operation Resource","Microsoft Network","Operation","Gets operation resource that represents status of an asynchronous operation"
