"Operation","OperationName","ProviderNamespace","ResourceName","Description"
"""Microsoft.Authorization/classicAdministrators/read"",","Get administrator","Microsoft Authorization","Classic subscription administrator","Reads the administrators for the subscription."
"""Microsoft.Authorization/classicAdministrators/write"",","Set administrator","Microsoft Authorization","Classic subscription administrator","Add or modify administrator to a subscription."
"""Microsoft.Authorization/classicAdministrators/delete"",","Delete administrator","Microsoft Authorization","Classic subscription administrator","Removes the administrator from the subscription."
"""Microsoft.Authorization/locks/read"",","Get management locks","Microsoft Authorization","Management lock","Gets locks at the specified scope."
"""Microsoft.Authorization/locks/write"",","Add management locks","Microsoft Authorization","Management lock","Add locks at the specified scope."
"""Microsoft.Authorization/locks/delete"",","Delete management locks","Microsoft Authorization","Management lock","Delete locks at the specified scope."
"""Microsoft.Authorization/permissions/read"",","List permissions","Microsoft Authorization","Permission","Lists all the permissions the caller has at a given scope."
"""Microsoft.Authorization/roleDefinitions/read"",","Get role definition","Microsoft Authorization","Role definition","Get information about a role definition."
"""Microsoft.Authorization/roleDefinitions/write"",","Create or update custom role definition","Microsoft Authorization","Role definition","Create or update a custom role definition with specified permissions and assignable scopes."
"""Microsoft.Authorization/roleDefinitions/delete"",","Delete custom role definition","Microsoft Authorization","Role definition","Delete the specified custom role definition."
"""Microsoft.Authorization/providerOperations/read"",","Get operations for resource providers","Microsoft Authorization","Provider operations","Get operations for all resource providers which can be used in role definitions."
"""Microsoft.Authorization/roleAssignments/read"",","Get role assignment","Microsoft Authorization","Role assignment","Get information about a role assignment."
"""Microsoft.Authorization/roleAssignments/write"",","Create role assignment","Microsoft Authorization","Role assignment","Create a role assignment at the specified scope."
"""Microsoft.Authorization/roleAssignments/delete"",","Delete role assignment","Microsoft Authorization","Role assignment","Delete a role assignment at the specified scope."
"""Microsoft.Cache/redis/write"",","Manage Redis Cache (read-write)","Microsoft Cache","Redis cache","Modify the Redis Cache's settings and configuration in the management portal"
"""Microsoft.Cache/redis/read"",","Manage Redis Cache (read-only)","Microsoft Cache","Redis cache","View the Redis Cache's settings and configuration in the management portal"
"""Microsoft.Cache/redis/delete"",","Delete Redis Cache","Microsoft Cache","Redis cache","Delete the entire Redis Cache"
"""Microsoft.Cache/redis/listKeys/action"",","View Redis Cache Access Keys","Microsoft Cache","Redis cache","View the value of Redis Cache access keys in the management portal"
"""Microsoft.Cache/redis/regenerateKey/action"",","Regenerate Redis Cache Access Keys","Microsoft Cache","Redis cache","Change the value of Redis Cache access keys in the management portal"
"""Microsoft.Cache/redis/import/action"",","Import data into Redis from storage","Microsoft Cache","Redis cache","Import data of a specified format from multiple blobs into Redis"
"""Microsoft.Cache/redis/export/action"",","Export Redis data to storage","Microsoft Cache","Redis cache","Export Redis data to prefixed storage blobs in specified format"
"""Microsoft.Cache/redis/forceReboot/action"",","Force reboot a cache instance, potentially with data loss.","Microsoft Cache","Redis cache","Force reboot a cache instance, potentially with data loss."
"""Microsoft.Cache/redis/listUpsellNotifications/action"",","List the latest Upsell Notifications.","Microsoft Cache","Redis cache","List the latest Upsell Notifications for the cache tenant."
"""Microsoft.Cache/redis/metricDefinitions/read"",","Read Redis Cache Metric Definitions","Microsoft Cache","The available metrics for a Redis Cache","Gets the available metrics for a Redis Cache"
"""Microsoft.Cache/redis/listUpgradeNotifications/read"",","List the latest Upgrade Notifications.","Microsoft Cache","The available capacity notifications for a Redis Cache","List the latest Upgrade Notifications for the cache tenant."
"""Microsoft.Insights/AlertRules/Write"",","Alert Rule write","Microsoft Monitoring Insights","Alert Rules","Writing to an alert rule configuration"
"""Microsoft.Insights/AlertRules/Delete"",","Alert Rule delete","Microsoft Monitoring Insights","Alert Rules","Deleting an alert rule configuration"
"""Microsoft.Insights/AlertRules/Read"",","Alert Rule read","Microsoft Monitoring Insights","Alert Rules","Reading an alert rule configuration"
"""Microsoft.Insights/AlertRules/Activated/Action"",","Alert Rule activated","Microsoft Monitoring Insights","Alert Rules","Alert Rule activated"
"""Microsoft.Insights/AlertRules/Resolved/Action"",","Alert Rule resolved","Microsoft Monitoring Insights","Alert Rules","Alert Rule resolved"
"""Microsoft.Insights/AlertRules/Throttled/Action"",","Alert Rule throttled","Microsoft Monitoring Insights","Alert Rules","Alert rule is throttled"
"""Microsoft.Insights/AlertRules/Incidents/Read"",","Alert Rule Incidents read","Microsoft Monitoring Insights","Alert Rule Incident resource","Reading an alert rule incident configuration"
