"Operation","OperationName","ProviderNamespace","ResourceName","Description"
"""Microsoft.Authorization/classicAdministrators/read"",","Get administrator","Microsoft Authorization","Classic subscription administrator","Reads the administrators for the subscription."
"""Microsoft.Authorization/classicAdministrators/write"",","Set administrator","Microsoft Authorization","Classic subscription administrator","Add or modify administrator to a subscription."
"""Microsoft.Authorization/classicAdministrators/delete"",","Delete administrator","Microsoft Authorization","Classic subscription administrator","Removes the administrator from the subscription."
"""Microsoft.Authorization/locks/read"",","Get management locks","Microsoft Authorization","Management lock","Gets locks at the specified scope."
"""Microsoft.Authorization/locks/write"",","Add management locks","Microsoft Authorization","Management lock","Add locks at the specified scope."
"""Microsoft.Authorization/locks/delete"",","Delete management locks","Microsoft Authorization","Management lock","Delete locks at the specified scope."
"""Microsoft.Authorization/permissions/read"",","List permissions","Microsoft Authorization","Permission","Lists all the permissions the caller has at a given scope."
"""Microsoft.Authorization/roleDefinitions/read"",","Get role definition","Microsoft Authorization","Role definition","Get information about a role definition."
"""Microsoft.Authorization/roleDefinitions/write"",","Create or update custom role definition","Microsoft Authorization","Role definition","Create or update a custom role definition with specified permissions and assignable scopes."
"""Microsoft.Authorization/roleDefinitions/delete"",","Delete custom role definition","Microsoft Authorization","Role definition","Delete the specified custom role definition."
"""Microsoft.Authorization/providerOperations/read"",","Get operations for resource providers","Microsoft Authorization","Provider operations","Get operations for all resource providers which can be used in role definitions."
"""Microsoft.Authorization/roleAssignments/read"",","Get role assignment","Microsoft Authorization","Role assignment","Get information about a role assignment."
"""Microsoft.Authorization/roleAssignments/write"",","Create role assignment","Microsoft Authorization","Role assignment","Create a role assignment at the specified scope."
"""Microsoft.Authorization/roleAssignments/delete"",","Delete role assignment","Microsoft Authorization","Role assignment","Delete a role assignment at the specified scope."
"""Microsoft.ClassicCompute/register/action"",","Register Classic Compute","Microsoft ClassicCompute","","Register to Classic Compute"
"""Microsoft.ClassicCompute/checkDomainNameAvailability/action"",","Availability For A Domain Name","Microsoft ClassicCompute","","Checks the availability of a given domain name."
"""Microsoft.ClassicCompute/moveSubscriptionResources/action"",","Move classic resources","Microsoft ClassicCompute","","Move all classic resources to a different subscription."
"""Microsoft.ClassicCompute/validateSubscriptionMoveAvailability/action"",","Validate the Subscription for Move Operation","Microsoft ClassicCompute","","Validate the subscription's availability for classic move operation."
"""Microsoft.ClassicCompute/capabilities/read"",","Get capabilities","Microsoft ClassicCompute","Capability","Shows the capabilities"
"""Microsoft.ClassicCompute/resourceTypes/skus/read"",","Get Supported Skus","Microsoft ClassicCompute","Sku","Gets the Sku list for supported resource types."
"""Microsoft.ClassicCompute/domainNames/read"",","Gets Domain Names","Microsoft ClassicCompute","Domain Name","Return the domain names for resources."
"""Microsoft.ClassicCompute/domainNames/write"",","Add Domain Names","Microsoft ClassicCompute","Domain Name","Add or modify the domain names for resources."
"""Microsoft.ClassicCompute/domainNames/delete"",","Remove Domain Names","Microsoft ClassicCompute","Domain Name","Remove the domain names for resources."
"""Microsoft.ClassicCompute/domainNames/swap/action"",","Swap Staging And Production Slots","Microsoft ClassicCompute","Domain Name","Swaps the staging slot to the production slot."
"""Microsoft.ClassicCompute/domainNames/serviceCertificates/read"",","Get The Certificates","Microsoft ClassicCompute","Service Certificate","Returns the service certificates used."
"""Microsoft.ClassicCompute/domainNames/serviceCertificates/write"",","Add Service Certificates","Microsoft ClassicCompute","Service Certificate","Add or modify the service certificates used."
"""Microsoft.ClassicCompute/domainNames/serviceCertificates/delete"",","Delete Service Certificates","Microsoft ClassicCompute","Service Certificate","Delete the service certificates used."
"""Microsoft.ClassicCompute/domainNames/serviceCertificates/operationStatuses/read"",","Get the Domain Names Service Certificates Operation Status","Microsoft ClassicCompute","Domain Names Service Certificates Operation Status","Reads the operation status for the domain names service certificates."
"""Microsoft.ClassicCompute/domainNames/capabilities/read"",","Get domain name capabilities","Microsoft ClassicCompute","Domain Name Capability","Shows the domain name capabilities"
"""Microsoft.ClassicCompute/domainNames/extensions/read"",","Get The Domain Name Extensions","Microsoft ClassicCompute","Domain Name Extension","Returns the domain name extensions."
"""Microsoft.ClassicCompute/domainNames/extensions/write"",","Add Domain Name Extensions","Microsoft ClassicCompute","Domain Name Extension","Add the domain name extensions."
"""Microsoft.ClassicCompute/domainNames/extensions/delete"",","Remove Domain Name Extensions","Microsoft ClassicCompute","Domain Name Extension","Remove the domain name extensions."
"""Microsoft.ClassicCompute/domainNames/extensions/operationStatuses/read"",","Get the Domain Names Extensions Operation Status","Microsoft ClassicCompute","Domain Names Extensions Operation Status","Reads the operation status for the domain names extensions."
"""Microsoft.ClassicCompute/domainNames/active/write"",","Set Active Domain Name","Microsoft ClassicCompute","Active Domain Name","Sets the active domain name."
"""Microsoft.ClassicCompute/domainNames/slots/read"",","Get Deploymen Slots","Microsoft ClassicCompute","Deployment Slot","Shows the deployment slots."
"""Microsoft.ClassicCompute/domainNames/slots/write"",","Create Deployment Slot","Microsoft ClassicCompute","Deployment Slot","Creates or update the deployment."
"""Microsoft.ClassicCompute/domainNames/slots/delete"",","Delete Deployment Slot","Microsoft ClassicCompute","Deployment Slot","Deletes a given deployment slot."
"""Microsoft.ClassicCompute/domainNames/slots/start/action"",","Start Deployment Slot","Microsoft ClassicCompute","Deployment Slot","Starts a deployment slot."
"""Microsoft.ClassicCompute/domainNames/slots/stop/action"",","Suspend Deployment Slot","Microsoft ClassicCompute","Deployment Slot","Suspends the deployment slot."
"""Microsoft.ClassicCompute/domainNames/slots/operationStatuses/read"",","Get the Domain Names Slots Operation Status","Microsoft ClassicCompute","Domain Names Slots Operation Status","Reads the operation status for the domain names slots."
"""Microsoft.ClassicCompute/domainNames/slots/roles/read"",","Get Deployment Slot Role","Microsoft ClassicCompute","Deployment Slot Role","Get the role for the deployment slot."
"""Microsoft.ClassicCompute/domainNames/slots/roles/extensionReferences/read"",","Get Deployment Slot Role Extension Reference","Microsoft ClassicCompute","Deployment Slot Role Extension Reference","Returns the extension reference for the deployment slot role."
"""Microsoft.ClassicCompute/domainNames/slots/roles/extensionReferences/write"",","Add Deployment Slot Role Extension Reference","Microsoft ClassicCompute","Deployment Slot Role Extension Reference","Add or modify the extension reference for the deployment slot role."
"""Microsoft.ClassicCompute/domainNames/slots/roles/extensionReferences/delete"",","Remove Deployment Slot Role Extension Reference","Microsoft ClassicCompute","Deployment Slot Role Extension Reference","Remove the extension reference for the deployment slot role."
"""Microsoft.ClassicCompute/domainNames/slots/roles/extensionReferences/operationStatuses/read"",","Get the Domain Names Slots Roles Extension References Operation Status","Microsoft ClassicCompute","Domain Names Slots Roles Extension References Operation Status","Reads the operation status for the domain names slots roles extension references."
"""Microsoft.ClassicCompute/domainNames/slots/roles/roleInstances/read"",","Get Role Instance","Microsoft ClassicCompute","Role Instance","Get the role instance."
"""Microsoft.ClassicCompute/domainNames/slots/roles/roleInstances/restart/action"",","Restart Role Instance","Microsoft ClassicCompute","Role Instance","Restarts role instances."
"""Microsoft.ClassicCompute/domainNames/slots/roles/roleInstances/reimage/action"",","Reimage Role Instance","Microsoft ClassicCompute","Role Instance","Reimages the role instance."
"""Microsoft.ClassicCompute/domainNames/slots/roles/roleInstances/operationStatuses/read"",","Get the Domain Names Slots Roles Role Instances Operation Status","Microsoft ClassicCompute","Domain Names Slots Roles Role Instances Operation Status","Reads the operation status for the domain names slots roles role instances."
"""Microsoft.ClassicCompute/domainNames/slots/state/start/write"",","Stop Deployment State","Microsoft ClassicCompute","Deployment Slot Start","Changes the deployment slot state to stopped."
"""Microsoft.ClassicCompute/domainNames/slots/state/stop/write"",","Start Deployment State","Microsoft ClassicCompute","Deployment Slot Stopped","Changes the deployment slot state to started."
"""Microsoft.ClassicCompute/domainNames/slots/upgradeDomain/write"",","Upgrade The Domain","Microsoft ClassicCompute","Upgrade Domain","Walk upgrade the domain."
"""Microsoft.ClassicCompute/domainNames/internalLoadBalancers/read"",","Get Internal Load Balancers.","Microsoft ClassicCompute","Internal Load Balancer","Gets the internal load balancers."
"""Microsoft.ClassicCompute/domainNames/internalLoadBalancers/write"",","Create Internal Load Balance","Microsoft ClassicCompute","Internal Load Balancer","Creates a new internal load balance."
"""Microsoft.ClassicCompute/domainNames/internalLoadBalancers/delete"",","Remove Internal Load Balance","Microsoft ClassicCompute","Internal Load Balancer","Remove a new internal load balance."
"""Microsoft.ClassicCompute/domainNames/internalLoadBalancers/operationStatuses/read"",","Get the Domain Names Internal Load Balancers Operation Status","Microsoft ClassicCompute","Domain Names Internal Load Balancers Operation Status","Reads the operation status for the domain names internal load balancers."
"""Microsoft.ClassicCompute/domainNames/loadBalancedEndpointSets/read"",","Get Load Balanced Endpoint Sets","Microsoft ClassicCompute","Load Balanced Endpoint Sets","Shows the load balanced endpoint sets"
"""Microsoft.ClassicCompute/domainNames/loadBalancedEndpointSets/operationStatuses/read"",","Get the Domain Names Load Balanced Endpoint Sets Operation Status","Microsoft ClassicCompute","Domain Names Load Balanced Endpoint Sets Operation Status","Reads the operation status for the domain names load balanced endpoint sets."
"""Microsoft.ClassicCompute/domainNames/availabilitySets/read"",","Show Availability Set","Microsoft ClassicCompute","Availability Set","Show the availability set for the resource."
"""Microsoft.ClassicCompute/quotas/read"",","Get Subscription Quota","Microsoft ClassicCompute","Quota","Get the quota for the subscription."
"""Microsoft.ClassicCompute/virtualMachines/read"",","Retrieve Virtual Machines","Microsoft ClassicCompute","Virtual Machine","Retrieves list of virtual machines."
"""Microsoft.ClassicCompute/virtualMachines/write"",","Add Virtual Machines","Microsoft ClassicCompute","Virtual Machine","Add or modify virtual machines."
"""Microsoft.ClassicCompute/virtualMachines/delete"",","Remove Virtual Machines","Microsoft ClassicCompute","Virtual Machine","Removes virtual machines."
"""Microsoft.ClassicCompute/virtualMachines/start/action"",","Start Virtual Machine","Microsoft ClassicCompute","Virtual Machine","Start the virtual machine."
"""Microsoft.ClassicCompute/virtualMachines/restart/action"",","Restart Virtual Machine","Microsoft ClassicCompute","Virtual Machine","Restarts virtual machines."
"""Microsoft.ClassicCompute/virtualMachines/stop/action"",","Stop Virtual Machine","Microsoft ClassicCompute","Virtual Machine","Stops the virtual machine."
"""Microsoft.ClassicCompute/virtualMachines/shutdown/action"",","Shutdown Virtual Machine","Microsoft ClassicCompute","Virtual Machine","Shutdown the virtual machine."
"""Microsoft.ClassicCompute/virtualMachines/attachDisk/action"",","Attach Data Disk","Microsoft ClassicCompute","Virtual Machine","Attaches a data disk to a virtual machine."
"""Microsoft.ClassicCompute/virtualMachines/detachDisk/action"",","Detach Data Disk","Microsoft ClassicCompute","Virtual Machine","Detaches a data disk from virtual machine."
"""Microsoft.ClassicCompute/virtualMachines/downloadRemoteDesktopConnectionFile/action"",","Download RDP File","Microsoft ClassicCompute","Virtual Machine","Downloads the RDP file for virtual machine."
"""Microsoft.ClassicCompute/virtualMachines/networkInterfaces/associatedNetworkSecurityGroups/read"",","Get Network Interface Associated Network Security Group","Microsoft ClassicCompute","Network Interface Associated Network Security Group","Gets the network security group associated with the network interface."
"""Microsoft.ClassicCompute/virtualMachines/networkInterfaces/associatedNetworkSecurityGroups/write"",","Add Network Interface Associated Network Security Group","Microsoft ClassicCompute","Network Interface Associated Network Security Group","Adds a network security group associated with the network interface."
"""Microsoft.ClassicCompute/virtualMachines/networkInterfaces/associatedNetworkSecurityGroups/delete"",","Delete Network Interface Associated Network Security Group","Microsoft ClassicCompute","Network Interface Associated Network Security Group","Deletes the network security group associated with the network interface."
"""Microsoft.ClassicCompute/virtualMachines/networkInterfaces/associatedNetworkSecurityGroups/operationStatuses/read"",","Get the Virtual Machines Associated Network Security Groups Operation Status","Microsoft ClassicCompute","Virtual Machines Associated Network Security Groups Operation Status","Reads the operation status for the virtual machines associated network security groups."
"""Microsoft.ClassicCompute/virtualMachines/metricDefinitions/read"",","Get Metric Definitions","Microsoft ClassicCompute","Metric Definition","Gets the metrics definitions."
"""Microsoft.ClassicCompute/virtualMachines/metrics/read"",","Get Metrics","Microsoft ClassicCompute","Metrics","Gets the metrics."
"""Microsoft.ClassicCompute/virtualMachines/operationStatuses/read"",","Get the Virtual Machines Operation Status","Microsoft ClassicCompute","Virtual Machines Operation Status","Reads the operation status for the virtual machines."
"""Microsoft.ClassicCompute/virtualMachines/extensions/read"",","Get Virtual Machine Extension","Microsoft ClassicCompute","Virtual Machine Extension","Gets the virtual machine extension."
"""Microsoft.ClassicCompute/virtualMachines/extensions/write"",","Add Virtual Machine Extension","Microsoft ClassicCompute","Virtual Machine Extension","Puts the virtual machine extension."
"""Microsoft.ClassicCompute/virtualMachines/extensions/operationStatuses/read"",","Get the Virtual Machines Extensions Operation Status","Microsoft ClassicCompute","Virtual Machines Extensions Operation Status","Reads the operation status for the virtual machines extensions."
"""Microsoft.ClassicCompute/virtualMachines/asyncOperations/read"",","Async Operations","Microsoft ClassicCompute","Virtual Machine Async Operations","Gets the possible async operations"
"""Microsoft.ClassicCompute/virtualMachines/diagnosticSettings/read"",","Get Diagnostics Settings","Microsoft ClassicCompute","Diagnostics Settings","Get the diagnostics settings."
"""Microsoft.ClassicCompute/virtualMachines/diagnosticSettings/write"",","Add Diagnostics Settings","Microsoft ClassicCompute","Diagnostics Settings","Add or modify diagnostics settings."
"""Microsoft.ClassicCompute/virtualMachines/disks/read"",","Get Data Disks","Microsoft ClassicCompute","Virtual Machine Disk","Retrives list of data disks"
"""Microsoft.ClassicCompute/virtualMachines/associatedNetworkSecurityGroups/read"",","Get Virtual Machine Associated Network Security Group","Microsoft ClassicCompute","Virtual Machine Associated Network Security Group","Gets the network security group associated with the virtual machine."
"""Microsoft.ClassicCompute/virtualMachines/associatedNetworkSecurityGroups/write"",","Add Virtual Machine Associated Network Security Group","Microsoft ClassicCompute","Virtual Machine Associated Network Security Group","Adds a network security group associated with the virtual machine."
"""Microsoft.ClassicCompute/virtualMachines/associatedNetworkSecurityGroups/delete"",","Delete Virtual Machine Associated Network Security Group","Microsoft ClassicCompute","Virtual Machine Associated Network Security Group","Deletes the network security group associated with the virtual machine."
"""Microsoft.ClassicCompute/virtualMachines/associatedNetworkSecurityGroups/operationStatuses/read"",","Get the Virtual Machines Associated Network Security Groups Operation Status","Microsoft ClassicCompute","Virtual Machines Associated Network Security Groups Operation Status","Reads the operation status for the virtual machines associated network security groups."
"""Microsoft.ClassicCompute/virtualMachines/read"",","Retrieve Virtual Machines","Microsoft ClassicCompute","Virtual Machine","Retrieves list of virtual machines."
"""Microsoft.ClassicCompute/virtualMachines/write"",","Add Virtual Machines","Microsoft ClassicCompute","Virtual Machine","Add or modify virtual machines."
"""Microsoft.ClassicCompute/virtualMachines/delete"",","Remove Virtual Machines","Microsoft ClassicCompute","Virtual Machine","Removes virtual machines."
"""Microsoft.ClassicCompute/virtualMachines/start/action"",","Start Virtual Machine","Microsoft ClassicCompute","Virtual Machine","Start the virtual machine."
"""Microsoft.ClassicCompute/virtualMachines/restart/action"",","Restart Virtual Machine","Microsoft ClassicCompute","Virtual Machine","Restarts virtual machines."
"""Microsoft.ClassicCompute/virtualMachines/stop/action"",","Stop Virtual Machine","Microsoft ClassicCompute","Virtual Machine","Stops the virtual machine."
"""Microsoft.ClassicCompute/virtualMachines/shutdown/action"",","Shutdown Virtual Machine","Microsoft ClassicCompute","Virtual Machine","Shutdown the virtual machine."
"""Microsoft.ClassicCompute/virtualMachines/attachDisk/action"",","Attach Data Disk","Microsoft ClassicCompute","Virtual Machine","Attaches a data disk to a virtual machine."
"""Microsoft.ClassicCompute/virtualMachines/detachDisk/action"",","Detach Data Disk","Microsoft ClassicCompute","Virtual Machine","Detaches a data disk from virtual machine."
"""Microsoft.ClassicCompute/virtualMachines/downloadRemoteDesktopConnectionFile/action"",","Download RDP File","Microsoft ClassicCompute","Virtual Machine","Downloads the RDP file for virtual machine."
"""Microsoft.ClassicCompute/virtualMachines/networkInterfaces/associatedNetworkSecurityGroups/read"",","Get Network Interface Associated Network Security Group","Microsoft ClassicCompute","Network Interface Associated Network Security Group","Gets the network security group associated with the network interface."
"""Microsoft.ClassicCompute/virtualMachines/networkInterfaces/associatedNetworkSecurityGroups/write"",","Add Network Interface Associated Network Security Group","Microsoft ClassicCompute","Network Interface Associated Network Security Group","Adds a network security group associated with the network interface."
"""Microsoft.ClassicCompute/virtualMachines/networkInterfaces/associatedNetworkSecurityGroups/delete"",","Delete Network Interface Associated Network Security Group","Microsoft ClassicCompute","Network Interface Associated Network Security Group","Deletes the network security group associated with the network interface."
"""Microsoft.ClassicCompute/virtualMachines/networkInterfaces/associatedNetworkSecurityGroups/operationStatuses/read"",","Get the Virtual Machines Associated Network Security Groups Operation Status","Microsoft ClassicCompute","Virtual Machines Associated Network Security Groups Operation Status","Reads the operation status for the virtual machines associated network security groups."
"""Microsoft.ClassicCompute/virtualMachines/metricDefinitions/read"",","Get Metric Definitions","Microsoft ClassicCompute","Metric Definition","Gets the metrics definitions."
"""Microsoft.ClassicCompute/virtualMachines/metrics/read"",","Get Metrics","Microsoft ClassicCompute","Metrics","Gets the metrics."
"""Microsoft.ClassicCompute/virtualMachines/operationStatuses/read"",","Get the Virtual Machines Operation Status","Microsoft ClassicCompute","Virtual Machines Operation Status","Reads the operation status for the virtual machines."
"""Microsoft.ClassicCompute/virtualMachines/extensions/read"",","Get Virtual Machine Extension","Microsoft ClassicCompute","Virtual Machine Extension","Gets the virtual machine extension."
"""Microsoft.ClassicCompute/virtualMachines/extensions/write"",","Add Virtual Machine Extension","Microsoft ClassicCompute","Virtual Machine Extension","Puts the virtual machine extension."
"""Microsoft.ClassicCompute/virtualMachines/extensions/operationStatuses/read"",","Get the Virtual Machines Extensions Operation Status","Microsoft ClassicCompute","Virtual Machines Extensions Operation Status","Reads the operation status for the virtual machines extensions."
"""Microsoft.ClassicCompute/virtualMachines/asyncOperations/read"",","Async Operations","Microsoft ClassicCompute","Virtual Machine Async Operations","Gets the possible async operations"
"""Microsoft.ClassicCompute/virtualMachines/diagnosticSettings/read"",","Get Diagnostics Settings","Microsoft ClassicCompute","Diagnostics Settings","Get the diagnostics settings."
"""Microsoft.ClassicCompute/virtualMachines/diagnosticSettings/write"",","Add Diagnostics Settings","Microsoft ClassicCompute","Diagnostics Settings","Add or modify diagnostics settings."
"""Microsoft.ClassicCompute/virtualMachines/disks/read"",","Get Data Disks","Microsoft ClassicCompute","Virtual Machine Disk","Retrives list of data disks"
"""Microsoft.ClassicCompute/virtualMachines/associatedNetworkSecurityGroups/read"",","Get Virtual Machine Associated Network Security Group","Microsoft ClassicCompute","Virtual Machine Associated Network Security Group","Gets the network security group associated with the virtual machine."
"""Microsoft.ClassicCompute/virtualMachines/associatedNetworkSecurityGroups/write"",","Add Virtual Machine Associated Network Security Group","Microsoft ClassicCompute","Virtual Machine Associated Network Security Group","Adds a network security group associated with the virtual machine."
"""Microsoft.ClassicCompute/virtualMachines/associatedNetworkSecurityGroups/delete"",","Delete Virtual Machine Associated Network Security Group","Microsoft ClassicCompute","Virtual Machine Associated Network Security Group","Deletes the network security group associated with the virtual machine."
"""Microsoft.ClassicCompute/virtualMachines/associatedNetworkSecurityGroups/operationStatuses/read"",","Get the Virtual Machines Associated Network Security Groups Operation Status","Microsoft ClassicCompute","Virtual Machines Associated Network Security Groups Operation Status","Reads the operation status for the virtual machines associated network security groups."
"""Microsoft.ClassicNetwork/register/action"",","Register Classic Network","Microsoft ClassicNetwork","","Register to Classic Network"
"""Microsoft.ClassicNetwork/gatewaySupportedDevices/read"",","List Supported Devices","Microsoft ClassicNetwork","Gateway Supported Devices","Retrieves the list of supported devices."
"""Microsoft.ClassicNetwork/reservedIps/read"",","Get Reserved Ips","Microsoft ClassicNetwork","Reserved Ip","Gets the reserved Ips"
"""Microsoft.ClassicNetwork/reservedIps/write"",","Add Reserved Ip","Microsoft ClassicNetwork","Reserved Ip","Add a new reserved Ip"
"""Microsoft.ClassicNetwork/reservedIps/delete"",","Delete Reserved Ip","Microsoft ClassicNetwork","Reserved Ip","Delete a reserved Ip."
"""Microsoft.ClassicNetwork/reservedIps/link/action"",","Link Reserved Ips","Microsoft ClassicNetwork","Reserved Ip","Link a reserved Ip"
"""Microsoft.ClassicNetwork/reservedIps/join/action"",","Join Reserved Ips","Microsoft ClassicNetwork","Reserved Ip","Join a reserved Ip"
"""Microsoft.ClassicNetwork/reservedIps/operationStatuses/read"",","Get the Reserved Ips Operation Status","Microsoft ClassicNetwork","Reserved Ips Operation Status","Reads the operation status for the reserved ips."
"""Microsoft.ClassicNetwork/virtualNetworks/read"",","Get Virtual Network","Microsoft ClassicNetwork","Virtual Network","Get the virtual network."
"""Microsoft.ClassicNetwork/virtualNetworks/write"",","Add Virtual Network","Microsoft ClassicNetwork","Virtual Network","Add a new virtual network."
"""Microsoft.ClassicNetwork/virtualNetworks/delete"",","Delete Virtual Network.","Microsoft ClassicNetwork","Virtual Network","Deletes the virtual network."
"""Microsoft.ClassicNetwork/virtualNetworks/peer/action"",","Peer Virtual Network","Microsoft ClassicNetwork","Virtual Network","Peers a virtual network with another virtual network."
"""Microsoft.ClassicNetwork/virtualNetworks/join/action"",","Join Virtual Network.","Microsoft ClassicNetwork","Virtual Network","Joins the virtual network."
"""Microsoft.ClassicNetwork/virtualNetworks/checkIPAddressAvailability/action"",","Availability of an IP address in a given virtual network.","Microsoft ClassicNetwork","Virtual Network","Checks the availability of a given IP address in a virtual network."
"""Microsoft.ClassicNetwork/virtualNetworks/capabilities/read"",","Get capabilities","Microsoft ClassicNetwork","Capability","Shows the capabilities"
"""Microsoft.ClassicNetwork/virtualNetworks/subnets/associatedNetworkSecurityGroups/read"",","Get Subnet Associated Network Security Group","Microsoft ClassicNetwork","Subnet Associated Network Security Group","Gets the network security group associated with the subnet."
"""Microsoft.ClassicNetwork/virtualNetworks/subnets/associatedNetworkSecurityGroups/write"",","Add Subnet Associated Network Security Group","Microsoft ClassicNetwork","Subnet Associated Network Security Group","Adds a network security group associated with the subnet."
"""Microsoft.ClassicNetwork/virtualNetworks/subnets/associatedNetworkSecurityGroups/delete"",","Delete Subnet Associated Network Security Group","Microsoft ClassicNetwork","Subnet Associated Network Security Group","Deletes the network security group associated with the subnet."
"""Microsoft.ClassicNetwork/virtualNetworks/subnets/associatedNetworkSecurityGroups/operationStatuses/read"",","Get the Virtual Network Subnet Associeted Network Security Group Operation Status","Microsoft ClassicNetwork","Virtual Network Subnet Associeted Network Security Group Operation Status","Reads the operation status for the virtual network subnet associeted network security group."
"""Microsoft.ClassicNetwork/virtualNetworks/operationStatuses/read"",","Get the Virtual Networks Operation Status","Microsoft ClassicNetwork","Virtual Networks Operation Status","Reads the operation status for the virtual networks."
"""Microsoft.ClassicNetwork/virtualNetworks/gateways/read"",","Get Virtual Network Gateways","Microsoft ClassicNetwork","Virtual Network Gateway","Gets the virtual network gateways."
"""Microsoft.ClassicNetwork/virtualNetworks/gateways/write"",","Add Virtual Network Gateway","Microsoft ClassicNetwork","Virtual Network Gateway","Adds a virtual network gateway."
"""Microsoft.ClassicNetwork/virtualNetworks/gateways/delete"",","Delete Virtual Network Gateway","Microsoft ClassicNetwork","Virtual Network Gateway","Deletes the virtual network gateway."
"""Microsoft.ClassicNetwork/virtualNetworks/gateways/startDiagnostics/action"",","Start Virtual Network Gateway Diagnostic","Microsoft ClassicNetwork","Virtual Network Gateway","Starts diagnositic for the virtual network gateway."
"""Microsoft.ClassicNetwork/virtualNetworks/gateways/stopDiagnostics/action"",","Stop Virtual Network Gateway Diagnostic","Microsoft ClassicNetwork","Virtual Network Gateway","Stops the diagnositic for the virtual network gateway."
"""Microsoft.ClassicNetwork/virtualNetworks/gateways/downloadDiagnostics/action"",","Download Gateway Diagnostics","Microsoft ClassicNetwork","Virtual Network Gateway","Downloads the gateway diagnostics."
"""Microsoft.ClassicNetwork/virtualNetworks/gateways/listCircuitServiceKey/action"",","Get Circuit Service Key","Microsoft ClassicNetwork","Virtual Network Gateway","Retrieves the circuit service key."
"""Microsoft.ClassicNetwork/virtualNetworks/gateways/downloadDeviceConfigurationScript/action"",","Download Configuration Script","Microsoft ClassicNetwork","Virtual Network Gateway","Downloads the device configuration script."
"""Microsoft.ClassicNetwork/virtualNetworks/gateways/listPackage/action"",","Get Virtual Network Gateway Package List","Microsoft ClassicNetwork","Virtual Network Gateway","Lists the virtual network gateway package."
"""Microsoft.ClassicNetwork/virtualNetworks/gateways/operationStatuses/read"",","Get the Virtual Networks Gateways Operation Status","Microsoft ClassicNetwork","Virtual Networks Gateways Operation Status","Reads the operation status for the virtual networks gateways."
"""Microsoft.ClassicNetwork/virtualNetworks/gateways/packages/read"",","Get Virtual Network Gateway Package","Microsoft ClassicNetwork","Virtual Network Gateway Package","Gets the virtual network gateway package."
"""Microsoft.ClassicNetwork/virtualNetworks/gateways/connections/read"",","Get Conection List","Microsoft ClassicNetwork","Gateway Connection","Retrieves the list of connections."
"""Microsoft.ClassicNetwork/virtualNetworks/gateways/connections/connect/action"",","Connect Gateway Connection","Microsoft ClassicNetwork","Gateway Connection","Connects a site to site gateway connection."
"""Microsoft.ClassicNetwork/virtualNetworks/gateways/connections/disconnect/action"",","Disconnect Gateway Connection","Microsoft ClassicNetwork","Gateway Connection","Disconnects a site to site gateway connection."
"""Microsoft.ClassicNetwork/virtualNetworks/gateways/connections/test/action"",","Test Gateway Connection","Microsoft ClassicNetwork","Gateway Connection","Tests a site to site gateway connection."
"""Microsoft.ClassicNetwork/virtualNetworks/gateways/clientRevokedCertificates/read"",","Get Revoked Certificates.","Microsoft ClassicNetwork","Geteway Client Revoked Certificate","Read the revoked client certificates."
"""Microsoft.ClassicNetwork/virtualNetworks/gateways/clientRevokedCertificates/write"",","Revoke Client Certificate","Microsoft ClassicNetwork","Geteway Client Revoked Certificate","Revokes a client certificate."
"""Microsoft.ClassicNetwork/virtualNetworks/gateways/clientRevokedCertificates/delete"",","Unrevoke Client Certificate.","Microsoft ClassicNetwork","Geteway Client Revoked Certificate","Unrevokes a client certificate."
"""Microsoft.ClassicNetwork/virtualNetworks/gateways/clientRootCertificates/read"",","Get Client Root Certificates.","Microsoft ClassicNetwork","Geteway Client Certificate","Find the client root certificates."
"""Microsoft.ClassicNetwork/virtualNetworks/gateways/clientRootCertificates/write"",","Upload Client Root Certificate","Microsoft ClassicNetwork","Geteway Client Certificate","Uploads a new client root certificate."
"""Microsoft.ClassicNetwork/virtualNetworks/gateways/clientRootCertificates/delete"",","Delete Client Root Certificate.","Microsoft ClassicNetwork","Geteway Client Certificate","Deletes the virtual network gateway client certificate."
"""Microsoft.ClassicNetwork/virtualNetworks/gateways/clientRootCertificates/download/action"",","Downloads Certificate","Microsoft ClassicNetwork","Geteway Client Certificate","Downloads certificate by thumbprint."
"""Microsoft.ClassicNetwork/virtualNetworks/gateways/clientRootCertificates/listPackage/action"",","Virtual Network Gateway Certificate Package List","Microsoft ClassicNetwork","Geteway Client Certificate","Lists the virtual network gateway certificate package."
"""Microsoft.ClassicNetwork/networkSecurityGroups/read"",","Get Network Security Group","Microsoft ClassicNetwork","Network Security Group","Gets the network security group."
"""Microsoft.ClassicNetwork/networkSecurityGroups/write"",","Add Network Security Group","Microsoft ClassicNetwork","Network Security Group","Adds a new network security group."
"""Microsoft.ClassicNetwork/networkSecurityGroups/delete"",","Delete Network Security Group","Microsoft ClassicNetwork","Network Security Group","Deletes the network security group."
"""Microsoft.ClassicNetwork/networkSecurityGroups/operationStatuses/read"",","Get the Network Security Group Operation Status","Microsoft ClassicNetwork","Network Security Group Operation Status","Reads the operation status for the network security group."
"""Microsoft.ClassicNetwork/networkSecurityGroups/securityRules/read"",","Get Security Rule","Microsoft ClassicNetwork","Security Rule","Gets the security rule."
"""Microsoft.ClassicNetwork/networkSecurityGroups/securityRules/write"",","Add Security Rule","Microsoft ClassicNetwork","Security Rule","Adds or update a security rule."
"""Microsoft.ClassicNetwork/networkSecurityGroups/securityRules/delete"",","Delete Security Rule","Microsoft ClassicNetwork","Security Rule","Deletes the security rule."
"""Microsoft.ClassicNetwork/networkSecurityGroups/securityRules/operationStatuses/read"",","Get the Network Security Group Security Rules Operation Status","Microsoft ClassicNetwork","Network Security Group Security Rules Operation Status","Reads the operation status for the network security group security rules."
"""Microsoft.ClassicNetwork/quotas/read"",","Get Subscription Quota","Microsoft ClassicNetwork","Quota","Get the quota for the subscription."
"""Microsoft.Insights/AlertRules/Write"",","Alert Rule write","Microsoft Monitoring Insights","Alert Rules","Writing to an alert rule configuration"
"""Microsoft.Insights/AlertRules/Delete"",","Alert Rule delete","Microsoft Monitoring Insights","Alert Rules","Deleting an alert rule configuration"
"""Microsoft.Insights/AlertRules/Read"",","Alert Rule read","Microsoft Monitoring Insights","Alert Rules","Reading an alert rule configuration"
"""Microsoft.Insights/AlertRules/Activated/Action"",","Alert Rule activated","Microsoft Monitoring Insights","Alert Rules","Alert Rule activated"
"""Microsoft.Insights/AlertRules/Resolved/Action"",","Alert Rule resolved","Microsoft Monitoring Insights","Alert Rules","Alert Rule resolved"
"""Microsoft.Insights/AlertRules/Throttled/Action"",","Alert Rule throttled","Microsoft Monitoring Insights","Alert Rules","Alert rule is throttled"
"""Microsoft.Insights/AlertRules/Incidents/Read"",","Alert Rule Incidents read","Microsoft Monitoring Insights","Alert Rule Incident resource","Reading an alert rule incident configuration"
