"Operation","OperationName","ProviderNamespace","ResourceName","Description"
"""Microsoft.Authorization/classicAdministrators/read"",","Get administrator","Microsoft Authorization","Classic subscription administrator","Reads the administrators for the subscription."
"""Microsoft.Authorization/classicAdministrators/write"",","Set administrator","Microsoft Authorization","Classic subscription administrator","Add or modify administrator to a subscription."
"""Microsoft.Authorization/classicAdministrators/delete"",","Delete administrator","Microsoft Authorization","Classic subscription administrator","Removes the administrator from the subscription."
"""Microsoft.Authorization/locks/read"",","Get management locks","Microsoft Authorization","Management lock","Gets locks at the specified scope."
"""Microsoft.Authorization/locks/write"",","Add management locks","Microsoft Authorization","Management lock","Add locks at the specified scope."
"""Microsoft.Authorization/locks/delete"",","Delete management locks","Microsoft Authorization","Management lock","Delete locks at the specified scope."
"""Microsoft.Authorization/permissions/read"",","List permissions","Microsoft Authorization","Permission","Lists all the permissions the caller has at a given scope."
"""Microsoft.Authorization/roleDefinitions/read"",","Get role definition","Microsoft Authorization","Role definition","Get information about a role definition."
"""Microsoft.Authorization/roleDefinitions/write"",","Create or update custom role definition","Microsoft Authorization","Role definition","Create or update a custom role definition with specified permissions and assignable scopes."
"""Microsoft.Authorization/roleDefinitions/delete"",","Delete custom role definition","Microsoft Authorization","Role definition","Delete the specified custom role definition."
"""Microsoft.Authorization/providerOperations/read"",","Get operations for resource providers","Microsoft Authorization","Provider operations","Get operations for all resource providers which can be used in role definitions."
"""Microsoft.Authorization/roleAssignments/read"",","Get role assignment","Microsoft Authorization","Role assignment","Get information about a role assignment."
"""Microsoft.Authorization/roleAssignments/write"",","Create role assignment","Microsoft Authorization","Role assignment","Create a role assignment at the specified scope."
"""Microsoft.Authorization/roleAssignments/delete"",","Delete role assignment","Microsoft Authorization","Role assignment","Delete a role assignment at the specified scope."
"""Microsoft.Compute/availabilitySets/read"",","Get Availablity Set","Microsoft Compute","Availability Sets","Get the properties of an availability set"
"""Microsoft.Compute/availabilitySets/write"",","Create or Update Availability Set","Microsoft Compute","Availability Sets","Creates a new availability set or updates an existing one"
"""Microsoft.Compute/availabilitySets/delete"",","Delete Availability Set","Microsoft Compute","Availability Sets","Deletes the availability set"
"""Microsoft.Compute/availabilitySets/vmSizes/read"",","List Virtual Machine Sizes for Availability Set","Microsoft Compute","Virtual Machine Size for Availability set","List available sizes for creating or updating a virtual machine in the availability set"
"""Microsoft.Compute/locations/vmSizes/read"",","List Available Virtual Machine Sizes in Location","Microsoft Compute","Virtual Machine Sizes","Lists available virtual machine sizes in a location"
"""Microsoft.Compute/locations/usages/read"",","Get Usage Metrics","Microsoft Compute","Usage Metrics","Gets service limits and current usage quantities for the subscription's compute resources in a location"
"""Microsoft.Compute/locations/operations/read"",","Get Operation","Microsoft Compute","Operation","Gets the status of an asynchronous operation"
"""Microsoft.Compute/virtualMachines/read"",","Get Virtual Machine","Microsoft Compute","Virtual Machines","Get the properties of a virtual machine"
"""Microsoft.Compute/virtualMachines/write"",","Create or Update Virtual Machine","Microsoft Compute","Virtual Machines","Creates a new virtual machine or updates an existing virtual machine"
"""Microsoft.Compute/virtualMachines/delete"",","Delete Virtual Machine","Microsoft Compute","Virtual Machines","Deletes the virtual machine"
"""Microsoft.Compute/virtualMachines/start/action"",","Start Virtual Machine","Microsoft Compute","Virtual Machines","Starts the virtual machine"
"""Microsoft.Compute/virtualMachines/powerOff/action"",","Power Off Virtual Machine","Microsoft Compute","Virtual Machines","Powers off the virtual machine. Note that the virtual machine will continue to be billed."
"""Microsoft.Compute/virtualMachines/redeploy/action"",","Redeploy Virtual Machine","Microsoft Compute","Virtual Machines","Redeploys virtual machine"
"""Microsoft.Compute/virtualMachines/restart/action"",","Restart Virtual Machine","Microsoft Compute","Virtual Machines","Restarts the virtual machine"
"""Microsoft.Compute/virtualMachines/deallocate/action"",","Deallocate Virtual Machine","Microsoft Compute","Virtual Machines","Powers off the virtual machine and releases the compute resources"
"""Microsoft.Compute/virtualMachines/generalize/action"",","Generalize Virtual Machine","Microsoft Compute","Virtual Machines","Sets the virtual machine state to Generalized and prepares the virtual machine for capture"
"""Microsoft.Compute/virtualMachines/capture/action"",","Capture Virtual Machine","Microsoft Compute","Virtual Machines","Captures the virtual machine by copying virtual hard disks and generates a template that can be used to create similar virtual machines"
"""Microsoft.Compute/virtualMachines/vmSizes/read"",","Lists Available Virtual Machine Sizes","Microsoft Compute","Virtual Machine Size","Lists available sizes the virtual machine can be updated to"
"""Microsoft.Compute/virtualMachines/instanceView/read"",","Get Virtual Machine Instance View","Microsoft Compute","Virtual Machine Instance View","Gets the detailed runtime status of the virtual machine and its resources"
"""Microsoft.Compute/virtualMachines/extensions/read"",","Get Virtual Machine Extension","Microsoft Compute","Virtual Machine Extensions","Get the properties of a virtual machine extension"
"""Microsoft.Compute/virtualMachines/extensions/write"",","Create or Update Virtual Machine Extension","Microsoft Compute","Virtual Machine Extensions","Creates a new virtual machine extension or updates an existing one"
"""Microsoft.Compute/virtualMachines/extensions/delete"",","Delete Virtual Machine Extension","Microsoft Compute","Virtual Machine Extensions","Deletes the virtual machine extension"
"""Microsoft.Compute/virtualMachineScaleSets/read"",","Get Virtual Machine Scale Set","Microsoft Compute","Virtual Machine Scale Sets","Get the properties of a virtual machine scale set"
"""Microsoft.Compute/virtualMachineScaleSets/write"",","Create or Update Virtual Machine Scale Set","Microsoft Compute","Virtual Machine Scale Sets","Creates a new virtual machine scale set or updates an existing one"
"""Microsoft.Compute/virtualMachineScaleSets/delete"",","Delete Virtual Machine Scale Set","Microsoft Compute","Virtual Machine Scale Sets","Deletes the virtual machine scale set"
"""Microsoft.Compute/virtualMachineScaleSets/start/action"",","Start Virtual Machine Scale Set","Microsoft Compute","Virtual Machine Scale Sets","Starts the instances of the virtual machine scale set"
"""Microsoft.Compute/virtualMachineScaleSets/powerOff/action"",","Power Off Virtual Machine Scale Set","Microsoft Compute","Virtual Machine Scale Sets","Powers off the instances of the virtual machine scale set"
"""Microsoft.Compute/virtualMachineScaleSets/restart/action"",","Restart Virtual Machine Scale Set","Microsoft Compute","Virtual Machine Scale Sets","Restarts the instances of the virtual machine scale set"
"""Microsoft.Compute/virtualMachineScaleSets/deallocate/action"",","Deallocate Virtual Machine Scale Set","Microsoft Compute","Virtual Machine Scale Sets","Powers off and releases the compute resources for the instances of the virtual machine scale set "
"""Microsoft.Compute/virtualMachineScaleSets/manualUpgrade/action"",","Manual Upgrade Virtual Machine Scale Set","Microsoft Compute","Virtual Machine Scale Sets","Manually updates instances to latest model of the virtual machine scale set"
"""Microsoft.Compute/virtualMachineScaleSets/instanceView/read"",","Get Virtual Machine Scale Set Instance View","Microsoft Compute","Virtual Machine Scale Set Instance View","Gets the instance view of the virtual machine scale set"
"""Microsoft.Compute/virtualMachineScaleSets/skus/read"",","List SKUs for Virtual Machine Scale Set","Microsoft Compute","Virtual Machine Scale Set SKU","Lists the valid SKUs for an existing virtual machine scale set"
"""Microsoft.Compute/virtualMachineScaleSets/virtualMachines/read"",","Gets the properties of a Virtual Machine in a Virtual Machine Scale Set","Microsoft Compute","Virtual Machine in Scale Set","Retrieves the properties of a Virtual Machine in a VM Scale Set"
"""Microsoft.Compute/virtualMachineScaleSets/virtualMachines/delete"",","Delete Virtual Machine in a Virtual Machine Scale Set","Microsoft Compute","Virtual Machine in Scale Set","Delete a specific Virtual Machine in a VM Scale Set."
"""Microsoft.Compute/virtualMachineScaleSets/virtualMachines/start/action"",","Start Virtual Machine in a Virtual Machine Scale Set","Microsoft Compute","Virtual Machine in Scale Set","Starts a Virtual Machine instance in a VM Scale Set."
"""Microsoft.Compute/virtualMachineScaleSets/virtualMachines/powerOff/action"",","Power off Virtual Machine in a Virtual Machine Scale Set","Microsoft Compute","Virtual Machine in Scale Set","Powers Off a Virtual Machine instance in a VM Scale Set."
"""Microsoft.Compute/virtualMachineScaleSets/virtualMachines/restart/action"",","Restart Virtual Machine instance in a Virtual Machine Scale Set","Microsoft Compute","Virtual Machine in Scale Set","Restarts a Virtual Machine instance in a VM Scale Set."
"""Microsoft.Compute/virtualMachineScaleSets/virtualMachines/deallocate/action"",","Deallocate Virtual Machine in a Virtual Machine Scale Set","Microsoft Compute","Virtual Machine in Scale Set","Powers off and releases the compute resources for a Virtual Machine in a VM Scale Set."
"""Microsoft.Compute/virtualMachineScaleSets/virtualMachines/instanceView/read"",","Gets Instance View of a Virtual Machine in a Virtual Machine Scale Set","Microsoft Compute","Instance View of Virtual Machine in Scale Set","Retrieves the instance view of a Virtual Machine in a VM Scale Set."
"""Microsoft.Insights/AlertRules/Write"",","Alert Rule write","Microsoft Monitoring Insights","Alert Rules","Writing to an alert rule configuration"
"""Microsoft.Insights/AlertRules/Delete"",","Alert Rule delete","Microsoft Monitoring Insights","Alert Rules","Deleting an alert rule configuration"
"""Microsoft.Insights/AlertRules/Read"",","Alert Rule read","Microsoft Monitoring Insights","Alert Rules","Reading an alert rule configuration"
"""Microsoft.Insights/AlertRules/Activated/Action"",","Alert Rule activated","Microsoft Monitoring Insights","Alert Rules","Alert Rule activated"
"""Microsoft.Insights/AlertRules/Resolved/Action"",","Alert Rule resolved","Microsoft Monitoring Insights","Alert Rules","Alert Rule resolved"
"""Microsoft.Insights/AlertRules/Throttled/Action"",","Alert Rule throttled","Microsoft Monitoring Insights","Alert Rules","Alert rule is throttled"
"""Microsoft.Insights/AlertRules/Incidents/Read"",","Alert Rule Incidents read","Microsoft Monitoring Insights","Alert Rule Incident resource","Reading an alert rule incident configuration"
"Microsoft.Network/applicationGateways/backendAddressPools/join/action","Join Application Gateway Backend Address Pool","Microsoft Network","Application Gateway Backend Address Pool","Joins an application gateway backend address pool"
"Microsoft.Network/loadBalancers/backendAddressPools/join/action","Join Load Balancer Backend Address Pool","Microsoft Network","Load Balancer Backend Address Pool","Joins a load balancer backend address pool"
"Microsoft.Network/loadBalancers/inboundNatPools/join/action","Join Load Balancer Inbound Nat Pool","Microsoft Network","Load Balancer Inbound Nat Pool","Joins a load balancer inbound nat pool"
"Microsoft.Network/loadBalancers/inboundNatRules/join/action","Join Load Balancer Inbound Nat Rule","Microsoft Network","Load Balancer Inbound Nat Rule","Joins a load balancer inbound nat rule"
"Microsoft.Network/loadBalancers/read","Get Load Balancer","Microsoft Network","Load Balancer","Gets a load balancer definition"
"""Microsoft.Network/locations/operationResults/read"",","Get Operation Result","Microsoft Network","Operation Result","Gets operation result of an async POST or DELETE operation"
"""Microsoft.Network/locations/checkDnsNameAvailability/read"",","Check Dns Name Availability","Microsoft Network","Dns Availability Check Result","Checks if dns label is available at the specified location"
"""Microsoft.Network/locations/usages/read"",","Get Usage Metric","Microsoft Network","Usage Metric","Gets the resources usage metrics"
"""Microsoft.Network/locations/operations/read"",","Get Operation Resource","Microsoft Network","Operation","Gets operation resource that represents status of an asynchronous operation"
"""Microsoft.Network/networkInterfaces/read"",","Get Network Interface","Microsoft Network","Network Interface","Gets a network interface definition. "
"""Microsoft.Network/networkInterfaces/write"",","Create or Update Network Interface","Microsoft Network","Network Interface","Creates a network interface or updates an existing network interface. "
"""Microsoft.Network/networkInterfaces/join/action"",","Join Virtual Machine to a network interface","Microsoft Network","Network Interface","Joins a Virtual Machine to a network interface"
"""Microsoft.Network/networkInterfaces/delete"",","Delete Network Interface","Microsoft Network","Network Interface","Deletes a network interface"
"""Microsoft.Network/networkInterfaces/loadBalancers/read"",","Get Network Interface Load Balancers","Microsoft Network","Network Interface Load Balancers","Gets all the load balancers that the network interface is part of"
"Microsoft.Network/networkSecurityGroups/join/action","Join Network Security Group","Microsoft Network","Network Security Group","Joins a network security group"
"Microsoft.Network/networkSecurityGroups/read","Get Network Security Group","Microsoft Network","Network Security Group","Gets a network security group definition"
"Microsoft.Network/publicIPAddresses/join/action","Join Public Ip Address","Microsoft Network","Public Ip Address","Joins a public ip address"
"Microsoft.Network/publicIPAddresses/read","Get Public Ip Address","Microsoft Network","Public Ip Address","Gets a public ip address definition."
"Microsoft.Network/virtualNetworks/read","Get Virtual Network","Microsoft Network","Virtual Network","Get the virtual network definition"
"Microsoft.Network/virtualNetworks/subnets/join/action","Join Virtual Network","Microsoft Network","Virtual Network Subnet","Joins a virtual network"
