<!-- This XML file contains Load Balancer configuration to create new Load Balancer--> 

<FA-LB-Config>
	<Frontend-IP-Config>
		<Name>SO-1-4-FSHQ-LB-4</Name><!-- Load Balancer will be created in the VNET's location -->    
		<VNET>SO-1-4-IaaS-VN-1</VNET><!-- Specified VNET should already exist. Otherwise, script will throw error and Load balancer creation will fail. -->
		<Subnet>S-10.64.34.0-23</Subnet><!-- Specified Subnet should already exist. Otherwise, script will throw error and Load balancer creation will fail. -->			
		#<PrivateIP>10.64.34.218</PrivateIP><!-- To use Static IP allocation method, provide Private IP, else keep it blank -->
	</Frontend-IP-Config>
	
	<!-- Atleast one 'Backend-Address-Pool' node should be provided,
	because to add load balancing rule later, Backend Address Pool specification is mandatory -->
  
	<Backend-Address-Pools>		
		<Backend-Address-Pool Name="AppPool"/>
	</Backend-Address-Pools>
	
	<!-- Atleast one 'Health-Probe' node should be provided, 
	because to add load balancing rule later, Health Probe specification is mandatory -->	
  				
		<Health-Probe>		
			<Name>HTTPSProbe</Name><!-- HTTPS Health probe -->
			<Port>443</Port>
			<Interval>15</Interval>			
			<ProbeCount>2</ProbeCount>					
		</Health-Probe>
	</Health-Probes>
</FA-LB-Config>