
<!-- This XML file contains Load Balancing rules which need to be added to new Load Balancer--> 
<!--These are LB rules -->
<FA-LB-Rules>   
	<FA-LBRule>			
		<Name>App</Name>								
		<Protocol>Tcp</Protocol><!-- The acceptable values for Protocol Parameter: Tcp, Udp -->
		<FrontendPort>80</FrontendPort>
		<BackendPort>80</BackendPort>        
		<BackendAddressPoolName>AppPool</BackendAddressPoolName><!-- The Backend Address Pool should exist in Load balancer-->    
		<HealthProbeName>HTTPProbe</HealthProbeName><!-- The Health probe should exist in Load balancer-->
		<IdleTimeout>5</IdleTimeout>					
		<LoadDistribution>SourceIPProtocol</LoadDistribution><!-- The acceptable values for Load Distribution Parameter: Default, SourceIP, SourceIPProtocol -->
		<EnableFloatingIP>False</EnableFloatingIP><!-- To enable floating IP, keep EnableFloatingIP as 'True' -->					
	</FA-LBRule>
		
	<FA-LBRule>			
		<Name>SOAXApp</Name>			
		<Protocol>TCP</Protocol>
		<FrontendPort>443</FrontendPort>
		<BackendPort>443</BackendPort>
		<BackendAddressPoolName>SOAXAppPool</BackendAddressPoolName>
		<HealthProbeName>HTTPSProbe</HealthProbeName>						
		<IdleTimeout>4</IdleTimeout><!-- IdleTimeout is not applicable for UDP rule, you can keep it blank -->
		<LoadDistribution>Default</LoadDistribution><!-- Keep this default value, if you don't want to specify -->
		<EnableFloatingIP>False</EnableFloatingIP><!-- Keep this default value, if you don't want to specify -->
	</FA-LBRule>		
</FA-LB-Rules>