
<!-- This XML file contains Load Balancing rules which need to be added to new Load Balancer--> 
<!--These are LB rules -->	
	<FA-LBRule>			
		<Name>FSHQApp</Name>			
		<Protocol>TCP</Protocol>
		<FrontendPort>443</FrontendPort>
		<BackendPort>443</BackendPort>
		<BackendAddressPoolName>FSHQAppPool</BackendAddressPoolName>
		<HealthProbeName>HTTPSProbe</HealthProbeName>						
		<IdleTimeout>4</IdleTimeout><!-- IdleTimeout is not applicable for UDP rule, you can keep it blank -->
		<LoadDistribution>Default</LoadDistribution><!-- Keep this default value, if you don't want to specify -->
		<EnableFloatingIP>False</EnableFloatingIP><!-- Keep this default value, if you don't want to specify -->
	</FA-LBRule>		
</FA-LB-Rules>