FolderPath,FileSpec,FileExclusion,CleanLevel,FileAge,Recursive,DateAdded,AddedBy,Notes
C:\,*.cab,,Aggressive,7,FALSE,1/1/2018,RAmsbury,Garbage Dumped On Root
C:\,*.dll,,Aggressive,7,FALSE,1/1/2018,RAmsbury,Garbage Dumped On Root
C:\,*.ico,,Aggressive,7,FALSE,1/1/2018,RAmsbury,Garbage Dumped On Root
C:\,*.ini,,Aggressive,7,FALSE,1/1/2018,RAmsbury,Garbage Dumped On Root
C:\,*.log,,Aggressive,7,FALSE,1/1/2018,RAmsbury,Garbage Dumped On Root
C:\,*.msi,,Aggressive,7,FALSE,1/1/2018,RAmsbury,Garbage Dumped On Root
C:\,*.rnd,,Aggressive,7,FALSE,1/1/2018,RAmsbury,Garbage Dumped On Root
C:\,*.trace,,Aggressive,7,FALSE,1/1/2018,RAmsbury,Garbage Dumped On Root
C:\,*.txt,,Aggressive,7,FALSE,1/1/2018,RAmsbury,Garbage Dumped On Root
C:\,AeXNSC.exe,,Aggressive,7,FALSE,1/1/2018,RAmsbury,Altiris Installer
C:\,install*.exe,,Aggressive,7,FALSE,1/1/2018,RAmsbury,Garbage Dumped On Root
C:\,oneTouch_drive.cvf,,Aggressive,7,FALSE,1/1/2018,RAmsbury,CommVault Backup File List
C:\AeXInst,*.*,,Aggressive,7,TRUE,1/1/2018,RAmsbury,Altiris Installer
C:\CM\Logs,*.*,,Conservative,180,TRUE,1/1/2018,RAmsbury,FAST and Ingrian Logs
C:\CM\Logs,*.*,,Moderate,90,TRUE,1/1/2018,RAmsbury,FAST and Ingrian Logs
C:\CM\Logs,*.*,,Aggressive,30,TRUE,1/1/2018,RAmsbury,FAST and Ingrian Logs
C:\Config.Msi,*.*,,Aggressive,1,TRUE,1/1/2018,RAmsbury,Windows Installer Temp Extraction And Rollback
C:\cygwin\var\log,*.*,,Conservative,365,TRUE,1/1/2018,RAmsbury,Cygwin Project Log Files
C:\cygwin\var\log,*.*,,Moderate,180,TRUE,1/1/2018,RAmsbury,Cygwin Project Log Files
C:\cygwin\var\log,*.*,,Aggressive,90,TRUE,1/1/2018,RAmsbury,Cygwin Project Log Files
C:\inetpub\logs,*.*,,Conservative,365,TRUE,1/1/2018,RAmsbury,IIS Log Files
C:\inetpub\logs,*.*,,Moderate,180,TRUE,1/1/2018,RAmsbury,IIS Log Files
C:\inetpub\logs,*.*,,Aggressive,90,TRUE,1/1/2018,RAmsbury,IIS Log Files
C:\Logfiles,*.*,,Conservative,365,TRUE,1/1/2018,RAmsbury,Custom Application Logs
C:\Logfiles,*.*,,Moderate,180,TRUE,1/1/2018,RAmsbury,Custom Application Logs
C:\Logfiles,*.*,,Aggressive,90,TRUE,1/1/2018,RAmsbury,Custom Application Logs
C:\Logs,*.*,,Conservative,365,TRUE,1/1/2018,RAmsbury,Custom Application Logs
C:\Logs,*.*,,Moderate,180,TRUE,1/1/2018,RAmsbury,Custom Application Logs
C:\Logs,*.*,,Aggressive,90,TRUE,1/1/2018,RAmsbury,Custom Application Logs
C:\MSOCache,*.*,,Aggressive,30,TRUE,1/1/2018,RAmsbury,MS Office Local Install Source
C:\Program Files (x86)\Google\CrashReports,*.*,,Conservative,14,TRUE,1/1/2018,RAmsbury,Google Chrome Crash Reports
C:\Program Files (x86)\Google\CrashReports,*.*,,Moderate,7,TRUE,1/1/2018,RAmsbury,Google Chrome Crash Reports
C:\Program Files (x86)\Google\CrashReports,*.*,,Aggressive,1,TRUE,1/1/2018,RAmsbury,Google Chrome Crash Reports
C:\Program Files (x86)\Microsoft Monitoring Agent\Agent\Health Service State.old,*.*,,Conservative,7,TRUE,1/1/2018,RAmsbury,Copy Of Microsoft Monitoring Agent Service State Made By IT Operations Staff
C:\Program Files (x86)\Microsoft Monitoring Agent\Agent\Health Service State_old,*.*,,Conservative,7,TRUE,1/1/2018,RAmsbury,Copy Of Microsoft Monitoring Agent Service State Made By IT Operations Staff
C:\Program Files (x86)\Microsoft Monitoring Agent\Agent\Health Service State_old01,*.*,,Conservative,7,TRUE,1/1/2018,RAmsbury,Copy Of Microsoft Monitoring Agent Service State Made By IT Operations Staff
C:\Program Files (x86)\Microsoft Monitoring Agent\Agent\Health Service State_old1,*.*,,Conservative,7,TRUE,1/1/2018,RAmsbury,Copy Of Microsoft Monitoring Agent Service State Made By IT Operations Staff
C:\Program Files (x86)\Microsoft Monitoring Agent\Agent\Health Service State01,*.*,,Conservative,7,TRUE,1/1/2018,RAmsbury,Copy Of Microsoft Monitoring Agent Service State Made By IT Operations Staff
C:\Program Files (x86)\Tanium\Tanium Client,*.dmp,,Conservative,14,TRUE,11/19/2018,RAmsbury,Tanium Crash Dump
C:\Program Files (x86)\Tanium\Tanium Client,*.dmp,,Moderate,7,TRUE,11/19/2018,RAmsbury,Tanium Crash Dump
C:\Program Files (x86)\Tanium\Tanium Client,*.dmp,,Aggressive,1,TRUE,11/19/2018,RAmsbury,Tanium Crash Dump
C:\Program Files\Common Files\microsoft shared\Web Server Extensions\*\LOGS,*.log,,Conservative,14,FALSE,1/1/2018,RAmsbury,Sharepoint Usage Statistics (Summarized And Stored Elsewhere Every 48 Hours)
C:\Program Files\Common Files\microsoft shared\Web Server Extensions\*\LOGS,*.usage,,Conservative,14,FALSE,1/1/2018,RAmsbury,Sharepoint Usage Statistics (Summarized And Stored Elsewhere Every 48 Hours)
C:\Program Files\Common Files\Microsoft shared\Web Server Extensions\*\LOGS,*.log,,Moderate,7,TRUE,1/1/2018,RAmsbury,Sharepoint Usage Statistics (Summarized And Stored Elsewhere Every 48 Hours)
C:\Program Files\Common Files\Microsoft shared\Web Server Extensions\*\LOGS,*.usage,,Moderate,7,TRUE,1/1/2018,RAmsbury,Sharepoint Usage Statistics (Summarized And Stored Elsewhere Every 48 Hours)
C:\Program Files\Common Files\Microsoft shared\Web Server Extensions\*\LOGS,*.log,,Aggressive,1,TRUE,1/1/2018,RAmsbury,Sharepoint Usage Statistics (Summarized And Stored Elsewhere Every 48 Hours)
C:\Program Files\Common Files\Microsoft shared\Web Server Extensions\*\LOGS,*.usage,,Aggressive,1,TRUE,1/1/2018,RAmsbury,Sharepoint Usage Statistics (Summarized And Stored Elsewhere Every 48 Hours)
C:\Program Files\CommVault\Simpana\Log Files,*.*,,Conservative,28,TRUE,1/1/2018,RAmsbury,CommVault Backup Log Files
C:\Program Files\CommVault\Simpana\Log Files,*.*,,Moderate,14,TRUE,1/1/2018,RAmsbury,CommVault Backup Log Files
C:\Program Files\CommVault\Simpana\Log Files,*.*,,Aggressive,7,TRUE,1/1/2018,RAmsbury,CommVault Backup Log Files
C:\Program Files\DebugDiag\Logs,*.*,,Conservative,28,TRUE,1/1/2018,RAmsbury,Microsoft Debug Diagnostics Tool Logs
C:\Program Files\DebugDiag\Logs,*.*,,Moderate,14,TRUE,1/1/2018,RAmsbury,Microsoft Debug Diagnostics Tool Logs
C:\Program Files\DebugDiag\Logs,*.*,,Aggressive,7,TRUE,1/1/2018,RAmsbury,Microsoft Debug Diagnostics Tool Logs
C:\Program Files\EMC NetWorker\nsr\logs,*.*,,Conservative,28,TRUE,1/1/2018,RAmsbury,EMC Networker Backup Log Files
C:\Program Files\EMC NetWorker\nsr\logs,*.*,,Moderate,14,TRUE,1/1/2018,RAmsbury,EMC Networker Backup Log Files
C:\Program Files\EMC NetWorker\nsr\logs,*.*,,Aggressive,7,TRUE,1/1/2018,RAmsbury,EMC Networker Backup Log Files
C:\Program Files\Microsoft Monitoring Agent\Agent\Health Service State.old,*.*,,Conservative,7,TRUE,1/1/2018,RAmsbury,Copy Of Microsoft Monitoring Agent Service State Made By IT Operations Staff
C:\Program Files\Microsoft Monitoring Agent\Agent\Health Service State_old,*.*,,Conservative,7,TRUE,1/1/2018,RAmsbury,Copy Of Microsoft Monitoring Agent Service State Made By IT Operations Staff
C:\Program Files\Microsoft Monitoring Agent\Agent\Health Service State_old01,*.*,,Conservative,7,TRUE,1/1/2018,RAmsbury,Copy Of Microsoft Monitoring Agent Service State Made By IT Operations Staff
C:\Program Files\Microsoft Monitoring Agent\Agent\Health Service State_old1,*.*,,Conservative,7,TRUE,1/1/2018,RAmsbury,Copy Of Microsoft Monitoring Agent Service State Made By IT Operations Staff
C:\Program Files\Microsoft Monitoring Agent\Agent\Health Service State01,*.*,,Conservative,7,TRUE,1/1/2018,RAmsbury,Copy Of Microsoft Monitoring Agent Service State Made By IT Operations Staff
C:\Program Files\Microsoft SQL Server\*\Reporting Services\LogFiles,*.*,summary*.txt,Moderate,30,TRUE,1/1/2018,RAmsbury,SQL Server Reporting Services Log Files
C:\Program Files\Microsoft SQL Server\*\Reporting Services\LogFiles,*.*,summary*.txt,Aggressive,15,TRUE,1/1/2018,RAmsbury,SQL Server Reporting Services Log Files
C:\Program Files\Microsoft SQL Server\*\Setup Bootstrap\Log,*.*,summary*.txt,Conservative,30,TRUE,1/1/2018,RAmsbury,SQL Server Install And Patching Log Files
C:\Program Files\Microsoft SQL Server\*\Setup Bootstrap\Log,*.*,summary*.txt,Moderate,15,TRUE,1/1/2018,RAmsbury,SQL Server Install And Patching Log Files
C:\Program Files\Microsoft SQL Server\*\Setup Bootstrap\Log,*.*,summary*.txt,Aggressive,7,TRUE,1/1/2018,RAmsbury,SQL Server Install And Patching Log Files
C:\ProgramData\AppDynamics\DotNetAgent\Logs,*.*,,Conservative,28,TRUE,1/1/2018,RAmsbury,AppDynamics Agent Logs
C:\ProgramData\AppDynamics\DotNetAgent\Logs,*.*,,Moderate,14,TRUE,1/1/2018,RAmsbury,AppDynamics Agent Logs
C:\ProgramData\AppDynamics\DotNetAgent\Logs,*.*,,Aggressive,1,TRUE,1/1/2018,RAmsbury,AppDynamics Agent Logs
C:\ProgramData\Microsoft\Windows\WER\ReportArchive,*.*,,Conservative,14,TRUE,1/1/2018,RAmsbury,Windows Error Reporting Report Archive
C:\ProgramData\Microsoft\Windows\WER\ReportArchive,*.*,,Moderate,7,TRUE,1/1/2018,RAmsbury,Windows Error Reporting Report Archive
C:\ProgramData\Microsoft\Windows\WER\ReportArchive,*.*,,Aggressive,0,TRUE,1/1/2018,RAmsbury,Windows Error Reporting Report Archive
C:\ProgramData\Microsoft\Windows\WER\ReportQueue,*.*,,Conservative,14,TRUE,1/1/2018,RAmsbury,Windows Error Reporting Report Queue
C:\ProgramData\Microsoft\Windows\WER\ReportQueue,*.*,,Moderate,7,TRUE,1/1/2018,RAmsbury,Windows Error Reporting Report Queue
C:\ProgramData\Microsoft\Windows\WER\ReportQueue,*.*,,Aggressive,0,TRUE,1/1/2018,RAmsbury,Windows Error Reporting Report Queue
C:\ProgramData\Symantec,*.tmp,,Conservative,1,TRUE,1/1/2018,RAmsbury,Symantec Temp Migration Files
C:\ProgramData\Symantec\Definitions,*.*,,Conservative,1,TRUE,1/1/2018,RAmsbury,Old (2014) Symantec Definitions Folder
C:\ProgramData\Symantec\Symantec Agent\CrashDumps,*.*,,Conservative,14,TRUE,1/1/2018,RAmsbury,Symantec Crash Dumps
C:\ProgramData\Symantec\Symantec Agent\CrashDumps,*.*,,Moderate,7,TRUE,1/1/2018,RAmsbury,Symantec Crash Dumps
C:\ProgramData\Symantec\Symantec Agent\CrashDumps,*.*,,Aggressive,1,TRUE,1/1/2018,RAmsbury,Symantec Crash Dumps
C:\ProgramData\Windows Fabric\Fabric\log,*.*,,Conservative,90,TRUE,1/1/2018,RAmsbury,Microsoft Windows Fabric Logs
C:\ProgramData\Windows Fabric\Fabric\log,*.*,,Moderate,60,TRUE,1/1/2018,RAmsbury,Microsoft Windows Fabric Logs
C:\ProgramData\Windows Fabric\Fabric\log,*.*,,Aggressive,30,TRUE,1/1/2018,RAmsbury,Microsoft Windows Fabric Logs
C:\ProgramData\Windows Fabric\log ,*.*,,Conservative,90,TRUE,1/1/2018,RAmsbury,Microsoft Windows Fabric Logs
C:\ProgramData\Windows Fabric\log ,*.*,,Moderate,60,TRUE,1/1/2018,RAmsbury,Microsoft Windows Fabric Logs
C:\ProgramData\Windows Fabric\log ,*.*,,Aggressive,30,TRUE,1/1/2018,RAmsbury,Microsoft Windows Fabric Logs
C:\Temp,*.*,,Conservative,90,TRUE,1/1/2018,RAmsbury,Temporary Files
C:\Temp,*.*,,Moderate,30,TRUE,1/1/2018,RAmsbury,Temporary Files
C:\Temp,*.*,,Aggressive,7,TRUE,1/1/2018,RAmsbury,Temporary Files
C:\TempTemp,*.*,,Conservative,90,TRUE,1/1/2018,RAmsbury,Temporary Files
C:\TempTemp,*.*,,Moderate,30,TRUE,1/1/2018,RAmsbury,Temporary Files
C:\TempTemp,*.*,,Aggressive,7,TRUE,1/1/2018,RAmsbury,Temporary Files
C:\TEN\WebService\ElsDocsWebService\Temp,*.*,,Conservative,365,TRUE,1/1/2018,RAmsbury,Title Examiner Network (TEN) Temp Files - Vikram Pujar / Bhakti Alagur
C:\TEN\WebService\ElsDocsWebService\Temp,*.*,,Moderate,270,TRUE,1/1/2018,RAmsbury,Title Examiner Network (TEN) Temp Files - Vikram Pujar / Bhakti Alagur
C:\TEN\WebService\ElsDocsWebService\Temp,*.*,,Aggressive,180,TRUE,1/1/2018,RAmsbury,Title Examiner Network (TEN) Temp Files - Vikram Pujar / Bhakti Alagur
C:\TEN\WebSite\ElsDocsWeb\Temp,*.*,,Conservative,365,TRUE,1/1/2018,RAmsbury,Title Examiner Network (TEN) Temp Files - Vikram Pujar / Bhakti Alagur
C:\TEN\WebSite\ElsDocsWeb\Temp,*.*,,Moderate,270,TRUE,1/1/2018,RAmsbury,Title Examiner Network (TEN) Temp Files - Vikram Pujar / Bhakti Alagur
C:\TEN\WebSite\ElsDocsWeb\Temp,*.*,,Aggressive,180,TRUE,1/1/2018,RAmsbury,Title Examiner Network (TEN) Temp Files - Vikram Pujar / Bhakti Alagur
C:\TEN\WebSite\ElsDocsWeb\TempVendorDocs,*.*,,Conservative,365,TRUE,1/1/2018,RAmsbury,Title Examiner Network (TEN) Temp Files - Vikram Pujar / Bhakti Alagur
C:\TEN\WebSite\ElsDocsWeb\TempVendorDocs,*.*,,Moderate,270,TRUE,1/1/2018,RAmsbury,Title Examiner Network (TEN) Temp Files - Vikram Pujar / Bhakti Alagur
C:\TEN\WebSite\ElsDocsWeb\TempVendorDocs,*.*,,Aggressive,180,TRUE,1/1/2018,RAmsbury,Title Examiner Network (TEN) Temp Files - Vikram Pujar / Bhakti Alagur
C:\Users,*.LOG*,,Conservative,1,FALSE,1/1/2018,RAmsbury,User Profile Logs
C:\Users\*,ntuser.dat*.tm*,,Moderate,7,FALSE,1/1/2018,RAmsbury,Temp User Profile Registry Changes
C:\Users\*,ntuser.dat.LOG*,,Moderate,7,FALSE,1/1/2018,RAmsbury,Temp User Profile Registry Changes
C:\Users\*,NTUSER.DAT{*,,Moderate,7,FALSE,1/1/2018,RAmsbury,Temp User Profile Registry Changes
C:\Users\*,UsrClass.dat{*,,Moderate,7,FALSE,1/1/2018,RAmsbury,Temp User Profile Config
C:\Users\*\AppData\*,*FontCache*.dat,,Moderate,7,FALSE,1/1/2018,RAmsbury,Temp Cache File For Display Font
C:\Users\*\AppData\*\CrashDumps,*.*,,Conservative,14,TRUE,1/1/2018,RAmsbury,Per User Crash Dumps
C:\Users\*\AppData\*\CrashDumps,*.*,,Moderate,7,TRUE,1/1/2018,RAmsbury,Per User Crash Dumps
C:\Users\*\AppData\*\CrashDumps,*.*,,Aggressive,1,TRUE,1/1/2018,RAmsbury,Per User Crash Dumps
C:\Users\*\AppData\*\Temp,*.*,,Conservative,1,TRUE,1/1/2018,RAmsbury,Per User Temp
C:\Users\*\AppData\Local\Google\Chrome\User Data\Default\Cache,*.*,,Conservative,1,TRUE,1/1/2018,RAmsbury,Google Chrome Internet Cache
C:\Users\*\AppData\Local\Google\Chrome\User\Data\Default\Cache,*.*,,Conservative,1,TRUE,1/1/2018,RAmsbury,Google Chrome Internet Cache
C:\Users\*\AppData\Local\Microsoft\Internet Explorer\Recovery,*.*,,Conservative,1,TRUE,1/1/2018,RAmsbury,IE crash recovery cache
C:\Users\*\AppData\Local\Microsoft\MBSA\2.1.1\Cache,*.*,,Conservative,1,TRUE,1/1/2018,RAmsbury,Microsoft Baseline Security Analyzer Cache
C:\Users\*\AppData\Local\Microsoft\Terminal Server Client\Cache,*.*,,Conservative,1,TRUE,1/1/2018,RAmsbury,RDP Session Bitmap Cache
C:\Users\*\AppData\Local\Microsoft\Web Platform Installer\logs,*.*,,Conservative,1,TRUE,1/1/2018,RAmsbury,Windows Installer Web Platform Install Logs
C:\Users\*\AppData\Local\Microsoft\Windows,UsrClass.dat*.regtrans-ms,,Moderate,1,FALSE,1/1/2018,RAmsbury,Temp User Profile Config
C:\Users\*\AppData\Local\Microsoft\Windows,UsrClass.dat*.tm*,,Moderate,1,FALSE,1/1/2018,RAmsbury,Temp User Profile Config
C:\Users\*\AppData\Local\Microsoft\Windows,UsrClass.dat.LOG*,,Moderate,1,FALSE,1/1/2018,RAmsbury,Temp User Profile Config Logs
C:\Users\*\AppData\Local\Microsoft\Windows\Explorer,*.*,,Conservative,1,TRUE,1/1/2018,RAmsbury,Windows Explorer Cache
C:\Users\*\AppData\Local\Microsoft\Windows\INetCache\Content.IE5,*.*,,Conservative,1,TRUE,1/1/2018,RAmsbury,Windows Inet Cache
C:\Users\*\AppData\Local\Microsoft\Windows\INetCache\Content.MSO,*.*,,Conservative,1,TRUE,1/1/2018,RAmsbury,Windows Inet Cache
C:\Users\*\AppData\Local\Microsoft\Windows\INetCache\Content.Outlook,*.*,,Conservative,1,TRUE,1/1/2018,RAmsbury,Windows Inet Cache
C:\Users\*\AppData\Local\Microsoft\Windows\INetCache\Content.Word,*.*,,Conservative,1,TRUE,1/1/2018,RAmsbury,Windows Inet Cache
C:\Users\*\AppData\Local\Microsoft\Windows\INetCache\IE,*.*,,Conservative,1,TRUE,1/1/2018,RAmsbury,Windows Inet Cache
C:\Users\*\AppData\Local\Microsoft\Windows\INetCache\Low,*.*,,Conservative,1,TRUE,1/1/2018,RAmsbury,Windows Inet Cache
C:\Users\*\AppData\Local\Microsoft\Windows\INetCache\Virtualized,*.*,,Conservative,1,TRUE,1/1/2018,RAmsbury,Windows Inet Cache
C:\Users\*\AppData\Local\Microsoft\Windows\INetCache\WebTempDir,*.*,,Conservative,1,TRUE,1/1/2018,RAmsbury,Windows Inet Cache
C:\Users\*\AppData\Local\Microsoft\Windows\INetCookies,*.*,,Conservative,1,TRUE,1/1/2018,RAmsbury,Windows Inet Cache
C:\Users\*\AppData\Local\Microsoft\Windows\INetCookies\Low,*.*,,Conservative,1,TRUE,1/1/2018,RAmsbury,Windows Inet Cache
C:\Users\*\AppData\Local\Microsoft\Windows\Notifications,*.*,,Conservative,1,TRUE,1/1/2018,RAmsbury,Windows Notification Cache
C:\Users\*\AppData\Local\Microsoft\Windows\Temporary Internet Files,*.*,,Conservative,1,TRUE,1/1/2018,RAmsbury,Windows Temporary Internet Files
C:\Users\*\AppData\Local\Microsoft\Windows\Temporary Internet Files\Content.IE5,*.*,,Conservative,1,TRUE,1/1/2018,RAmsbury,Windows Temporary Internet Files
C:\Users\*\AppData\Local\Microsoft\Windows\Temporary Internet Files\Content.MSO,*.*,,Conservative,1,TRUE,1/1/2018,RAmsbury,Windows Temporary Internet Files
C:\Users\*\AppData\Local\Microsoft\Windows\Temporary Internet Files\Content.Outlook,*.*,,Conservative,1,TRUE,1/1/2018,RAmsbury,Windows Temporary Internet Files
C:\Users\*\AppData\Local\Microsoft\Windows\Temporary Internet Files\Content.Word,*.*,,Conservative,1,TRUE,1/1/2018,RAmsbury,Windows Temporary Internet Files
C:\Users\*\AppData\Local\Microsoft\Windows\Temporary Internet Files\CSTemp,*.*,,Conservative,1,TRUE,1/1/2018,RAmsbury,Windows Temporary Internet Files
C:\Users\*\AppData\Local\Microsoft\Windows\Temporary Internet Files\Virtualized,*.*,,Conservative,1,TRUE,1/1/2018,RAmsbury,Windows Temporary Internet Files
C:\Users\*\AppData\Local\Microsoft\Windows\WebCache,*.*,,Conservative,1,TRUE,1/1/2018,RAmsbury,Windows Web Cache
C:\Users\*\AppData\Local\Microsoft\Windows\WER\ERC,*.*,,Conservative,1,TRUE,1/1/2018,RAmsbury,Windows Error Reporting Cache
C:\Users\*\AppData\Local\Microsoft\Windows\WER\ReportArchive,*.*,,Conservative,14,TRUE,1/1/2018,RAmsbury,Windows Error Reporting Archive
C:\Users\*\AppData\Local\Microsoft\Windows\WER\ReportArchive,*.*,,Moderate,7,TRUE,1/1/2018,RAmsbury,Windows Error Reporting Archive
C:\Users\*\AppData\Local\Microsoft\Windows\WER\ReportArchive,*.*,,Aggressive,1,TRUE,1/1/2018,RAmsbury,Windows Error Reporting Archive
C:\Users\*\AppData\Local\Microsoft\Windows\WER\ReportQueue,*.*,,Conservative,14,TRUE,1/1/2018,RAmsbury,Windows Error Reporting Queue
C:\Users\*\AppData\Local\Microsoft\Windows\WER\ReportQueue,*.*,,Moderate,7,TRUE,1/1/2018,RAmsbury,Windows Error Reporting Queue
C:\Users\*\AppData\Local\Microsoft\Windows\WER\ReportQueue,*.*,,Aggressive,1,TRUE,1/1/2018,RAmsbury,Windows Error Reporting Queue
C:\Users\*\AppData\Local\Mozilla\Firefox\Profiles\*\Cache,*.*,,Conservative,1,TRUE,1/1/2018,RAmsbury,Firefox Cache
C:\Users\*\AppData\Local\VMware\vpx,viclient*.log,,Conservative,1,TRUE,1/1/2018,RAmsbury,Vmware Client Logs
C:\Users\*\Downloads,*.*,,Conservative,28,TRUE,1/1/2018,RAmsbury,User Profile Downloads Folder
C:\Users\*\Downloads,*.*,,Moderate,14,TRUE,1/1/2018,RAmsbury,User Profile Downloads Folder
C:\Users\*\Downloads,*.*,,Aggressive,7,TRUE,1/1/2018,RAmsbury,User Profile Downloads Folder
C:\Windows,rad*.tmp,,Conservative,7,FALSE,1/1/2018,RAmsbury,RDP Temp Connection Files
C:\Windows,*.log,,Conservative,30,FALSE,1/1/2018,RAmsbury,Log Files Left In The Windows Root Folder
C:\Windows,*.txt,,Conservative,30,FALSE,1/1/2018,RAmsbury,Log Files Left In The Windows Root Folder
C:\Windows,hprepair_*.firstam.*,,Conservative,90,FALSE,1/1/2018,RAmsbury,HP Repair Logs On Physical Servers
C:\Windows,rad*.tmp,,Moderate,1,FALSE,1/1/2018,RAmsbury,RDP Temp Connection Files
C:\Windows,*.log,,Moderate,7,FALSE,1/1/2018,RAmsbury,Log Files Left In The Windows Root Folder
C:\Windows,*.txt,,Moderate,7,FALSE,1/1/2018,RAmsbury,Log Files Left In The Windows Root Folder
C:\Windows,hprepair_*.firstam.*,,Moderate,60,FALSE,1/1/2018,RAmsbury,HP Repair Logs On Physical Servers
C:\Windows,hprepair_*.firstam.*,,Aggressive,30,FALSE,1/1/2018,RAmsbury,HP Repair Logs On Physical Servers
C:\Windows\assembly\temp,*.*,,Aggressive,1,TRUE,1/1/2018,RAmsbury,Temporary .NET Assembly Install Files
C:\Windows\CCM,*.mdmp,,Conservative,14,TRUE,1/1/2018,RAmsbury,SCCM Dump Files
C:\Windows\CCM,*.mtxt,,Conservative,14,TRUE,1/1/2018,RAmsbury,SCCM Dump Files
C:\Windows\CCM,*.mdmp,,Moderate,7,TRUE,1/1/2018,RAmsbury,SCCM Dump Files
C:\Windows\CCM,*.mtxt,,Moderate,7,TRUE,1/1/2018,RAmsbury,SCCM Dump Files
C:\Windows\CCM,*.mdmp,,Aggressive,1,TRUE,1/1/2018,RAmsbury,SCCM Dump Files
C:\Windows\CCM,*.mtxt,,Aggressive,1,TRUE,1/1/2018,RAmsbury,SCCM Dump Files
C:\Windows\CCM\Logs,*.*,,Conservative,28,TRUE,1/1/2018,RAmsbury,SCCM Log Files
C:\Windows\CCM\Logs,*.*,,Moderate,14,TRUE,1/1/2018,RAmsbury,SCCM Log Files
C:\Windows\CCM\Logs,*.*,,Aggressive,7,TRUE,1/1/2018,RAmsbury,SCCM Log Files
C:\Windows\ccmcache,*.*,,Conservative,90,TRUE,1/1/2018,RAmsbury,SCCM Cache Files
C:\Windows\ccmcache,*.*,,Moderate,60,TRUE,1/1/2018,RAmsbury,SCCM Cache Files
C:\Windows\ccmcache,*.*,,Aggressive,30,TRUE,1/1/2018,RAmsbury,SCCM Cache Files
C:\Windows\Debug,*.log,,Moderate,7,TRUE,1/1/2018,RAmsbury,Windows Debug Logs
C:\Windows\Debug,*.log,,Aggressive,1,TRUE,1/1/2018,RAmsbury,Windows Debug Logs
C:\Windows\Downloaded Program Files,*.*,,Conservative,14,TRUE,1/1/2018,RAmsbury,ActiveX Controls And Java Applets Automatically Downloaded From The Internet
C:\Windows\Downloaded Program Files,*.*,,Moderate,7,TRUE,1/1/2018,RAmsbury,ActiveX Controls And Java Applets Automatically Downloaded From The Internet
C:\Windows\DWRCS Uploads,*.*,,Conservative,28,TRUE,1/1/2018,RAmsbury,Dameware Remote Control Temp Uploads
C:\Windows\DWRCS Uploads,*.*,,Moderate,14,TRUE,1/1/2018,RAmsbury,Dameware Remote Control Temp Uploads
C:\Windows\DWRCS Uploads,*.*,,Aggressive,1,TRUE,1/1/2018,RAmsbury,Dameware Remote Control Temp Uploads
C:\Windows\HPRepair_*,*.*,,Conservative,90,TRUE,1/1/2018,RAmsbury,Temporary HP Repair Files and Logs
C:\Windows\Logs,*.*,,Conservative,28,TRUE,1/1/2018,RAmsbury,Component Setup Log
C:\Windows\Logs,*.*,,Moderate,14,TRUE,1/1/2018,RAmsbury,Component Setup Log
C:\Windows\Logs,*.*,,Aggressive,7,TRUE,1/1/2018,RAmsbury,Component Setup Log
C:\Windows\Microsoft.NET\Framework*\*\Temporary ASP.NET Files,*.*,,Conservative,14,TRUE,1/1/2018,RAmsbury,Temporary .NET Framework ASP Files
C:\Windows\Microsoft.NET\Framework*\*\Temporary ASP.NET Files,*.*,,Moderate,7,TRUE,1/1/2018,RAmsbury,Temporary .NET Framework ASP Files
C:\Windows\Microsoft.NET\Framework*\*\Temporary ASP.NET Files,*.*,,Aggressive,1,TRUE,1/1/2018,RAmsbury,Temporary .NET Framework ASP Files
C:\Windows\Minidump,*.*,,Conservative,28,TRUE,1/1/2018,RAmsbury,Windows Mini Dump File
C:\Windows\Minidump,*.*,,Moderate,14,TRUE,1/1/2018,RAmsbury,Windows Mini Dump File
C:\Windows\Minidump,*.*,,Aggressive,7,TRUE,1/1/2018,RAmsbury,Windows Mini Dump File
C:\Windows\ServiceProfiles,*.LOG*,,Aggressive,7,FALSE,1/1/2018,RAmsbury,Windows Service Profile Logs
C:\Windows\ServiceProfiles\*,ntuser.dat*.tm*,,Aggressive,7,FALSE,1/1/2018,RAmsbury,Windows Service Profile Logs
C:\Windows\ServiceProfiles\*,ntuser.dat.LOG*,,Aggressive,7,FALSE,1/1/2018,RAmsbury,Windows Service Profile Logs
C:\Windows\ServiceProfiles\*\AppData\*,*FontCache*.dat,,Aggressive,1,FALSE,1/1/2018,RAmsbury,Windows Service Profile Font Cache
C:\Windows\ServiceProfiles\*\AppData\*\Temp,*.*,,Conservative,1,TRUE,1/1/2018,RAmsbury,Windows Service Profile Temp Files
C:\Windows\ServiceProfiles\*\AppData\Local\Microsoft\Internet Explorer,*.*,,Conservative,1,TRUE,1/1/2018,RAmsbury,Windows Service Profile Internet Explorer Temp Files
C:\Windows\ServiceProfiles\*\AppData\Local\Microsoft\Terminal Server Client\Cache,*.*,,Conservative,1,TRUE,1/1/2018,RAmsbury,Windows Service Profile RDP Client Cache
C:\Windows\ServiceProfiles\*\AppData\Local\Microsoft\Windows,UsrClass.dat*.regtrans-ms,,Moderate,1,FALSE,1/1/2018,RAmsbury,Windows Service Profile User Class Logs
C:\Windows\ServiceProfiles\*\AppData\Local\Microsoft\Windows,UsrClass.dat*.tm*,,Moderate,1,FALSE,1/1/2018,RAmsbury,Windows Service Profile User Class Logs
C:\Windows\ServiceProfiles\*\AppData\Local\Microsoft\Windows,UsrClass.dat.LOG*,,Moderate,1,FALSE,1/1/2018,RAmsbury,Windows Service Profile User Class Logs
C:\Windows\ServiceProfiles\*\AppData\Local\Microsoft\Windows\Explorer,*.*,,Conservative,1,TRUE,1/1/2018,RAmsbury,
C:\Windows\ServiceProfiles\*\AppData\Local\Microsoft\Windows\INetCache\IE,*.*,,Conservative,1,TRUE,1/1/2018,RAmsbury,
C:\Windows\ServiceProfiles\*\AppData\Local\Microsoft\Windows\Notifications,*.*,,Conservative,1,TRUE,1/1/2018,RAmsbury,
C:\Windows\ServiceProfiles\*\AppData\Local\Microsoft\Windows\Temporary Internet Files,*.*,,Conservative,1,TRUE,1/1/2018,RAmsbury,
C:\Windows\ServiceProfiles\*\AppData\Local\Microsoft\Windows\Temporary Internet Files\Content.IE5,*.*,,Conservative,1,TRUE,1/1/2018,RAmsbury,
C:\Windows\ServiceProfiles\*\AppData\Local\Microsoft\Windows\Temporary Internet Files\Content.MSO,*.*,,Conservative,1,TRUE,1/1/2018,RAmsbury,
C:\Windows\ServiceProfiles\*\AppData\Local\Microsoft\Windows\Temporary Internet Files\Content.Word,*.*,,Conservative,1,TRUE,1/1/2018,RAmsbury,
C:\Windows\ServiceProfiles\*\AppData\Local\Microsoft\Windows\Temporary Internet Files\Virtualized,*.*,,Conservative,1,TRUE,1/1/2018,RAmsbury,
C:\Windows\ServiceProfiles\*\AppData\Local\Microsoft\Windows\WebCache,*.*,,Conservative,1,TRUE,1/1/2018,RAmsbury,
C:\Windows\ServiceProfiles\*\AppData\Local\Microsoft\Windows\WER\ReportArchive,*.*,,Conservative,14,TRUE,1/1/2018,RAmsbury,
C:\Windows\ServiceProfiles\*\AppData\Local\Microsoft\Windows\WER\ReportArchive,*.*,,Moderate,7,TRUE,1/1/2018,RAmsbury,
C:\Windows\ServiceProfiles\*\AppData\Local\Microsoft\Windows\WER\ReportArchive,*.*,,Aggressive,1,TRUE,1/1/2018,RAmsbury,
C:\Windows\ServiceProfiles\*\AppData\Local\Microsoft\Windows\WER\ReportQueue,*.*,,Conservative,14,TRUE,1/1/2018,RAmsbury,
C:\Windows\ServiceProfiles\*\AppData\Local\Microsoft\Windows\WER\ReportQueue,*.*,,Moderate,7,TRUE,1/1/2018,RAmsbury,
C:\Windows\ServiceProfiles\*\AppData\Local\Microsoft\Windows\WER\ReportQueue,*.*,,Aggressive,1,TRUE,1/1/2018,RAmsbury,
C:\Windows\ServiceProfiles\*\Downloads,*.*,,Conservative,28,TRUE,1/1/2018,RAmsbury,
C:\Windows\ServiceProfiles\*\Downloads,*.*,,Moderate,7,TRUE,1/1/2018,RAmsbury,
C:\Windows\ServiceProfiles\*\Downloads,*.*,,Aggressive,1,TRUE,1/1/2018,RAmsbury,
C:\Windows\SoftwareDistribution,*.*,,Conservative,28,TRUE,1/1/2018,RAmsbury,Windows Update Download Cache And Logs
C:\Windows\SoftwareDistribution,*.*,,Moderate,14,TRUE,1/1/2018,RAmsbury,Windows Update Download Cache And Logs
C:\Windows\SoftwareDistribution,*.*,,Aggressive,7,TRUE,1/1/2018,RAmsbury,Windows Update Download Cache And Logs
C:\Windows\Sysmsi\Ssee\Log,*.*,,Conservative,30,TRUE,1/1/2018,RAmsbury,Windows Internal Database Logs
C:\Windows\Sysmsi\Ssee\Log,*.*,,Moderate,14,TRUE,1/1/2018,RAmsbury,Windows Internal Database Logs
C:\Windows\Sysmsi\Ssee\Log,*.*,,Aggressive,7,TRUE,1/1/2018,RAmsbury,Windows Internal Database Logs
C:\Windows\System32\DriverStore\Temp,*.*,,Conservative,7,TRUE,1/1/2018,RAmsbury,Windows DriverStore Temp Files
C:\Windows\System32\DriverStore\Temp,*.*,,Moderate,1,TRUE,1/1/2018,RAmsbury,Windows DriverStore Temp Files
C:\Windows\System32\LogFiles,*.*,,Conservative,28,TRUE,1/1/2018,RAmsbury,Log Files Often Generated By IIS
C:\Windows\System32\LogFiles,*.*,,Moderate,14,TRUE,1/1/2018,RAmsbury,Log Files Often Generated By IIS
C:\Windows\System32\LogFiles,*.*,,Aggressive,7,TRUE,1/1/2018,RAmsbury,Log Files Often Generated By IIS
C:\Windows\System32\Spool\Printers,*.*,,Conservative,28,TRUE,1/1/2018,RAmsbury,Print Spooler Temp Print Files
C:\Windows\System32\Spool\Printers,*.*,,Moderate,14,TRUE,1/1/2018,RAmsbury,Print Spooler Temp Print Files
C:\Windows\System32\Spool\Printers,*.*,,Aggressive,7,TRUE,1/1/2018,RAmsbury,Print Spooler Temp Print Files
C:\Windows\SysWOW64\Config\SystemProfile\AppData\Local\Microsoft\Windows\Temporary Internet Files,*.*,,Conservative,1,TRUE,1/1/2018,RAmsbury,Windows Temporary Internet Files
C:\Windows\SysWOW64\Config\SystemProfile\AppData\Local\Microsoft\Windows\Temporary Internet Files\Content.IE5,*.*,,Conservative,1,TRUE,1/1/2018,RAmsbury,Windows Temporary Internet Files
C:\Windows\SysWOW64\Config\SystemProfile\AppData\Local\Microsoft\Windows\Temporary Internet Files\Content.MSO,*.*,,Conservative,1,TRUE,1/1/2018,RAmsbury,Windows Temporary Internet Files
C:\Windows\SysWOW64\Config\SystemProfile\AppData\Local\Microsoft\Windows\Temporary Internet Files\Content.Word,*.*,,Conservative,1,TRUE,1/1/2018,RAmsbury,Windows Temporary Internet Files
C:\Windows\SysWOW64\Config\SystemProfile\AppData\Local\Microsoft\Windows\Temporary Internet Files\Virtualized,*.*,,Conservative,1,TRUE,1/1/2018,RAmsbury,Windows Temporary Internet Files
C:\Windows\Temp,*.*,,Conservative,14,TRUE,1/1/2018,RAmsbury,Windows Temp
C:\Windows\Temp,*.*,,Moderate,7,TRUE,1/1/2018,RAmsbury,Windows Temp
C:\Windows\Temp,*.*,,Aggressive,1,TRUE,1/1/2018,RAmsbury,Windows Temp
C:\Windows\WID\Log,*.*,,Conservative,30,TRUE,1/1/2018,RAmsbury,Windows Internal Database Logs
C:\Windows\WID\Log,*.*,,Moderate,14,TRUE,1/1/2018,RAmsbury,Windows Internal Database Logs
C:\Windows\WID\Log,*.*,,Aggressive,7,TRUE,1/1/2018,RAmsbury,Windows Internal Database Logs
C:\WindowsAzure,*.log,,Conservative,28,FALSE,1/1/2018,RAmsbury,Windows Azure Log Files
C:\WindowsAzure,*.old,,Conservative,28,FALSE,1/1/2018,RAmsbury,Windows Azure Old Log Files
C:\WindowsAzure,*.old.*,,Conservative,28,FALSE,1/1/2018,RAmsbury,Windows Azure Old Log Files
C:\WindowsAzure,*.log,,Moderate,14,FALSE,1/1/2018,RAmsbury,Windows Azure Log Files
C:\WindowsAzure,*.old,,Moderate,14,FALSE,1/1/2018,RAmsbury,Windows Azure Old Log Files
C:\WindowsAzure,*.old.*,,Moderate,14,FALSE,1/1/2018,RAmsbury,Windows Azure Old Log Files
C:\WindowsAzure,*.log,,Aggressive,7,FALSE,1/1/2018,RAmsbury,Windows Azure Log Files
C:\WindowsAzure,*.old,,Aggressive,7,FALSE,1/1/2018,RAmsbury,Windows Azure Old Log Files
C:\WindowsAzure,*.old.*,,Aggressive,7,FALSE,1/1/2018,RAmsbury,Windows Azure Old Log Files
