"ServerName","DiskID","Status","FileSystem","BlockSizeKB","MountPath","Label","TotalGB","FreeGB","PageFileGB","DriveType","SANID","WWN","VolumeID"
"SNAVPCLSEWBD001","0","Online","NTFS","4","C:\","Windows","80","51","4","VMware Virtual disk","N/A","[6000C29DEE83C583FC38A068C3F306BE]","E0148F63-C6A8-11E8-80BB-806E6F6E6963"
"SNAVPCLSEWBD001","9","Online","NTFS","4","E:\","E_Mount","5","2","N/A","VMware Virtual disk","N/A","[6000C29D68BE626E643FA99AEA4D3540]","97C2326E-30FA-42AE-A26C-7686E71A499C"
"SNAVPCLSEWBD001","13","Online","NTFS","64","E:\EWB_Mount\EWB_CDC\","EWB_CDC","50","50","N/A","VMware Virtual disk","N/A","[6000C29191568EF5CF1F7D29523CC07C]","806AB982-7CF0-4ED6-8DDE-65AB505B0AA9"
"SNAVPCLSEWBD001","10","Online","NTFS","64","E:\EWB_Mount\EWB_Data\","EWB_Data","1024","1024","N/A","VMware Virtual disk","N/A","[6000C2965AFBA3BA15F8C93698B4E9F2]","325DAEF8-8F83-4DF2-9DC8-59FF3388C176"
"SNAVPCLSEWBD001","11","Online","NTFS","64","E:\EWB_Mount\EWB_Log\","EWB_Log","512","512","N/A","VMware Virtual disk","N/A","[6000C29B7414C0C43B519D6AC2C9312D]","DCC08A66-C978-4E8D-96BA-DFB87958EAC8"
"SNAVPCLSEWBD001","12","Online","NTFS","64","E:\EWB_Mount\EWB_Partition\","EWB_Partition","2048","2048","N/A","VMware Virtual disk","N/A","[6000C29232F6BA6BB358319E1B5934FB]","008EDF59-3F8A-426C-9939-9D2DE3A1AF36"
"SNAVPCLSEWBD001","16","Online","NTFS","64","E:\EWB_Mount\EWB_SQLData\","EWB_SQLData","20","20","N/A","VMware Virtual disk","N/A","[6000C29E320A7FF6BAD24BF627E6AF3A]","E0BC97DC-7BE1-4C6C-9B5C-FE4F00182730"
"SNAVPCLSEWBD001","14","Online","NTFS","64","E:\EWB_Mount\EWB_TempDB_Data\","EWB_TempDB_Data","150","150","N/A","VMware Virtual disk","N/A","[6000C292FC49E81AAB1441771B4E41B8]","32A40222-3BA3-4CDC-9795-2E922A7D90C9"
"SNAVPCLSEWBD001","15","Online","NTFS","64","E:\EWB_Mount\EWB_TempDB_Log\","EWB_TempDB_log","100","100","N/A","VMware Virtual disk","N/A","[6000C299E53D21E60284E90FAC93437D]","C630AE71-0A86-41FC-BA4F-AC3B49BA38A0"
"SNAVPCLSEWBD001","3","Online","NTFS","4","F:\","F_Mount","5","5","N/A","VMware Virtual disk","N/A","[6000C2945B0DAA267B3B8D26D605DA8A]","DB92A329-2A0D-43FA-9ED5-87079438387B"
"SNAVPCLSEWBD001","4","Online","NTFS","64","F:\EWBRPT_Mount\EWBRPT_Data\","EWBRPT_Data","3096","3096","N/A","VMware Virtual disk","N/A","[6000C29FB21A1720AB58D80BF51C4A2E]","03BF0F13-2626-4A18-BF14-906AD4777EDF"
"SNAVPCLSEWBD001","5","Online","NTFS","64","F:\EWBRPT_Mount\EWBRPT_Log\","EWBRPT_Log","1024","1024","N/A","VMware Virtual disk","N/A","[6000C290B9CB025CF02449BE4738BC93]","374BA216-A9F5-43F9-8CB9-B4B5C9A164C4"
"SNAVPCLSEWBD001","8","Online","NTFS","64","F:\EWBRPT_Mount\EWBRPT_SQLData\","EWBRPT_SQLData","20","20","N/A","VMware Virtual disk","N/A","[6000C29EDE3EB55CE2205FA38BC3768F]","8267DCBC-ED2C-47AC-AF60-3629F4240720"
"SNAVPCLSEWBD001","6","Online","NTFS","64","F:\EWBRPT_Mount\EWBRPT_TempDB_Data\","EWBRPT_TempDB_Data","40","40","N/A","VMware Virtual disk","N/A","[6000C295E71FBA2195909E1831C7A0D7]","7E6B498E-9B59-4A5D-A76D-2CD9C4510D2F"
"SNAVPCLSEWBD001","7","Online","NTFS","64","F:\EWBRPT_Mount\EWBRPT_TempDB_Log\","EWBRPT_TempDB_Log","10","10","N/A","VMware Virtual disk","N/A","[6000C29547A82E87A2898254EC981F53]","4A0CE821-BEDF-407B-956B-0B52E1D8141C"
"SNAVPCLSEWBD001","1","Online","NTFS","64","G:\","EWB_SQLBackup","1024","1024","N/A","VMware Virtual disk","N/A","[6000C29CC269FC3E0A9D8A9D7AAB5919]","FD267479-CA31-4C8C-B060-A2F0A117BC24"
"SNAVPCLSEWBD001","2","Online","NTFS","64","H:\","EWBRPT_SQLBackup","1024","1024","N/A","VMware Virtual disk","N/A","[6000C29A6084355A8A7974F496578E74]","F8D14939-6BE6-4598-8F22-68C70148E517"
