 <ProvisionVMs>
	<Subscription Name="SO-1-AzureSub-1" StorageAcct="soa1s1fintsa46">
		<Cloud Name="SO-1-1-FINT-CS-46" Location="West US" vNet="SO-1-1-IaaS-VN-2" Environment="FINT">
			<Defaults>
				<Config Name="DSCConfigFile" Value="\\corp.firstam.com\restricted\ServerOps-Admin\Scripts\Data\DSCXML\DSCConfig-FAST-v17.xml"/>
				<Config Name="ScriptFileName" Value="FAServerStandard.ps1"/>
				<Config Name="ScriptStorageAccount" Value="soa1s1fintsa1"/>
				<Config Name="ScriptContainer" Value="scripts"/>
				<Config Name="Owner" Value="SO"/>
				<Config Name="InstanceSize" Value="Small"/>
				<Config Name="AdminUserName" Value="faadmin"/>
				<Config Name="ImageLabel" Value="Windows Server 2012 Datacenter*"/>
				<Config Name="OSContainerPath" Value="https://soa1s1fintsa46.blob.core.windows.net/vhds/"/>
				<Config Name="DDContainerPath" Value=""/>
				<Config Name="DataDiskSize" Value=""/>
				<Config Name="LunNbr" Value=""/>
				<Config Name="SubnetName" Value="S-10.64.10.0-23"/>
				<Config Name="Domain" Value="fastts.firstam.net"/>
				<Config Name="DomainOU" Value="OU=Azure,OU=FAST Integration,DC=fastts,DC=firstam,DC=net"/>
				<Config Name="MachineTimeZone" Value="Pacific Standard Time"/>
				<Config Name="LocalSoftwareSource" Value="D:\Software"/>
				<Config Name="SoftwareSource" Value="\\azuvputlazur001.corp.firstam.com\Software"/>
				<Config Name="CentralLogTarget" Value="\\azuvputlazur001.corp.firstam.com\Logs"/>
				<Config Name="DSCSource" Value="\\azuvputlazur001.corp.firstam.com\DSCConfigs"/>
				<Config Name="CertSubjectName" Value="DSCInstall"/>
			</Defaults>
			<VMs>
				<VM Name="AZUVNADMFINT461">
					<Role Name="IIS" Version="1.0"/>
					<Config Name="InstanceSize" Value="Medium"/>
				</VM>
				<VM Name="AZUVNAUTFINT461">
					<Role Name="AUT" Version="1.0"/>
					<Config Name="InstanceSize" Value="Medium"/>
				</VM>
				<VM Name="AZUVNBATFINT461">
					<Role Name="BAT" Version="1.0"/>
					<Config Name="InstanceSize" Value="Medium"/>
				</VM>
				<VM Name="AZUVNDLVFINT461">
					<Role Name="DLV (Legacy)" Version="1.0"/>
					<Config Name="InstanceSize" Value="Small"/>
				</VM>
				<VM Name="AZUVNDLVFINT462">
					<Role Name="DLV (Legacy)" Version="1.0"/>
					<Config Name="InstanceSize" Value="Small"/>
				</VM>
				<VM Name="AZUVNDLVFINT463">
					<Role Name="DLV (Legacy)" Version="1.0"/>
					<Config Name="InstanceSize" Value="Small"/>
				</VM>
				<VM Name="AZUVNDLVFINT464">
					<Role Name="DLV (Legacy)" Version="1.0"/>
					<Config Name="InstanceSize" Value="Small"/>
				</VM>
				<VM Name="AZUVNDLVFINT465">
					<Role Name="DLV (SPDP)" Version="1.0"/>
					<Config Name="InstanceSize" Value="Large"/>
				</VM>
				<VM Name="AZUVNDRSFINT461">
					<Role Name="DRS" Version="1.0"/>
					<Config Name="InstanceSize" Value="Small"/>
				</VM>
				<VM Name="AZUVNEVTFINT461">
					<Role Name="EVT" Version="1.0"/>
					<Config Name="InstanceSize" Value="Small"/>
				</VM>
				<VM Name="AZUVNIISFINT461">
					<Role Name="IIS" Version="1.0"/>
					<Config Name="InstanceSize" Value="Medium"/>
				</VM>
				<VM Name="AZUVNINTFINT461">
					<Role Name="INT" Version="1.0"/>
					<Config Name="InstanceSize" Value="Medium"/>
				</VM>
				<VM Name="AZUVNREPFINT461">
					<Role Name="REP" Version="1.0"/>
					<Config Name="InstanceSize" Value="Medium"/>
				</VM>
				<VM Name="AZUVNSQLFINT461">
					<Role Name="SQL (FASTPROD and Workflow)" Version="2.0"/>
					<Config Name="InstanceSize" Value="Large"/>
                                        <Config Name="ImageLabel" Value="Windows Server 2012 R2 Datacenter*"/> 
					<Config Name="SubnetName" Value="S-10.64.14.0-23"/>
				</VM>
				<VM Name="AZUVNSQLFINT462">
					<Role Name="SQL (Imaging and DocPrep)" Version="2.0"/>
					<Config Name="InstanceSize" Value="Large"/>
                                        <Config Name="ImageLabel" Value="Windows Server 2012 R2 Datacenter*"/> 
					<Config Name="SubnetName" Value="S-10.64.14.0-23"/>
				</VM>
				<VM Name="AZUVNSQLFINT463">
					<Role Name="SQL (SPDP)" Version="1.0"/>
					<Config Name="InstanceSize" Value="Large"/>
					<Config Name="SubnetName" Value="S-10.64.14.0-23"/>
				</VM>
				<VM Name="AZUVNTPQFINT461">
					<Role Name="TPQ" Version="1.0"/>
					<Config Name="InstanceSize" Value="Small"/>
				</VM>
				<VM Name="AZUVNTSDFINT461">
					<Role Name="DLV (Legacy)" Version="1.0"/>
					<Config Name="InstanceSize" Value="Small"/>
				</VM>
				<VM Name="AZUVNWASFINT461">
					<Role Name="WAS (SPDP)" Version="1.0"/>
					<Config Name="InstanceSize" Value="Large"/>
				</VM>
				<VM Name="AZUVNWFEFINT461">
					<Role Name="WFE" Version="1.0"/>
					<Config Name="InstanceSize" Value="Medium"/>
				</VM>
			</VMs>
		</Cloud>
	</Subscription>
</ProvisionVMs>