 <ProvisionVMs>
	<Subscription Name="SO-1-AzureSub-1" StorageAcct="soa1s1azursa7">
		<Cloud Name="SO-1-1-AZUR-CS-7" Location="West US" vNet="SO-1-1-IaaS-VN-2" Environment="AZUR">
			<Defaults>
				<Config Name="DSCConfigFile" Value="\\corp.firstam.com\Restricted\ServerOps-Admin\Scripts\Data\DSCXML\DSCConfig-FAST-v17.xml"/>
				<Config Name="ScriptFileName" Value="FAServerStandard.ps1"/>
				<Config Name="ScriptStorageAccount" Value="soa1s1fintsa1"/>
				<Config Name="ScriptContainer" Value="scripts"/>
				<Config Name="Owner" Value="SO"/>
				<Config Name="InstanceSize" Value="Small"/>
				<Config Name="AdminUserName" Value="faadmin"/>
				<Config Name="ImageLabel" Value="Windows Server 2012 Datacenter*"/>
				<Config Name="OSContainerPath" Value="https://soa1s1azursa7.blob.core.windows.net/vhds/"/>
				<Config Name="DDContainerPath" Value=""/>
				<Config Name="DataDiskSize" Value=""/>
				<Config Name="LunNbr" Value=""/>
				<Config Name="SubnetName" Value="S-10.64.10.0-23"/>
				<Config Name="Domain" Value="corp.firstam.com"/>				
				<Config Name="DomainOU" Value="OU=Servers,OU=CIS Project,OU=PCO,OU=Development,DC=corp,DC=firstam,DC=com"/>
				<Config Name="MachineTimeZone" Value="Pacific Standard Time"/>
				<Config Name="LocalSoftwareSource" Value="D:\Software"/>
				<Config Name="SoftwareSource" Value="\\azuvputlazur001.corp.firstam.com\Software"/>
				<Config Name="CentralLogTarget" Value="\\azuvputlazur001.corp.firstam.com\Logs"/>
				<Config Name="DSCSource" Value="\\azuvputlazur001.corp.firstam.com\DSCConfigs"/>
				<Config Name="CertSubjectName" Value="DSCInstall"/>
			</Defaults>
			<VMs>
				<VM Name="AZUVNADMAZUR071">
					<Role Name="IIS" Version="2.0"/>
					<Config Name="InstanceSize" Value="A5"/>
					<Config Name="ImageLabel" Value="Windows Server 2012 R2 Datacenter*"/>
					<Config Name="SubnetName" Value="S-10.64.8.0-23"/>
				</VM>
				<VM Name="AZUVNAUTAZUR071">
					<Role Name="AUT" Version="2.0"/>
					<Config Name="InstanceSize" Value="Medium"/>
					<Config Name="ImageLabel" Value="Windows Server 2012 R2 Datacenter*"/>
				</VM>
				<VM Name="AZUVNBATAZUR071">
					<Role Name="BAT" Version="2.0"/>
					<Config Name="InstanceSize" Value="Medium"/>
					<Config Name="ImageLabel" Value="Windows Server 2012 R2 Datacenter*"/>
				</VM>
				<VM Name="AZUVNDLVAZUR071">
					<Role Name="DLV (Legacy)" Version="2.0"/>
					<Config Name="InstanceSize" Value="Small"/>
					<Config Name="ImageLabel" Value="Windows Server 2012 R2 Datacenter*"/>
				</VM>
				<VM Name="AZUVNDLVAZUR072">
					<Role Name="DLV (SPDP)" Version="2.0"/>
					<Config Name="InstanceSize" Value="Large"/>
					<Config Name="ImageLabel" Value="Windows Server 2012 R2 Datacenter*"/>
				</VM>
				<VM Name="AZUVNDRSAZUR071">
					<Role Name="DRS" Version="1.0"/>
					<Config Name="InstanceSize" Value="Small"/>
					<Config Name="ImageLabel" Value="Windows Server 2012 R2 Datacenter*"/>
				</VM>
				<VM Name="AZUVNIISAZUR071">
					<Role Name="IIS" Version="2.0"/>
					<Config Name="InstanceSize" Value="A5"/>
					<Config Name="SubnetName" Value="S-10.64.8.0-23"/>
					<Config Name="ImageLabel" Value="Windows Server 2012 R2 Datacenter*"/>
				</VM>
				<VM Name="AZUVNINTAZUR071">
					<Role Name="INT" Version="2.0"/>
					<Config Name="InstanceSize" Value="Medium"/>
					<Config Name="ImageLabel" Value="Windows Server 2012 R2 Datacenter*"/>
				</VM>
				<VM Name="AZUVNREPAZUR071">
					<Role Name="REP" Version="2.0"/>
					<Config Name="InstanceSize" Value="Medium"/>
					<Config Name="ImageLabel" Value="Windows Server 2012 R2 Datacenter*"/>
				</VM>
				<VM Name="AZUVNSQLAZUR071">
					<Role Name="SQL (FASTPROD and Workflow)" Version="2.0"/>
					<Config Name="InstanceSize" Value="Large"/>
					<Config Name="ImageLabel" Value="Windows Server 2012 R2 Datacenter*"/>
					<Config Name="SubnetName" Value="S-10.64.14.0-23"/>
				</VM>
				<VM Name="AZUVNSQLAZUR072">
					<Role Name="SQL (Imaging and DocPrep)" Version="2.0"/>
					<Config Name="InstanceSize" Value="Large"/>
					<Config Name="ImageLabel" Value="Windows Server 2012 R2 Datacenter*"/>
					<Config Name="SubnetName" Value="S-10.64.14.0-23"/>
				</VM>
				<VM Name="AZUVNSQLAZUR073">
					<Role Name="SQL (SPDP)" Version="2.0"/>
					<Config Name="InstanceSize" Value="Large"/>
					<Config Name="ImageLabel" Value="Windows Server 2012 R2 Datacenter*"/>
					<Config Name="SubnetName" Value="S-10.64.14.0-23"/>
				</VM>
				<VM Name="AZUVNTPQAZUR071">
					<Role Name="TPQ" Version="1.0"/>
					<Config Name="InstanceSize" Value="Small"/>
					<Config Name="ImageLabel" Value="Windows Server 2012 R2 Datacenter*"/>
				</VM>
				<VM Name="AZUVNTSDAZUR071">
					<Role Name="DLV (Legacy)" Version="2.0"/>
					<Config Name="InstanceSize" Value="Small"/>
					<Config Name="ImageLabel" Value="Windows Server 2012 R2 Datacenter*"/>
				</VM>
				<VM Name="AZUVNWASAZUR071">
					<Role Name="WAS (SPDP)" Version="2.0"/>
					<Config Name="InstanceSize" Value="Large"/>
					<Config Name="ImageLabel" Value="Windows Server 2012 R2 Datacenter*"/>
				</VM>
				<VM Name="AZUVNWFEAZUR071">
					<Role Name="WFE" Version="2.0"/>
					<Config Name="InstanceSize" Value="Medium"/>
					<Config Name="ImageLabel" Value="Windows Server 2012 R2 Datacenter*"/>
				</VM>
			</VMs>
		</Cloud>
	</Subscription>
</ProvisionVMs>