 <ProvisionVMs>
	<Subscription Name="SO-1-AzureSub-1" StorageAcct="soa1s1azursa96">
		<Cloud Name="SO-1-1-AZUR-CS-96" Location="West US" vNet="SO-1-1-IaaS-VN-2" Environment="AZUR">
			<Defaults>
				<Config Name="DSCConfigFile" Value="\\corp.firstam.com\restricted\ServerOps-Admin\Scripts\Data\DSCXML\DSCConfig-FAST-v17.xml"/>
				<Config Name="ScriptFileName" Value="FAServerStandard.ps1"/>
				<Config Name="ScriptStorageAccount" Value="soa1s1fintsa1"/>
				<Config Name="ScriptContainer" Value="scripts"/>
				<Config Name="Owner" Value="SO"/>
				<Config Name="InstanceSize" Value="Small"/>
				<Config Name="AdminUserName" Value="faadmin"/>
				<Config Name="ImageLabel" Value="Windows Server 2012 Datacenter*"/>
				<Config Name="OSContainerPath" Value="https://soa1s1azursa96.blob.core.windows.net/vhds/"/>
				<Config Name="DDContainerPath" Value=""/>
				<Config Name="DataDiskSize" Value=""/>
				<Config Name="LunNbr" Value=""/>
				<Config Name="SubnetName" Value="S-10.64.10.0-23"/>
				<Config Name="Domain" Value="corp.firstam.com"/>				
				<Config Name="DomainOU" Value="OU=CloudTeam,OU=Environments,OU=Servers,OU=Datacenter,DC=corp,DC=firstam,DC=com"/>
				<Config Name="MachineTimeZone" Value="Pacific Standard Time"/>
				<Config Name="LocalSoftwareSource" Value="D:\Software"/>
				<Config Name="SoftwareSource" Value="\\azuvputlazur001.corp.firstam.com\Software"/>
				<Config Name="CentralLogTarget" Value="\\azuvputlazur001.corp.firstam.com\Logs"/>
				<Config Name="DSCSource" Value="\\azuvputlazur001.corp.firstam.com\DSCConfigs"/>
				<Config Name="CertSubjectName" Value="DSCInstall"/>
			</Defaults>
			<VMs>
				<VM Name="AZUVNADMAZUR961">
					<Role Name="IIS" Version="1.0"/>
					<Config Name="InstanceSize" Value="Medium"/>
					<Config Name="SubnetName" Value="S-10.64.8.0-23"/>
				</VM>
				<VM Name="AZUVNAUTAZUR961">
					<Role Name="AUT" Version="1.0"/>
					<Config Name="InstanceSize" Value="Medium"/>
				</VM>
				<VM Name="AZUVNBATAZUR961">
					<Role Name="BAT" Version="1.0"/>
					<Config Name="InstanceSize" Value="Medium"/>
				</VM>
				<VM Name="AZUVNCHKAZUR961">
					<Role Name="CHK" Version="1.0"/>
					<Config Name="InstanceSize" Value="Medium"/>
				</VM>
				<VM Name="AZUVNDLVAZUR961">
					<Role Name="DLV (Legacy)" Version="1.0"/>
					<Config Name="InstanceSize" Value="Small"/>
				</VM>
				<VM Name="AZUVNDLVAZUR962">
					<Role Name="DLV (SPDP)" Version="1.0"/>
					<Config Name="InstanceSize" Value="Large"/>
				</VM>
				<VM Name="AZUVNDRSAZUR961">
					<Role Name="DRS" Version="1.0"/>
					<Config Name="InstanceSize" Value="Small"/>
				</VM>
				<VM Name="AZUVNIISAZUR961">
					<Role Name="IIS" Version="1.0"/>
					<Config Name="InstanceSize" Value="Medium"/>
					<Config Name="SubnetName" Value="S-10.64.8.0-23"/>
				</VM>
				<VM Name="AZUVNINTAZUR961">
					<Role Name="INT" Version="1.0"/>
					<Config Name="InstanceSize" Value="Medium"/>
				</VM>
				<VM Name="AZUVNREPAZUR961">
					<Role Name="REP" Version="1.0"/>
					<Config Name="InstanceSize" Value="Medium"/>
				</VM>
				<VM Name="AZUVNSQLAZUR961">
					<Role Name="SQL (FASTPROD and Workflow)" Version="1.0"/>
					<Config Name="InstanceSize" Value="Large"/>
					<Config Name="SubnetName" Value="S-10.64.14.0-23"/>
				</VM>
				<VM Name="AZUVNSQLAZUR962">
					<Role Name="SQL (Imaging and DocPrep)" Version="1.0"/>
					<Config Name="InstanceSize" Value="Large"/>
					<Config Name="SubnetName" Value="S-10.64.14.0-23"/>
				</VM>
				<VM Name="AZUVNSQLAZUR963">
					<Role Name="SQL (SPDP)" Version="1.0"/>
					<Config Name="InstanceSize" Value="Large"/>
					<Config Name="SubnetName" Value="S-10.64.14.0-23"/>
				</VM>
				<VM Name="AZUVNTPQAZUR961">
					<Role Name="TPQ" Version="1.0"/>
					<Config Name="InstanceSize" Value="Small"/>
				</VM>
				<VM Name="AZUVNTSDAZUR961">
					<Role Name="DLV (Legacy)" Version="1.0"/>
					<Config Name="InstanceSize" Value="Small"/>
				</VM>
				<VM Name="AZUVNWASAZUR961">
					<Role Name="WAS (SPDP)" Version="1.0"/>
					<Config Name="InstanceSize" Value="Large"/>
				</VM>
				<VM Name="AZUVNWFEAZUR961">
					<Role Name="WFE" Version="1.0"/>
					<Config Name="InstanceSize" Value="Medium"/>
				</VM>
			</VMs>
		</Cloud>
	</Subscription>
</ProvisionVMs>