 <ProvisionVMs>
	<Subscription Name="SO-1-AzureSub-1" StorageAcct="soa1s1fqaasa1">
		<Cloud Name="SO-1-1-FQAA-CS-01" Location="West US" vNet="SO-1-1-IaaS-VN-1" Environment="FINT">
			<Defaults>
				<Config Name="DSCConfigFile" Value="\\corp.firstam.com\restricted\ServerOps-Admin\Scripts\Data\DSCXML\DSCConfig-FAST-v17.xml"/>
				<Config Name="ScriptFileName" Value="FAServerStandard.ps1"/>
				<Config Name="ScriptStorageAccount" Value="soa1s1fintsa1"/>
				<Config Name="ScriptContainer" Value="scripts"/>
				<Config Name="Owner" Value="SO"/>
				<Config Name="InstanceSize" Value="Small"/>
				<Config Name="AdminUserName" Value="faadmin"/>
				<Config Name="ImageLabel" Value="Windows Server 2012 Datacenter*"/>
				<Config Name="OSContainerPath" Value="https://soa1s1fqaasa1.blob.core.windows.net/vhds/"/>
				<Config Name="DDContainerPath" Value=""/>
				<Config Name="DataDiskSize" Value=""/>
				<Config Name="LunNbr" Value=""/>
				<Config Name="SubnetName" Value="S-10.64.4.0-23"/>
				<Config Name="Domain" Value="fastts.firstam.net"/>				
				<Config Name="DomainOU" Value="OU=Azure,OU=FAST Integration,DC=fastts,DC=firstam,DC=net"/>
				<Config Name="MachineTimeZone" Value="Pacific Standard Time"/>
				<Config Name="LocalSoftwareSource" Value="D:\Software"/>
				<Config Name="SoftwareSource" Value="\\azuvputlazur001.corp.firstam.com\Software"/>
				<Config Name="CentralLogTarget" Value="\\azuvputlazur001.corp.firstam.com\Logs"/>
				<Config Name="DSCSource" Value="\\azuvputlazur001.corp.firstam.com\DSCConfigs"/>
				<Config Name="CertSubjectName" Value="DSCInstall"/>
			</Defaults>
			<VMs>
				<VM Name="AZUVNAUTFQAA001">
					<Role Name="AUT" Version="1.0"/>
					<Config Name="InstanceSize" Value="Medium"/>
				</VM>
				<VM Name="AZUVNAUTFQAA002">
					<Role Name="AUT" Version="1.0"/>
					<Config Name="InstanceSize" Value="Medium"/>
				</VM>
				<VM Name="AZUVNAUTFQAA003">
					<Role Name="AUT" Version="1.0"/>
					<Config Name="InstanceSize" Value="Medium"/>
				</VM>
				<VM Name="AZUVNAUTFQAA004">
					<Role Name="AUT" Version="1.0"/>
					<Config Name="InstanceSize" Value="Medium"/>
				</VM>
				<VM Name="AZUVNAUTFQAA005">
					<Role Name="AUT" Version="1.0"/>
					<Config Name="InstanceSize" Value="Medium"/>
				</VM>
				<VM Name="AZUVNAUTFQAA006">
					<Role Name="AUT" Version="1.0"/>
					<Config Name="InstanceSize" Value="Medium"/>
				</VM>
				<VM Name="AZUVNAUTFQAA007">
					<Role Name="AUT" Version="1.0"/>
					<Config Name="InstanceSize" Value="Medium"/>
				</VM>
				<VM Name="AZUVNAUTFQAA008">
					<Role Name="AUT" Version="1.0"/>
					<Config Name="InstanceSize" Value="Medium"/>
				</VM>
				<VM Name="AZUVNAUTFQAA009">
					<Role Name="AUT" Version="1.0"/>
					<Config Name="InstanceSize" Value="Medium"/>
				</VM>
				<VM Name="AZUVNAUTFQAA010">
					<Role Name="AUT" Version="1.0"/>
					<Config Name="InstanceSize" Value="Medium"/>
				</VM>
				<VM Name="AZUVNAUTFQAA011">
					<Role Name="AUT" Version="1.0"/>
					<Config Name="InstanceSize" Value="Medium"/>
				</VM>
				<VM Name="AZUVNAUTFQAA012">
					<Role Name="AUT" Version="1.0"/>
					<Config Name="InstanceSize" Value="Medium"/>
				</VM>
				<VM Name="AZUVNAUTFQAA013">
					<Role Name="AUT" Version="1.0"/>
					<Config Name="InstanceSize" Value="Medium"/>
				</VM>
				<VM Name="AZUVNAUTFQAA014">
					<Role Name="AUT" Version="1.0"/>
					<Config Name="InstanceSize" Value="Medium"/>
				</VM>
				<VM Name="AZUVNAUTFQAA015">
					<Role Name="AUT" Version="1.0"/>
					<Config Name="InstanceSize" Value="Medium"/>
				</VM>
				<VM Name="AZUVNAUTFQAA016">
					<Role Name="AUT" Version="1.0"/>
					<Config Name="InstanceSize" Value="Medium"/>
				</VM>
				<VM Name="AZUVNAUTFQAA017">
					<Role Name="AUT" Version="1.0"/>
					<Config Name="InstanceSize" Value="Medium"/>
				</VM>
				<VM Name="AZUVNAUTFQAA018">
					<Role Name="AUT" Version="1.0"/>
					<Config Name="InstanceSize" Value="Medium"/>
				</VM>
				<VM Name="AZUVNAUTFQAA019">
					<Role Name="AUT" Version="1.0"/>
					<Config Name="InstanceSize" Value="Medium"/>
				</VM>
				<VM Name="AZUVNAUTFQAA020">
					<Role Name="AUT" Version="1.0"/>
					<Config Name="InstanceSize" Value="Medium"/>
				</VM>
			</VMs>
		</Cloud>
	</Subscription>
</ProvisionVMs>