<ProvisionVMs>
	<Subscription Name="SO-1-AzureSub-1" StorageAcct="soa1s1azursa94">
		<Cloud Name="SO-1-1-AZUR-CS-94" Location="West US" vNet="SO-1-1-PaaS-VN-2" Environment="AZUR">
			<Defaults>
				<Config Name="DSCConfigFile" Value="\\corp.firstam.com\restricted\ServerOps-Admin\Scripts\Data\DSCXML\DSCConfig-FAST-v17.xml"/>
				<Config Name="ScriptFileName" Value="FAServerStandard.ps1"/>
				<Config Name="ScriptStorageAccount" Value="soa1s1fintsa1"/>
				<Config Name="ScriptContainer" Value="scripts"/>
				<Config Name="Owner" Value="SO"/>
				<Config Name="InstanceSize" Value="Small"/>
				<Config Name="AdminUserName" Value="faadmin"/>
				<Config Name="ImageLabel" Value="Windows Server 2012 Datacenter*"/>
				<Config Name="OSContainerPath" Value="https://soa1s1azursa94.blob.core.windows.net/vhds/"/>
				<Config Name="DDContainerPath" Value=""/>
				<Config Name="DataDiskSize" Value=""/>
				<Config Name="LunNbr" Value=""/>
				<Config Name="SubnetName" Value="S-10.64.16.0-23"/>
				<Config Name="Domain" Value="corp.firstam.com"/>				
				<Config Name="DomainOU" Value="OU=CloudTeam,OU=Environments,OU=Servers,OU=Datacenter,DC=corp,DC=firstam,DC=com"/>
				<Config Name="MachineTimeZone" Value="Pacific Standard Time"/>
				<Config Name="LocalSoftwareSource" Value="D:\Software"/>
				<Config Name="SoftwareSource" Value="\\azuvputlazur001.corp.firstam.com\Software"/>
				<Config Name="CentralLogTarget" Value="\\azuvputlazur001.corp.firstam.com\Logs"/>
				<Config Name="DSCSource" Value="\\azuvputlazur001.corp.firstam.com\DSCConfigs"/>
				<Config Name="CertSubjectName" Value="DSCInstall"/>
			</Defaults>
			<VMs>
				<VM Name="AZUVNADMAZUR941">
					<Role Name="IIS" Version="1.0"/>
					<Config Name="InstanceSize" Value="Large"/>
				</VM>
			</VMs>
		</Cloud>
	</Subscription>
</ProvisionVMs>