<ProvisionVMs>
    <Subscription Name="SO-1-AzureSub-1" StorageAcct="soa1s1wlnksa1">
        <Cloud Name="SO-1-1-WLNK-CS-1" Location="West US" vNet="SO-1-1-IaaS-VN-2" Environment="WLNK">
            <Defaults>
                <Config Name="DSCConfigFile" Value="\\corp.firstam.com\restricted\ServerOps-Admin\Scripts\Data\DSCXML\DSCConfig-FAST-v17.xml"/>
                <Config Name="ScriptFileName" Value="FAServerStandard.ps1"/>
                <Config Name="ScriptStorageAccount" Value="soa1s1fintsa1"/>
                <Config Name="ScriptContainer" Value="scripts"/>
                <Config Name="Owner" Value="SO"/>
                <Config Name="InstanceSize" Value="Small"/>
                <Config Name="AdminUserName" Value="faadmin"/>
                <Config Name="ImageLabel" Value="Windows Server 2012 Datacenter*"/>
                <Config Name="OSContainerPath" Value="https://soa1s1wlnksa1.blob.core.windows.net/vhds/"/>
                <Config Name="DDContainerPath" Value=""/>
                <Config Name="DataDiskSize" Value=""/>
                <Config Name="LunNbr" Value=""/>
                <Config Name="SubnetName" Value="S-10.64.12.0-23"/>
                <Config Name="Domain" Value="fastts.firstam.net"/>              
                <Config Name="DomainOU" Value="OU=Azure,OU=FAST Integration,DC=fastts,DC=firstam,DC=net"/>
                <Config Name="MachineTimeZone" Value="Pacific Standard Time"/>
                <Config Name="LocalSoftwareSource" Value="D:\Software"/>
                <Config Name="SoftwareSource" Value="\\azuvputlazur001.corp.firstam.com\Software"/>
                <Config Name="CentralLogTarget" Value="\\azuvputlazur001.corp.firstam.com\Logs"/>
                <Config Name="DSCSource" Value="\\azuvputlazur001.corp.firstam.com\DSCConfigs"/>
                <Config Name="CertSubjectName" Value="DSCInstall"/>
            </Defaults>
            <VMs>
                <VM Name="AZUVNADMWLNK011">
                    <Role Name="IIS" Version="1.0"/>
                    <Config Name="InstanceSize" Value="Medium"/>
                    <Config Name="SubnetName" Value="S-10.64.8.0-23"/>
                </VM>
                <VM Name="AZUVNBATWLNK011">
                    <Role Name="BAT" Version="1.0"/>
                    <Config Name="InstanceSize" Value="Medium"/>
                </VM>
                <VM Name="AZUVNDLVWLNK011">
                    <Role Name="DLV (Legacy)" Version="1.0"/>
                    <Config Name="InstanceSize" Value="Small"/>
                </VM>
                <VM Name="AZUVNDLVWLNK012">
                    <Role Name="DLV (SPDP)" Version="1.0"/>
                    <Config Name="InstanceSize" Value="Large"/>
                </VM>
                <VM Name="AZUVNDRSWLNK011">
                    <Role Name="DRS" Version="1.0"/>
                    <Config Name="InstanceSize" Value="Small"/>
                </VM>
                <VM Name="AZUVNIISWLNK011">
                    <Role Name="IIS" Version="1.0"/>
                    <Config Name="InstanceSize" Value="Medium"/>
                    <Config Name="SubnetName" Value="S-10.64.8.0-23"/>
                </VM>
                <VM Name="AZUVNINTWLNK011">
                    <Role Name="INT" Version="1.0"/>
                    <Config Name="InstanceSize" Value="Medium"/>
                </VM>
				<VM Name="AZUVNREPWLNK011">
					<Role Name="REP" Version="1.0"/>
					<Config Name="InstanceSize" Value="Medium"/>
				</VM>
                <VM Name="AZUVNSQLWLNK011">
                    <Role Name="SQL (FASTPROD and Workflow)" Version="1.0"/>
                    <Config Name="InstanceSize" Value="Large"/>
                    <Config Name="SubnetName" Value="S-10.64.14.0-23"/>
                </VM>
                <VM Name="AZUVNSQLWLNK012">
                    <Role Name="SQL (Imaging and DocPrep)" Version="1.0"/>
                    <Config Name="InstanceSize" Value="Large"/>
                    <Config Name="SubnetName" Value="S-10.64.14.0-23"/>
                </VM>
                <VM Name="AZUVNSQLWLNK013">
                    <Role Name="SQL (SPDP)" Version="1.0"/>
                    <Config Name="InstanceSize" Value="Large"/>
                    <Config Name="SubnetName" Value="S-10.64.14.0-23"/>
                </VM>
                <VM Name="AZUVNTPQWLNK011">
                    <Role Name="TPQ" Version="1.0"/>
                    <Config Name="InstanceSize" Value="Small"/>
                </VM>
                <VM Name="AZUVNTSDWLNK011">
                    <Role Name="DLV (Legacy)" Version="1.0"/>
                    <Config Name="InstanceSize" Value="Small"/>
                </VM>
                <VM Name="AZUVNWASWLNK011">
                    <Role Name="WAS (SPDP)" Version="1.0"/>
                    <Config Name="InstanceSize" Value="Large"/>
                </VM>
                <VM Name="AZUVNWFEWLNK011">
                    <Role Name="WFE" Version="1.0"/>
                    <Config Name="InstanceSize" Value="Medium"/>
                </VM>
            </VMs>
        </Cloud>
    </Subscription>
</ProvisionVMs>
