 <ProvisionVMs>
	<Subscription Name="SO-1-AzureSub-1" StorageAcct="soa1s1fintsa30">
		<Cloud Name="SO-1-1-FINT-CS-30" Location="West US" vNet="SO-1-1-IaaS-VN-1" Environment="FINT">
			<Defaults>
				<Config Name="DSCConfigFile" Value="\\corp.firstam.com\restricted\ServerOps-Admin\Scripts\Data\DSCXML\DSCConfig-FAST-v17.xml"/>
				<Config Name="ScriptFileName" Value="FAServerStandard.ps1"/>
				<Config Name="ScriptStorageAccount" Value="soa1s1fintsa1"/>
				<Config Name="ScriptContainer" Value="scripts"/>
				<Config Name="Owner" Value="SO"/>
				<Config Name="InstanceSize" Value="Small"/>
				<Config Name="AdminUserName" Value="faadmin"/>
				<Config Name="ImageLabel" Value="Windows Server 2012 Datacenter*"/>
				<Config Name="OSContainerPath" Value="https://soa1s1fintsa30.blob.core.windows.net/vhds/"/>
				<Config Name="DDContainerPath" Value=""/>
				<Config Name="DataDiskSize" Value=""/>
				<Config Name="LunNbr" Value=""/>
				<Config Name="SubnetName" Value="S-10.64.4.0-23"/>
				<Config Name="Domain" Value="fastts.firstam.net"/>				
				<Config Name="DomainOU" Value="OU=Azure,OU=FAST Integration,DC=fastts,DC=firstam,DC=net"/>
				<Config Name="MachineTimeZone" Value="Pacific Standard Time"/>
				<Config Name="LocalSoftwareSource" Value="C:\Software"/>
				<Config Name="SoftwareSource" Value="\\azuvputlazur001.corp.firstam.com\Software"/>
				<Config Name="CentralLogTarget" Value="\\azuvputlazur001.corp.firstam.com\Logs"/>
				<Config Name="DSCSource" Value="\\azuvputlazur001.corp.firstam.com\DSCConfigs"/>
				<Config Name="CertSubjectName" Value="DSCInstall"/>
			</Defaults>
			<VMs>
				<VM Name="AZUVNADMFINT301">
					<Role Name="IIS" Version="1.0"/>
					<Config Name="InstanceSize" Value="Medium"/>
				</VM>
				<VM Name="AZUVNAUTFINT301">
					<Role Name="AUT" Version="1.0"/>
					<Config Name="InstanceSize" Value="Medium"/>
				</VM>
				<VM Name="AZUVNBATFINT301">
					<Role Name="BAT" Version="1.0"/>
					<Config Name="InstanceSize" Value="Medium"/>
				</VM>
				<VM Name="AZUVNDLVFINT301">
					<Role Name="DLV (Legacy)" Version="1.0"/>
					<Config Name="InstanceSize" Value="Small"/>
				</VM>
				<VM Name="AZUVNDLVFINT302">
					<Role Name="DLV (Legacy)" Version="1.0"/>
					<Config Name="InstanceSize" Value="Small"/>
				</VM>
				<VM Name="AZUVNDLVFINT303">
					<Role Name="DLV (Legacy)" Version="1.0"/>
					<Config Name="InstanceSize" Value="Small"/>
				</VM>
				<VM Name="AZUVNDLVFINT304">
					<Role Name="DLV (Legacy)" Version="1.0"/>
					<Config Name="InstanceSize" Value="Small"/>
				</VM>
				<VM Name="AZUVNDLVFINT305">
					<Role Name="DLV (SPDP)" Version="1.0"/>
					<Config Name="InstanceSize" Value="Large"/>
				</VM>
				<VM Name="AZUVNDRSFINT301">
					<Role Name="DRS" Version="1.0"/>
					<Config Name="InstanceSize" Value="Small"/>
				</VM>
				<VM Name="AZUVNEVTFINT301">
					<Role Name="EVT" Version="1.0"/>
					<Config Name="InstanceSize" Value="Small"/>
				</VM>
				<VM Name="AZUVNIISFINT301">
					<Role Name="IIS" Version="1.0"/>
					<Config Name="InstanceSize" Value="Medium"/>
				</VM>
				<VM Name="AZUVNINTFINT301">
					<Role Name="INT" Version="1.0"/>
					<Config Name="InstanceSize" Value="Medium"/>
				</VM>
				<VM Name="AZUVNREPFINT301">
					<Role Name="REP" Version="1.0"/>
					<Config Name="InstanceSize" Value="Medium"/>
				</VM>
				<VM Name="AZUVNSQLFINT301">
					<Role Name="SQL (FASTPROD and Workflow)" Version="1.0"/>
					<Config Name="InstanceSize" Value="Large"/>
					<Config Name="SubnetName" Value="S-10.64.6.0-23"/>
				</VM>
				<VM Name="AZUVNSQLFINT302">
					<Role Name="SQL (Imaging and DocPrep)" Version="1.0"/>
					<Config Name="InstanceSize" Value="Large"/>
					<Config Name="SubnetName" Value="S-10.64.6.0-23"/>
				</VM>
				<VM Name="AZUVNSQLFINT303">
					<Role Name="SQL (SPDP)" Version="1.0"/>
					<Config Name="InstanceSize" Value="Large"/>
					<Config Name="SubnetName" Value="S-10.64.6.0-23"/>
				</VM>
				<VM Name="AZUVNTPQFINT301">
					<Role Name="TPQ" Version="1.0"/>
					<Config Name="InstanceSize" Value="Small"/>
				</VM>
				<VM Name="AZUVNTSDFINT301">
					<Role Name="DLV (Legacy)" Version="1.0"/>
					<Config Name="InstanceSize" Value="Small"/>
				</VM>
				<VM Name="AZUVNWASFINT301">
					<Role Name="WAS (SPDP)" Version="1.0"/>
					<Config Name="InstanceSize" Value="Large"/>
				</VM>
				<VM Name="AZUVNWFEFINT301">
					<Role Name="WFE" Version="1.0"/>
					<Config Name="InstanceSize" Value="Medium"/>
				</VM>
			</VMs>
		</Cloud>
	</Subscription>
</ProvisionVMs>