 <ProvisionVMs>
	<Subscription Name="SO-1-AzureSub-1" StorageAcct="soa1s1gffasa1">
		<Cloud Name="SO-1-1-GFFA-CS-1" Location="West US" vNet="SO-1-1-IaaS-VN-2" Environment="GFFA">
			<Defaults>
				<Config Name="DSCConfigFile" Value="\\corp.firstam.com\Restricted\ServerOps-Admin\Scripts\Data\DSCXML\DSCConfig-GFFA-v1.xml"/>
				<Config Name="ScriptFileName" Value="FAServerStandard.ps1"/>
				<Config Name="ScriptStorageAccount" Value="soa1s1fintsa1"/>
				<Config Name="ScriptContainer" Value="scripts"/>
				<Config Name="Owner" Value="SO"/>
				<Config Name="InstanceSize" Value="Standard_F2"/>
				<Config Name="AdminUserName" Value="faadmin"/>
				<Config Name="ImageLabel" Value="Windows Server 2008 R2 SP1*"/>
				<Config Name="OSContainerPath" Value="https://soa1s1gffasa1.blob.core.windows.net/vhds/"/>
				<Config Name="DDContainerPath" Value=""/>
				<Config Name="DataDiskSize" Value=""/>
				<Config Name="LunNbr" Value=""/>
				<Config Name="SubnetName" Value="S-10.64.10.0-23"/>
				<Config Name="Domain" Value="corp.firstam.com"/>				
				<Config Name="DomainOU" Value="OU=SNA,OU=PRES,OU=Environments,OU=Servers,OU=Datacenter,DC=corp,DC=firstam,DC=com"/>
				<Config Name="MachineTimeZone" Value="Pacific Standard Time"/>
				<Config Name="LocalSoftwareSource" Value="D:\Software"/>
				<Config Name="SoftwareSource" Value="\\azuvputlazur001.corp.firstam.com\Software"/>
				<Config Name="CentralLogTarget" Value="\\azuvputlazur001.corp.firstam.com\Logs"/>
				<Config Name="DSCSource" Value="\\azuvputlazur001.corp.firstam.com\DSCConfigs"/>
				<Config Name="CertSubjectName" Value="DSCInstall"/>
			</Defaults>
			<VMs>
				<VM Name="AZUVNAPPGFFA001">
					<Role Name="STD" Version="1.0"/>
				</VM>
				<VM Name="AZUVNSQLGFFA001">
					<Role Name="STD" Version="1.0"/>
					<Config Name="SubnetName" Value="S-10.64.14.0-23"/>
				</VM>
			</VMs>
		</Cloud>
	</Subscription>
</ProvisionVMs>