
<!-- This XML file contains FA specific NSG rules which need to be added to and new NSG which is created--> 
<!-- This file contains list of such 'Inbound' and 'Outbound' NSG rules -->
 
<FA-NSG-Rules>
    <!--These are NSG Inbound rules -->
	<Inbound-Rules>
		<FA-InboundRule>
			<!-- This rule allows RDP access on port '3389' from RFC1918 address space '10.0.0.0/8' -->
			<Name>RDP_RFC1918-1</Name>
			<Description> Allows RDP only from RFC1918 address space </Description>
			<Protocol>*</Protocol>
			<SourcePortRange>*</SourcePortRange>
			<DestinationPortRange>3389</DestinationPortRange>
			<SourceAddressPrefix>10.0.0.0/8</SourceAddressPrefix>
			<DestinationAddressPrefix>*</DestinationAddressPrefix>
			<Access>Allow</Access>
			<Priority>500</Priority>
			<Direction>Inbound</Direction>
		</FA-InboundRule>
		
		<FA-InboundRule>
			<!-- This rule allows RDP access on port '3389' from RFC1918 address space '172.16.0.0/12' -->
			<Name>RDP_RFC1918-2</Name>
			<Description>Allows RDP only from RFC1918 address space</Description>
			<Protocol>*</Protocol>
			<SourcePortRange>*</SourcePortRange>
			<DestinationPortRange>3389</DestinationPortRange>
			<SourceAddressPrefix>172.16.0.0/12</SourceAddressPrefix>
			<DestinationAddressPrefix>*</DestinationAddressPrefix>
			<Access>Allow</Access>
			<Priority>501</Priority>
			<Direction>Inbound</Direction>
		</FA-InboundRule>
		
		<FA-InboundRule>
			<!-- This rule allows RDP access on port '3389' from RFC1918 address space '192.168.0.0/16' -->
			<Name>RDP_RFC1918-3</Name>
			<Description> Allows RDP only from RFC1918 address space </Description>
			<Protocol>*</Protocol>
			<SourcePortRange>*</SourcePortRange>
			<DestinationPortRange>3389</DestinationPortRange>
			<SourceAddressPrefix>192.168.0.0/16</SourceAddressPrefix>
			<DestinationAddressPrefix>*</DestinationAddressPrefix>
			<Access>Allow</Access>
			<Priority>502</Priority>
			<Direction>Inbound</Direction>
		</FA-InboundRule>
		
		
		
	
	</Inbound-Rules>
	
	<!-- These are NSG Outbound rules-->
	<Outbound-Rules>
		<FA-OutboundRule>
			<!-- This rule allows outgoing traffic from all the addresses to  RFC1918 address space '10.0.0.0/8' -->
			<Name>OUT_RFC1918-1</Name>
			<Description> Allows outgoing traffic to RFC1918 address space </Description>
			<Protocol>*</Protocol>
			<SourcePortRange>*</SourcePortRange>
			<DestinationPortRange>*</DestinationPortRange>
			<SourceAddressPrefix>*</SourceAddressPrefix>
			<DestinationAddressPrefix>10.0.0.0/8</DestinationAddressPrefix>
			<Access>Allow</Access>
			<Priority>500</Priority>
			<Direction>Outbound</Direction>
		</FA-OutboundRule>
		
		<FA-OutboundRule>
			<!-- This rule allows outgoing traffic from all the addresses to  RFC1918 address space '172.16.0.0/12' -->
			<Name>OUT_RFC1918-2</Name>
			<Description> Allows outgoing traffic to RFC1918 address space </Description>
			<Protocol>*</Protocol>
			<SourcePortRange>*</SourcePortRange>
			<DestinationPortRange>*</DestinationPortRange>
			<SourceAddressPrefix>*</SourceAddressPrefix>
			<DestinationAddressPrefix>172.16.0.0/12</DestinationAddressPrefix>
			<Access>Allow</Access>
			<Priority>501</Priority>
			<Direction>Outbound</Direction>
		</FA-OutboundRule>
		
		<FA-OutboundRule>
			<!-- This rule allows outgoing traffic from all the addresses to  RFC1918 address space '192.168.0.0/16' -->
			<Name>OUT_RFC1918-3</Name>
			<Description> Allows outgoing traffic to RFC1918 address space </Description>
			<Protocol>*</Protocol>
			<SourcePortRange>*</SourcePortRange>
			<DestinationPortRange>*</DestinationPortRange>
			<SourceAddressPrefix>*</SourceAddressPrefix>
			<DestinationAddressPrefix>192.168.0.0/16</DestinationAddressPrefix>
			<Access>Allow</Access>
			<Priority>502</Priority>
			<Direction>Outbound</Direction>
		</FA-OutboundRule>
	</Outbound-Rules>
     
</FA-NSG-Rules>



