
<!-- This XML file contains FA specific NSG rules which need to be added to and new NSG which is created--> 
<!-- This file contains list of such 'Inbound' and 'Outbound' NSG rules -->
 
<FA-NSG-Rules>
    <!--These are NSG Inbound rules -->
	<Inbound-Rules>
		<FA-InboundRule>
			<!-- This rule allows HTTP access on port 80 from the Internet to the Azure External LB -->
			<Name>HTTP-Allow-Internet</Name>
			<Description> Allows HTTP from the Internet to LB</Description>
			<Protocol>TCP</Protocol>
			<SourcePortRange>80</SourcePortRange>
			<DestinationPortRange>80</DestinationPortRange>
			<SourceAddressPrefix>Internet</SourceAddressPrefix>
			<DestinationAddressPrefix>137.135.53.221</DestinationAddressPrefix>
			<Access>Allow</Access>
			<Priority>100</Priority>
			<Direction>Inbound</Direction>
		</FA-InboundRule>
		
		<FA-InboundRule>
			<!-- This rule allows HTTPS access on port 443 from the Internet to the Azure External LB -->
			<Name>HTTPS-Allow-Internet</Name>
			<Description>Allows HTTPS from the Internet to LB </Description>
			<Protocol>TCP</Protocol>
			<SourcePortRange>443</SourcePortRange>
			<DestinationPortRange>443</DestinationPortRange>
			<SourceAddressPrefix>Internet</SourceAddressPrefix>
			<DestinationAddressPrefix>137.135.53.221</DestinationAddressPrefix>
			<Access>Allow</Access>
			<Priority>101</Priority>
			<Direction>Inbound</Direction>
		</FA-InboundRule>
		
		<FA-InboundRule>
			<!-- This rule allows HTTP access on port 80 from FA India to eth3 on the Palo Alto -->
			<Name>HTTP-Allow-India1</Name>
			<Description> Allows HTTP from FA India to eth3 on the Palo Alto</Description>
			<Protocol>TCP</Protocol>
			<SourcePortRange>80</SourcePortRange>
			<DestinationPortRange>80</DestinationPortRange>
			<SourceAddressPrefix>203.16.165.129</SourceAddressPrefix>
			<DestinationAddressPrefix>10.64.190.200</DestinationAddressPrefix>
			<Access>Allow</Access>
			<Priority>102</Priority>
			<Direction>Inbound</Direction>
		</FA-InboundRule>

		<FA-InboundRule>
			<!-- This rule allows HTTPS access on port 443 from FA India to eth3 on the Palo Alto -->
			<Name>HTTPS-Allow-India1</Name>
			<Description> Allows HTTPS from FA India to eth3 on the Palo Alto</Description>
			<Protocol>TCP</Protocol>
			<SourcePortRange>443</SourcePortRange>
			<DestinationPortRange>443</DestinationPortRange>
			<SourceAddressPrefix>203.16.165.129</SourceAddressPrefix>
			<DestinationAddressPrefix>10.64.190.200</DestinationAddressPrefix>
			<Access>Allow</Access>
			<Priority>103</Priority>
			<Direction>Inbound</Direction>
		</FA-InboundRule>

		<FA-InboundRule>
			<!-- This rule allows HTTP access on port 80 from FA India to eth3 on the Palo Alto -->
			<Name>HTTP-Allow-India2</Name>
			<Description> Allows HTTP from FA India to eth3 on the Palo Alto</Description>
			<Protocol>TCP</Protocol>
			<SourcePortRange>80</SourcePortRange>
			<DestinationPortRange>80</DestinationPortRange>
			<SourceAddressPrefix>203.16.165.130</SourceAddressPrefix>
			<DestinationAddressPrefix>10.64.190.200</DestinationAddressPrefix>
			<Access>Allow</Access>
			<Priority>104</Priority>
			<Direction>Inbound</Direction>
		</FA-InboundRule>

		<FA-InboundRule>
			<!-- This rule allows HTTPS access on port 443 from FA India to eth3 on the Palo Alto -->
			<Name>HTTPS-Allow-India2</Name>
			<Description> Allows HTTPS from FA India to eth3 on the Palo Alto</Description>
			<Protocol>TCP</Protocol>
			<SourcePortRange>443</SourcePortRange>
			<DestinationPortRange>443</DestinationPortRange>
			<SourceAddressPrefix>203.16.165.130</SourceAddressPrefix>
			<DestinationAddressPrefix>10.64.190.200</DestinationAddressPrefix>
			<Access>Allow</Access>
			<Priority>105</Priority>
			<Direction>Inbound</Direction>
		</FA-InboundRule>

		<FA-InboundRule>
			<!-- This rule allows HTTP access on port 80 from FA Torrance to eth3 on the Palo Alto -->
			<Name>HTTP-Allow-Torrance1</Name>
			<Description> Allows HTTP from FA Torrance to eth3 on the Palo Alto</Description>
			<Protocol>TCP</Protocol>
			<SourcePortRange>80</SourcePortRange>
			<DestinationPortRange>80</DestinationPortRange>
			<SourceAddressPrefix>65.216.122.124</SourceAddressPrefix>
			<DestinationAddressPrefix>10.64.190.200</DestinationAddressPrefix>
			<Access>Allow</Access>
			<Priority>106</Priority>
			<Direction>Inbound</Direction>
		</FA-InboundRule>

		<FA-InboundRule>
			<!-- This rule allows HTTPS access on port 443 from FA Torrance to eth3 on the Palo Alto -->
			<Name>HTTPS-Allow-Torrance1</Name>
			<Description> Allows HTTPS from FA Torrance to eth3 on the Palo Alto</Description>
			<Protocol>TCP</Protocol>
			<SourcePortRange>443</SourcePortRange>
			<DestinationPortRange>443</DestinationPortRange>
			<SourceAddressPrefix>65.216.122.124</SourceAddressPrefix>
			<DestinationAddressPrefix>10.64.190.200</DestinationAddressPrefix>
			<Access>Allow</Access>
			<Priority>107</Priority>
			<Direction>Inbound</Direction>
		</FA-InboundRule>

		<FA-InboundRule>
			<!-- This rule allows HTTP access on port 80 from FA Torrance to eth3 on the Palo Alto -->
			<Name>HTTP-Allow-Torrance2</Name>
			<Description> Allows HTTP from FA Torrance to eth3 on the Palo Alto</Description>
			<Protocol>TCP</Protocol>
			<SourcePortRange>80</SourcePortRange>
			<DestinationPortRange>80</DestinationPortRange>
			<SourceAddressPrefix>65.216.122.125</SourceAddressPrefix>
			<DestinationAddressPrefix>10.64.190.200</DestinationAddressPrefix>
			<Access>Allow</Access>
			<Priority>108</Priority>
			<Direction>Inbound</Direction>
		</FA-InboundRule>

		<FA-InboundRule>
			<!-- This rule allows HTTPS access on port 443 from FA Torrance to eth3 on the Palo Alto -->
			<Name>HTTPS-Allow-Torrance2</Name>
			<Description> Allows HTTPS from FA Torrance to eth3 on the Palo Alto</Description>
			<Protocol>TCP</Protocol>
			<SourcePortRange>443</SourcePortRange>
			<DestinationPortRange>443</DestinationPortRange>
			<SourceAddressPrefix>65.216.122.125</SourceAddressPrefix>
			<DestinationAddressPrefix>10.64.190.200</DestinationAddressPrefix>
			<Access>Allow</Access>
			<Priority>109</Priority>
			<Direction>Inbound</Direction>
		</FA-InboundRule>

		<FA-InboundRule>
			<!-- This rule allows HTTP access on port 80 from FA Torrance to eth3 on the Palo Alto -->
			<Name>HTTP-Allow-Torrance3</Name>
			<Description> Allows HTTP from FA Torrance to eth3 on the Palo Alto</Description>
			<Protocol>TCP</Protocol>
			<SourcePortRange>80</SourcePortRange>
			<DestinationPortRange>80</DestinationPortRange>
			<SourceAddressPrefix>65.216.122.126</SourceAddressPrefix>
			<DestinationAddressPrefix>10.64.190.200</DestinationAddressPrefix>
			<Access>Allow</Access>
			<Priority>110</Priority>
			<Direction>Inbound</Direction>
		</FA-InboundRule>

		<FA-InboundRule>
			<!-- This rule allows HTTPS access on port 443 from FA Torrance to eth3 on the Palo Alto -->
			<Name>HTTPS-Allow-Torrance3</Name>
			<Description> Allows HTTPS from FA Torrance to eth3 on the Palo Alto</Description>
			<Protocol>TCP</Protocol>
			<SourcePortRange>443</SourcePortRange>
			<DestinationPortRange>443</DestinationPortRange>
			<SourceAddressPrefix>65.216.122.126</SourceAddressPrefix>
			<DestinationAddressPrefix>10.64.190.200</DestinationAddressPrefix>
			<Access>Allow</Access>
			<Priority>111</Priority>
			<Direction>Inbound</Direction>
		</FA-InboundRule>

		<FA-InboundRule>
			<!-- This rule allows HTTP access on port 80 from FA Westmont to eth3 on the Palo Alto -->
			<Name>HTTP-Allow-Westmont1</Name>
			<Description> Allows HTTP from FA Torrance to eth3 on the Palo Alto</Description>
			<Protocol>TCP</Protocol>
			<SourcePortRange>80</SourcePortRange>
			<DestinationPortRange>80</DestinationPortRange>
			<SourceAddressPrefix>65.216.70.60</SourceAddressPrefix>
			<DestinationAddressPrefix>10.64.190.200</DestinationAddressPrefix>
			<Access>Allow</Access>
			<Priority>112</Priority>
			<Direction>Inbound</Direction>
		</FA-InboundRule>

		<FA-InboundRule>
			<!-- This rule allows HTTPS access on port 443 from FA Westmont to eth3 on the Palo Alto -->
			<Name>HTTPS-Allow-Westmont1</Name>
			<Description> Allows HTTPS from FA Torrance to eth3 on the Palo Alto</Description>
			<Protocol>TCP</Protocol>
			<SourcePortRange>443</SourcePortRange>
			<DestinationPortRange>443</DestinationPortRange>
			<SourceAddressPrefix>65.216.70.60</SourceAddressPrefix>
			<DestinationAddressPrefix>10.64.190.200</DestinationAddressPrefix>
			<Access>Allow</Access>
			<Priority>113</Priority>
			<Direction>Inbound</Direction>
		</FA-InboundRule>

		<FA-InboundRule>
			<!-- This rule allows HTTP access on port 80 from FA Westmont to eth3 on the Palo Alto -->
			<Name>HTTP-Allow-Westmont2</Name>
			<Description> Allows HTTP from FA Torrance to eth3 on the Palo Alto</Description>
			<Protocol>TCP</Protocol>
			<SourcePortRange>80</SourcePortRange>
			<DestinationPortRange>80</DestinationPortRange>
			<SourceAddressPrefix>65.216.70.61</SourceAddressPrefix>
			<DestinationAddressPrefix>10.64.190.200</DestinationAddressPrefix>
			<Access>Allow</Access>
			<Priority>114</Priority>
			<Direction>Inbound</Direction>
		</FA-InboundRule>

		<FA-InboundRule>
			<!-- This rule allows HTTPS access on port 443 from FA Westmont to eth3 on the Palo Alto -->
			<Name>HTTPS-Allow-Westmont2</Name>
			<Description> Allows HTTPS from FA Torrance to eth3 on the Palo Alto</Description>
			<Protocol>TCP</Protocol>
			<SourcePortRange>443</SourcePortRange>
			<DestinationPortRange>443</DestinationPortRange>
			<SourceAddressPrefix>65.216.70.61</SourceAddressPrefix>
			<DestinationAddressPrefix>10.64.190.200</DestinationAddressPrefix>
			<Access>Allow</Access>
			<Priority>115</Priority>
			<Direction>Inbound</Direction>
		</FA-InboundRule>

		<FA-InboundRule>
			<!-- This rule allows HTTP access on port 80 from FA Westmont to eth3 on the Palo Alto -->
			<Name>HTTP-Allow-Westmont3</Name>
			<Description> Allows HTTP from FA Torrance to eth3 on the Palo Alto</Description>
			<Protocol>TCP</Protocol>
			<SourcePortRange>80</SourcePortRange>
			<DestinationPortRange>80</DestinationPortRange>
			<SourceAddressPrefix>65.216.70.62</SourceAddressPrefix>
			<DestinationAddressPrefix>10.64.190.200</DestinationAddressPrefix>
			<Access>Allow</Access>
			<Priority>116</Priority>
			<Direction>Inbound</Direction>
		</FA-InboundRule>

		<FA-InboundRule>
			<!-- This rule allows HTTPS access on port 443 from FA Westmont to eth3 on the Palo Alto -->
			<Name>HTTPS-Allow-Westmont3</Name>
			<Description> Allows HTTPS from FA Torrance to eth3 on the Palo Alto</Description>
			<Protocol>TCP</Protocol>
			<SourcePortRange>443</SourcePortRange>
			<DestinationPortRange>443</DestinationPortRange>
			<SourceAddressPrefix>65.216.70.62</SourceAddressPrefix>
			<DestinationAddressPrefix>10.64.190.200</DestinationAddressPrefix>
			<Access>Allow</Access>
			<Priority>117</Priority>
			<Direction>Inbound</Direction>
		</FA-InboundRule>

		<FA-InboundRule>
			<!-- This rule allows HTTP access on port 80 from FA SNA to eth3 on the Palo Alto -->
			<Name>HTTP-Allow-SNA1</Name>
			<Description> Allows HTTP from FA SNA to eth3 on the Palo Alto</Description>
			<Protocol>TCP</Protocol>
			<SourcePortRange>80</SourcePortRange>
			<DestinationPortRange>80</DestinationPortRange>
			<SourceAddressPrefix>65.203.150.126</SourceAddressPrefix>
			<DestinationAddressPrefix>10.64.190.200</DestinationAddressPrefix>
			<Access>Allow</Access>
			<Priority>118</Priority>
			<Direction>Inbound</Direction>
		</FA-InboundRule>

		<FA-InboundRule>
			<!-- This rule allows HTTPS access on port 443 from FA SNA to eth3 on the Palo Alto -->
			<Name>HTTPS-Allow-SNA1</Name>
			<Description> Allows HTTPS from FA SNA to eth3 on the Palo Alto</Description>
			<Protocol>TCP</Protocol>
			<SourcePortRange>443</SourcePortRange>
			<DestinationPortRange>443</DestinationPortRange>
			<SourceAddressPrefix>65.203.150.126</SourceAddressPrefix>
			<DestinationAddressPrefix>10.64.190.200</DestinationAddressPrefix>
			<Access>Allow</Access>
			<Priority>119</Priority>
			<Direction>Inbound</Direction>
		</FA-InboundRule>

		<FA-InboundRule>
			<!-- This rule allows HTTP access on port 80 from FA SNA to eth3 on the Palo Alto -->
			<Name>HTTP-Allow-SNA2</Name>
			<Description> Allows HTTP from FA SNA to eth3 on the Palo Alto</Description>
			<Protocol>TCP</Protocol>
			<SourcePortRange>80</SourcePortRange>
			<DestinationPortRange>80</DestinationPortRange>
			<SourceAddressPrefix>65.203.150.125</SourceAddressPrefix>
			<DestinationAddressPrefix>10.64.190.200</DestinationAddressPrefix>
			<Access>Allow</Access>
			<Priority>120</Priority>
			<Direction>Inbound</Direction>
		</FA-InboundRule>

		<FA-InboundRule>
			<!-- This rule allows HTTPS access on port 443 from FA SNA to eth3 on the Palo Alto -->
			<Name>HTTPS-Allow-SNA2</Name>
			<Description> Allows HTTPS from FA SNA to eth3 on the Palo Alto</Description>
			<Protocol>TCP</Protocol>
			<SourcePortRange>443</SourcePortRange>
			<DestinationPortRange>443</DestinationPortRange>
			<SourceAddressPrefix>65.203.150.125</SourceAddressPrefix>
			<DestinationAddressPrefix>10.64.190.200</DestinationAddressPrefix>
			<Access>Allow</Access>
			<Priority>121</Priority>
			<Direction>Inbound</Direction>
		</FA-InboundRule>

		<FA-InboundRule>
			<!-- This rule allows HTTP access on port 80 from FA SNA to eth3 on the Palo Alto -->
			<Name>HTTP-Allow-SNA3</Name>
			<Description> Allows HTTP from FA SNA to eth3 on the Palo Alto</Description>
			<Protocol>TCP</Protocol>
			<SourcePortRange>80</SourcePortRange>
			<DestinationPortRange>80</DestinationPortRange>
			<SourceAddressPrefix>65.247.37.30</SourceAddressPrefix>
			<DestinationAddressPrefix>10.64.190.200</DestinationAddressPrefix>
			<Access>Allow</Access>
			<Priority>122</Priority>
			<Direction>Inbound</Direction>
		</FA-InboundRule>

		<FA-InboundRule>
			<!-- This rule allows HTTPS access on port 443 from FA SNA to eth3 on the Palo Alto -->
			<Name>HTTPS-Allow-SNA3</Name>
			<Description> Allows HTTPS from FA SNA to eth3 on the Palo Alto</Description>
			<Protocol>TCP</Protocol>
			<SourcePortRange>443</SourcePortRange>
			<DestinationPortRange>443</DestinationPortRange>
			<SourceAddressPrefix>65.247.37.30</SourceAddressPrefix>
			<DestinationAddressPrefix>10.64.190.200</DestinationAddressPrefix>
			<Access>Allow</Access>
			<Priority>123</Priority>
			<Direction>Inbound</Direction>
		</FA-InboundRule>

		<FA-InboundRule>
			<!-- This rule allows HTTP access on port 80 from FA SNA to eth3 on the Palo Alto -->
			<Name>HTTP-Allow-SNA4</Name>
			<Description> Allows HTTP from FA SNA to eth3 on the Palo Alto</Description>
			<Protocol>TCP</Protocol>
			<SourcePortRange>80</SourcePortRange>
			<DestinationPortRange>80</DestinationPortRange>
			<SourceAddressPrefix>65.247.37.119</SourceAddressPrefix>
			<DestinationAddressPrefix>10.64.190.200</DestinationAddressPrefix>
			<Access>Allow</Access>
			<Priority>124</Priority>
			<Direction>Inbound</Direction>
		</FA-InboundRule>

		<FA-InboundRule>
			<!-- This rule allows HTTPS access on port 443 from FA SNA to eth3 on the Palo Alto -->
			<Name>HTTPS-Allow-SNA4</Name>
			<Description> Allows HTTPS from FA SNA to eth3 on the Palo Alto</Description>
			<Protocol>TCP</Protocol>
			<SourcePortRange>443</SourcePortRange>
			<DestinationPortRange>443</DestinationPortRange>
			<SourceAddressPrefix>65.247.37.119</SourceAddressPrefix>
			<DestinationAddressPrefix>10.64.190.200</DestinationAddressPrefix>
			<Access>Allow</Access>
			<Priority>125</Priority>
			<Direction>Inbound</Direction>
		</FA-InboundRule>

		<FA-InboundRule>
			<!-- This rule allows HTTP access on port 80 from FA CAR to eth3 on the Palo Alto -->
			<Name>HTTP-Allow-CAR1</Name>
			<Description> Allows HTTP from FA CAR to eth3 on the Palo Alto</Description>
			<Protocol>TCP</Protocol>
			<SourcePortRange>80</SourcePortRange>
			<DestinationPortRange>80</DestinationPortRange>
			<SourceAddressPrefix>65.210.204.7</SourceAddressPrefix>
			<DestinationAddressPrefix>10.64.190.200</DestinationAddressPrefix>
			<Access>Allow</Access>
			<Priority>126</Priority>
			<Direction>Inbound</Direction>
		</FA-InboundRule>

		<FA-InboundRule>
			<!-- This rule allows HTTPS access on port 443 from FA CAR to eth3 on the Palo Alto -->
			<Name>HTTPS-Allow-CAR1</Name>
			<Description> Allows HTTPS from FA CAR to eth3 on the Palo Alto</Description>
			<Protocol>TCP</Protocol>
			<SourcePortRange>443</SourcePortRange>
			<DestinationPortRange>443</DestinationPortRange>
			<SourceAddressPrefix>65.210.204.7</SourceAddressPrefix>
			<DestinationAddressPrefix>10.64.190.200</DestinationAddressPrefix>
			<Access>Allow</Access>
			<Priority>127</Priority>
			<Direction>Inbound</Direction>
		</FA-InboundRule>

		<FA-InboundRule>
			<!-- This rule allows HTTP access on port 80 from FA CAR to eth3 on the Palo Alto -->
			<Name>HTTP-Allow-CAR2</Name>
			<Description> Allows HTTP from FA CAR to eth3 on the Palo Alto</Description>
			<Protocol>TCP</Protocol>
			<SourcePortRange>80</SourcePortRange>
			<DestinationPortRange>80</DestinationPortRange>
			<SourceAddressPrefix>65.210.204.254</SourceAddressPrefix>
			<DestinationAddressPrefix>10.64.190.200</DestinationAddressPrefix>
			<Access>Allow</Access>
			<Priority>128</Priority>
			<Direction>Inbound</Direction>
		</FA-InboundRule>

		<FA-InboundRule>
			<!-- This rule allows HTTPS access on port 443 from FA CAR to eth3 on the Palo Alto -->
			<Name>HTTPS-Allow-CAR2</Name>
			<Description> Allows HTTPS from FA CAR to eth3 on the Palo Alto</Description>
			<Protocol>TCP</Protocol>
			<SourcePortRange>443</SourcePortRange>
			<DestinationPortRange>443</DestinationPortRange>
			<SourceAddressPrefix>65.210.204.254</SourceAddressPrefix>
			<DestinationAddressPrefix>10.64.190.200</DestinationAddressPrefix>
			<Access>Allow</Access>
			<Priority>129</Priority>
			<Direction>Inbound</Direction>
		</FA-InboundRule>

		<FA-InboundRule>
			<!-- This rule allows HTTP access on port 80 from FA CAR to eth3 on the Palo Alto -->
			<Name>HTTP-Allow-CAR3</Name>
			<Description> Allows HTTP from FA CAR to eth3 on the Palo Alto</Description>
			<Protocol>TCP</Protocol>
			<SourcePortRange>80</SourcePortRange>
			<DestinationPortRange>80</DestinationPortRange>
			<SourceAddressPrefix>69.87.0.20</SourceAddressPrefix>
			<DestinationAddressPrefix>10.64.190.200</DestinationAddressPrefix>
			<Access>Allow</Access>
			<Priority>130</Priority>
			<Direction>Inbound</Direction>
		</FA-InboundRule>

		<FA-InboundRule>
			<!-- This rule allows HTTPS access on port 443 from FA CAR to eth3 on the Palo Alto -->
			<Name>HTTPS-Allow-CAR3</Name>
			<Description> Allows HTTPS from FA CAR to eth3 on the Palo Alto</Description>
			<Protocol>TCP</Protocol>
			<SourcePortRange>443</SourcePortRange>
			<DestinationPortRange>443</DestinationPortRange>
			<SourceAddressPrefix>69.87.0.20</SourceAddressPrefix>
			<DestinationAddressPrefix>10.64.190.200</DestinationAddressPrefix>
			<Access>Allow</Access>
			<Priority>131</Priority>
			<Direction>Inbound</Direction>
		</FA-InboundRule>

	</Inbound-Rules>
	<Outbound-Rules>
	</Outbound-Rules>
	
</FA-NSG-Rules>