﻿<?xml version="1.0" encoding="utf-8"?>

<!--This XML file contains sample alert rules for following resources-->
<!-- 1.Storage account.
	  2.Virtual machine.
	  3.Azure SQL Database.
	  4.Azure SQL Elastic Pool.
	  
	  Add/Remove/Modify rules with appropriate Metric names for the respective resources.
	  Each resource has its own set of metrics for which alert rules can be added. -->

<FAAlertRules>
  <Rule>
    <Name>Test Rule-storage</Name>
    <Description>This is test rule from PowerShell for storage account</Description>
    <ResourceGroup>PU-1-1-AZUR-RG-7</ResourceGroup>
    <ResourceName>teststr</ResourceName>
    <ResourceType>Storage</ResourceType> <!-- Acceptable values for 'ResourceType' are : 'Storage', 'VirtualMachine', 'SQLDB', 'SQLElasticPool' -->
    <Metric>Success</Metric>
    <Operator>GreaterThan</Operator> <!-- Acceptable values for 'Operator' are : GreaterThan, GreaterThanOrEqual, LessThan, LessThanOrEqual -->
    <TimeAggregationOperator>Average</TimeAggregationOperator> <!-- Acceptable values for 'TimeAggregationOperator' are : Average, Last, Maximum, Minimum, Total -->
    <Threshold>5</Threshold>
    <Period>00:05:00</Period>
    <AdditionalAdministrators>priyanka_makhija@persistent.co.in</AdditionalAdministrators>
  </Rule>
  <Rule>
    <Name>Test Rule-VM</Name>
    <Description>This is test rule from PowerShell for Virtual machine</Description>
    <ResourceGroup>SD-1-1-AZUR-RG-75</ResourceGroup>
    <ResourceName>Tesd-FA-VM7</ResourceName>
    <ResourceType>VirtualMachine</ResourceType> <!-- Acceptable values for 'ResourceType' are : 'Storage', 'VirtualMachine', 'SQLDB', 'SQLElasticPool' -->
    <Metric>\Process(_Total)\Thread Count</Metric>
    <Operator>GreaterThan</Operator> <!-- Acceptable values for 'Operator' are : GreaterThan, GreaterThanOrEqual, LessThan, LessThanOrEqual -->
    <TimeAggregationOperator>Average</TimeAggregationOperator> <!-- Acceptable values for 'TimeAggregationOperator' are : Average, Last, Maximum, Minimum, Total -->
    <Threshold>3</Threshold>
    <Period>00:05:00</Period>
    <AdditionalAdministrators>priyanka_makhija@persistent.co.in;bhushan_gawale@persistent.co.in;mandar_bhingarkar@persistent.co.in</AdditionalAdministrators>
  </Rule>
  <Rule>
    <Name>Test Rule-SQL DB</Name>
    <Description>This is test rule from PowerShell for SQL DB</Description>
    <ResourceGroup>SD-1-1-AZUR-RG-58</ResourceGroup>
    <ResourceName>so-1-1-azur-ss-9/database2</ResourceName>
    <ResourceType>SQLDB</ResourceType>  <!-- Acceptable values for 'ResourceType' are : 'Storage', 'VirtualMachine', 'SQLDB', 'SQLElasticPool' -->
    <Metric>connection_successful</Metric>
    <Operator>GreaterThan</Operator> <!-- Acceptable values for 'Operator' are : GreaterThan, GreaterThanOrEqual, LessThan, LessThanOrEqual -->
    <TimeAggregationOperator>Average</TimeAggregationOperator> <!-- Acceptable values for 'TimeAggregationOperator' are : Average, Last, Maximum, Minimum, Total -->
    <Threshold>2</Threshold>
    <Period>00:05:00</Period>
    <AdditionalAdministrators>priyanka_makhija@persistent.co.in;bhushan_gawale@persistent.co.in</AdditionalAdministrators>
  </Rule>
  <Rule>
    <Name>Test Rule-SQL Elastic Pool </Name>
    <Description>This is test rule from PowerShell for SQL Elastic pool</Description>
    <ResourceGroup>SD-1-1-AZUR-RG-58</ResourceGroup>
    <ResourceName>so-1-1-azur-ss-9/elasticpool2</ResourceName>
    <ResourceType>SQLElasticPool</ResourceType> <!-- Acceptable values for 'ResourceType' are : 'Storage', 'VirtualMachine', 'SQLDB', 'SQLElasticPool' -->
    <Metric>cpu_percent</Metric>
    <Operator>GreaterThan</Operator> <!-- Acceptable values for 'Operator' are : GreaterThan, GreaterThanOrEqual, LessThan, LessThanOrEqual -->
    <TimeAggregationOperator>Average</TimeAggregationOperator> <!-- Acceptable values for 'TimeAggregationOperator' are : Average, Last, Maximum, Minimum, Total -->
    <Threshold>2</Threshold>
    <Period>00:05:00</Period>
    <AdditionalAdministrators>priyanka_makhija@persistent.co.in;bhushan_gawale@persistent.co.in</AdditionalAdministrators>
  </Rule>
  <Rule>
    <Name>Test Rule-App Service Environment Sneh Front End</Name>
    <Description>This is test rule from PowerShell for App Service Environment Sneh Front End</Description>
    <ResourceGroup>AS-1-1-AZUR-RG-25</ResourceGroup>
    <ResourceName>snehEnvironment/multiRolePools/default</ResourceName>
    <ResourceType>AppServiceEnvironment</ResourceType>
    <Metric>BytesSent</Metric>
    <Operator>GreaterThan</Operator> <!-- Acceptable values for 'Operator' are : GreaterThan, GreaterThanOrEqual, LessThan, LessThanOrEqual -->
    <TimeAggregationOperator>Average</TimeAggregationOperator> <!-- Acceptable values for 'TimeAggregationOperator' are : Average, Last, Maximum, Minimum, Total -->
    <Threshold>2</Threshold>
    <Period>00:05:00</Period>
    <AdditionalAdministrators>snehal_desai@persistent.co.in;bhushan_gawale@persistent.co.in</AdditionalAdministrators>
  </Rule>
  <Rule>
    <Name>Test Rule-Redis cache</Name>
    <Description>This is test rule from PowerShell for Redis cache</Description>
    <ResourceGroup>RJ-1-1-AZUR-RG-1</ResourceGroup>
    <ResourceName>fa-redis9</ResourceName>
    <ResourceType>RedisCache</ResourceType>
    <Metric>percentProcessorTime2</Metric>
    <Operator>GreaterThan</Operator> <!-- Acceptable values for 'Operator' are : GreaterThan, GreaterThanOrEqual, LessThan, LessThanOrEqual -->
    <TimeAggregationOperator>Average</TimeAggregationOperator> <!-- Acceptable values for 'TimeAggregationOperator' are : Average, Last, Maximum, Minimum, Total -->
    <Threshold>2</Threshold>
    <Period>00:05:00</Period>
    <AdditionalAdministrators>snehal_desai@persistent.co.in;priyanka_makhija@persistent.co.in</AdditionalAdministrators>
  </Rule>
</FAAlertRules>
