<!-- This XML file contains Endpoints configuration for traffic manager profile -->
<FA-TrafficManager-Endpoints>   
	<!-- These are Azure endpoints (Types of target resources: Public IP Address, Cloud Service, App Service)-->
	<Azure-Endpoints>
		<Endpoint>			
			<Name>endpt1</Name>										
			<TargetResourceName>TestFA-VM1-PIP19</TargetResourceName>
			<ResourceGroupNameOfTargetResource>SO-1-1-AZUR-RG-82</ResourceGroupNameOfTargetResource>   
			<TargetResourceType>PublicIPAddress</TargetResourceType><!-- Valid values are: PublicIPAddress, CloudService, AppService 
																	     If invalid value is given, endpoint will be skipped-->
			<Status>Enabled</Status><!-- Valid values are: Enabled, Disabled-->
			<Priority>1</Priority><!-- Valid values are: 1 to 1000 (inclusive)
									  Used for the traffic manager with 'Priority' traffic routing method,
									  If not given, next available priority number will be used-->
			<Weight>1</Weight><!-- Valid values are: 1 to 1000 (inclusive)
							      Used for the traffic manager with 'Weighted' traffic routing method,
								  If not given, Weight '1' will be used-->
		</Endpoint>	
		<Endpoint>			
			<Name>endpt2</Name>										
			<TargetResourceName>TestFA-VM1-PIP19</TargetResourceName>
			<ResourceGroupNameOfTargetResource>SO-2-1-AZUR-RG-10</ResourceGroupNameOfTargetResource>   
			<TargetResourceType>PublicIPAddress</TargetResourceType>
			<Status>Enabled</Status>
			<Priority></Priority>
			<Weight></Weight>
		</Endpoint>		
	</Azure-Endpoints>

	<!-- These are Nested endpoints (Types of target resources: Another Traffic manager profile)-->
	<Nested-Endpoints>
		<Endpoint>			
			<Name>endpt3</Name>										
			<TargetResourceName>child-traffic-manager</TargetResourceName>
			<ResourceGroupNameOfTargetResource>pritestrg</ResourceGroupNameOfTargetResource>   
			<Location>East asia</Location><!-- Used for the traffic manager with 'Performance' traffic routing method(in Nested/External endpoints),
											   If not given or invalid region is specified, error is thrown -->
			<MinimumChildEndpoints>2</MinimumChildEndpoints><!-- Valid values are: 1 to 1000 (inclusive)
																 If not given, default value '1' is used -->
			<Status>Enabled</Status>
			<Priority>10</Priority>
			<Weight>2</Weight>
		</Endpoint>
	</Nested-Endpoints>

	<!-- These are Azure endpoints (Target is a Fully Qualified Domain Name) -->
	<External-Endpoints>
		<Endpoint>			
			<Name>endpt4</Name>										
			<Target>Your-External-Target</Target>		
			<Location>SoutheastAsia</Location><!-- Used for the traffic manager with 'Performance' traffic routing method(in Nested/External endpoints),
											        If not given or invalid region is specified, error is thrown -->		
			<Status>Enabled</Status>
			<Priority></Priority>
			<Weight></Weight>
		</Endpoint>		
	</External-Endpoints>

</FA-TrafficManager-Endpoints>