[
  {
    "map_key": "DiagnosticSubnet",
    "name": "DiagnosticSubnet",
    "address_prefix": "10.10.16.240/28",
    "resource_name_reference": "STND",
    "application_service_number": "AS0000001229",
    "business_application_number": "APM0001509",
    "type": "standard",
    "nsg_type": "p-std-sn",
    "service_endpoints": [],
    "enforce_private_link_endpoint_network_policies": false,
    "delegation": [],
    "subnet_network_group": true
  },
  {
    "map_key": "S-10.10.17.64-26",
    "name": "S-10.10.17.64-26",
    "address_prefix": "10.10.17.64/26",
    "resource_name_reference": "SQLM",
    "application_service_number": "AS0000001229",
    "business_application_number": "APM0001509",
    "type": "sqlmi",
    "nsg_type": "p-std-sn_sqlmi",
    "service_endpoints": [],
    "enforce_private_link_endpoint_network_policies": false,
    "delegation": [
      {
        "name": "MSRWDelegated",
        "service_delegation_name": "Microsoft.Sql/managedInstances",
        "actions": [
          "Microsoft.Network/virtualNetworks/subnets/join/action",
          "Microsoft.Network/virtualNetworks/subnets/prepareNetworkPolicies/action",
          "Microsoft.Network/virtualNetworks/subnets/unprepareNetworkPolicies/action"
        ]
      }
    ]
  },
  {
    "map_key": "S-10.10.17.192-26",
    "name": "S-10.10.17.192-26",
    "address_prefix": "10.10.17.192/28",
    "resource_name_reference": "APIM",
    "application_service_number": "AS0000001229",
    "business_application_number": "APM0001509",
    "type": "apim",
    "nsg_type": "p-std-sn_apim",
    "service_endpoints": [],
    "enforce_private_link_endpoint_network_policies": true,
    "delegation": [],
    "subnet_network_group": false
  },
  {
    "map_key": "S-10.10.18.0-26",
    "name": "S-10.10.18.0-26",
    "address_prefix": "10.10.18.0/26",
    "resource_name_reference": "REDS",
    "application_service_number": "AS0000001229",
    "business_application_number": "APM0001509",
    "type": "redis",
    "nsg_type": "p-std-sn_redis",
    "service_endpoints": [],
    "enforce_private_link_endpoint_network_policies": true,
    "delegation": [],
    "subnet_network_group": false
  },
  {
    "map_key": "S-10.10.18.64-26",
    "name": "S-10.10.18.64-26",
    "address_prefix": "10.10.18.64/26",
    "resource_name_reference": "IAG1",
    "application_service_number": "AS0000001229",
    "business_application_number": "APM0001509",
    "type": "internal_appgw",
    "nsg_type": "p-std-sn_appgateway",
    "service_endpoints": [],
    "enforce_private_link_endpoint_network_policies": false,
    "delegation": []
  },
  {
    "map_key": "S-10.10.18.128-26",
    "name": "S-10.10.18.128-26",
    "address_prefix": "10.10.18.128/26",
    "resource_name_reference": "MULE",
    "application_service_number": "AS0000001229",
    "business_application_number": "APM0001509",
    "type": "standard_custom",
    "nsg_type": "np-std-sn",
    "service_endpoints": [],
    "enforce_private_link_endpoint_network_policies": false,
    "delegation": [],
    "subnet_network_group": true
  }
]