{  
   "if":{  
      "allOf":[  
         {  
            "not":{  
               "field":"tags",
               "containsKey":"application"
            }
         },
         {  
            "field":"type",
            "equals":"Microsoft.Storage/storageAccounts"
         }
      ]
   },
   "then":{  
      "effect":"deny"
   },
   "if":{  
      "not":{  
         "field":"location",
         "in":[  
            "westus"
         ]
      }
   },
   "then":{  
      "effect":"deny"
   }
}