{
    "$schema": "https://schema.management.azure.com/schemas/2015-01-01/deploymentTemplate.json#",
    "contentVersion": "1.0.0.0",
    "parameters": {
        "vmName": {
            "type": "string",
            "metadata": {
                "description": "Name of the VM."
            }
        },
        "storageAccountName": {
            "type": "string",
            "metadata": {
                "description": "Azure Storage Account containing the VM OS and Data disks."
            }
        },
        "bootDiagStorageAccountName": {
            "type": "string",
            "metadata": {
                "description": "Azure Storage Account containing boot diagnostics"
            }
        },
        "virtualNetworkResourceGroup": {
            "type": "string",
            "metadata": {
                "description": "The name of the Resource Group containing the virtual network"
            }
        },
        "virtualNetworkName": {
            "type": "string",
            "metadata": {
                "description": "The name of the virtual network for this VM"
            }
        },
        "subnetName": {
            "type": "string",
            "metadata": {
                "description": "The name of the subnet to be used for this VM"
            }
        },
        "staticIPAddress": {
            "type": "string",
            "metadata": {
                "description": "The static IP address to be used for the VM"
            }
        }
    },
    "variables": {
        "location": "[resourceGroup().location]",
        "vmSize": "Standard_DS3_v2",
        "storageAccountName": "[parameters('storageAccountName')]",
        "storageUri": "[concat('http://', variables('storageAccountName'), '.blob.core.windows.net')]",
        "bootDiagStorageAccountName": "[parameters('bootDiagStorageAccountName')]",
        "bootDiagStorageUri": "[concat('http://', variables('bootDiagStorageAccountName'), '.blob.core.windows.net')]",
        "vNetID": "[resourceId(parameters('virtualNetworkResourceGroup'), 'Microsoft.Network/virtualNetworks', parameters('virtualNetworkName'))]",
        "subnetRef": "[concat(variables('vNetID'), '/subnets/', parameters('subnetName'))]",
        "nicName": "[concat(parameters('vmName'),'-nic0')]",
        "osDiskName": "[concat(parameters('vmName'),'-OS')]",
		"dataDiskName": "[concat(parameters('vmName'),'-Data0')]",
		"osDiskVhdUri": "[concat(variables('storageUri'),'/vhds/',variables('osDiskName'),'.vhd')]",
        "dataDiskVhdUri": "[concat(variables('storageUri'),'/vhds/',variables('dataDiskName'),'.vhd')]"
    },
    "resources": [
        {
            "apiVersion": "2015-06-15",
            "type": "Microsoft.Network/networkInterfaces",
            "name": "[variables('nicName')]",
            "location": "[variables('location')]",
            "properties": {
                "ipConfigurations": [
                    {
                        "name": "ipconfig1",
                        "properties": {
                            "subnet": {
                                "id": "[variables('subnetRef')]"
                            },
                            "privateIPAllocationMethod": "Static",
                            "privateIPAddress": "[parameters('staticIPAddress')]"
                        }
                    }

                ]
            }
        },
        {
            "apiVersion": "2015-06-15",
            "type": "Microsoft.Compute/virtualMachines",
            "name": "[parameters('vmName')]",
            "location": "[variables('location')]",
            "dependsOn": [
                "[concat('Microsoft.Network/networkInterfaces/', variables('nicName'))]"
            ],
            "properties": {
                "hardwareProfile": {
                    "vmSize": "[variables('vmSize')]"
                },
                "storageProfile": {
                    "osDisk": {
                        "name": "[variables('osDiskName')]",
                        "osType": "Linux",
                        "vhd": {
                            "uri": "[variables('osDiskVhdUri')]"
                        },
                        "caching": "ReadWrite",
                        "createOption": "Attach"
                    },
                    "dataDisks": [
                        {
                            "name": "[variables('dataDiskName')]",
                            "lun": 0,
                            "vhd": {
                                "Uri": "[variables('dataDiskVhdUri')]"
                            },
                            "caching": "ReadWrite",
                            "createOption": "Attach"
                        }
                    ]
                },
                "networkProfile": {
                    "networkInterfaces": [
                        {
                            "id": "[resourceId('Microsoft.Network/networkInterfaces',variables('nicName'))]"
                        }
                    ]
                },
                "diagnosticsProfile": {
                    "bootDiagnostics": {
                        "enabled": "true",
                        "storageUri": "[variables('bootDiagStorageUri')]"
                    }
                }
            }
        }
    ]
}
