{
    "$schema": "http://schema.management.azure.com/schemas/2015-01-01/deploymentTemplate.json#",
    "contentVersion": "1.0.0.0",
    "parameters": {
        "location": {
            "type": "string"
        },
        "virtualMachineName": {
            "type": "string"
        },
        "virtualMachineSize": {
            "type": "string"
        },
        "adminUsername": {
            "type": "string"
        },
        "virtualNetworkResourceGroup": {
            "type": "string"
        },
        "virtualNetworkName": {
            "type": "string"
        },
        "adminPassword": {
            "type": "securestring"
        },
        "availabilitySetName": {
            "type": "string"
        },
        "availabilitySetPlatformFaultDomainCount": {
            "type": "string"
        },
        "availabilitySetPlatformUpdateDomainCount": {
            "type": "string"
        },
        "storageAccountName": {
            "type": "string"
        },
        "managementSubnetName": {
            "type": "string"
        },
        "frontendSubnetName": {
            "type": "string"
        },
        "backendSubnetName": {
            "type": "string"
        }
    },
    "variables": {
        "vnetId": "[resourceId(parameters('virtualNetworkResourceGroup'),'Microsoft.Network/virtualNetworks', parameters('virtualNetworkName'))]",
        "managementSubnetRef": "[concat(variables('vnetId'), '/subnets/', parameters('managementSubnetName'))]",
        "frontendSubnetRef": "[concat(variables('vnetId'), '/subnets/', parameters('frontendSubnetName'))]",
        "backendSubnetRef": "[concat(variables('vnetId'), '/subnets/', parameters('backendSubnetName'))]",
        "managementNICName": "[concat(parameters('virtualMachineName'),'-NIC0')]",
        "frontendNICName": "[concat(parameters('virtualMachineName'),'-NIC1')]",
        "backendNICName": "[concat(parameters('virtualMachineName'),'-NIC2')]"
    },
    "resources": [
        {
            "name": "[parameters('virtualMachineName')]",
            "type": "Microsoft.Compute/virtualMachines",
            "apiVersion": "2016-04-30-preview",
            "location": "[parameters('location')]",
            "dependsOn": [
                "[concat('Microsoft.Network/networkInterfaces/', variables('managementNICName'))]",
                "[concat('Microsoft.Network/networkInterfaces/', variables('frontendNICName'))]",
                "[concat('Microsoft.Network/networkInterfaces/', variables('backendNICName'))]",
                "[concat('Microsoft.Compute/availabilitySets/', parameters('availabilitySetName'))]"
            ],
            "properties": {
                "osProfile": {
                    "computerName": "[parameters('virtualMachineName')]",
                    "adminUsername": "[parameters('adminUsername')]",
                    "adminPassword": "[parameters('adminPassword')]"
                },
                "hardwareProfile": {
                    "vmSize": "[parameters('virtualMachineSize')]"
                },
                "storageProfile": {
                    "imageReference": {
                        "publisher": "f5-networks",
                        "offer": "f5-big-ip-hourly",
                        "sku": "f5-bigip-virtual-edition-1g-good-hourly",
                        "version": "latest"
                    },
                    "osDisk": {
                        "createOption": "FromImage",
                        "vhd": {
                            "uri": "[concat('http://', parameters('storageAccountName'), '.blob.core.windows.net/vhds/', parameters('virtualMachineName'), '-OS.vhd')]"
                        },
                        "name": "[concat(parameters('virtualMachineName'),'-OS')]",
                        "caching": "ReadWrite"
                    },
                    "dataDisks": []
                },
                "networkProfile": {
                    "networkInterfaces": [
                        {
                            "id": "[resourceId('Microsoft.Network/networkInterfaces', variables('managementNICName'))]",
                            "properties": {
                                "primary": true
                            }
                        },
                        {
                            "id": "[resourceId('Microsoft.Network/networkInterfaces', variables('frontendNICName'))]",
                            "properties": {
                                "primary": false
                            }
                        },
                        {
                            "id": "[resourceId('Microsoft.Network/networkInterfaces', variables('backendNICName'))]",
                            "properties": {
                                "primary": false
                            }
                        }
                    ]
                },
                "availabilitySet": {
                    "id": "[resourceId('Microsoft.Compute/availabilitySets', parameters('availabilitySetName'))]"
                }
            },
            "plan": {
                "name": "f5-bigip-virtual-edition-1g-good-hourly",
                "publisher": "f5-networks",
                "product": "f5-big-ip-hourly"
            }
        },
        {
            "name": "[parameters('availabilitySetName')]",
            "type": "Microsoft.Compute/availabilitySets",
            "apiVersion": "2016-04-30-preview",
            "location": "[parameters('location')]",
            "properties": {
                "platformFaultDomainCount": "[parameters('availabilitySetPlatformFaultDomainCount')]",
                "platformUpdateDomainCount": "[parameters('availabilitySetPlatformUpdateDomainCount')]"
            }
        },
        {
            "name": "[variables('managementNICName')]",
            "type": "Microsoft.Network/networkInterfaces",
            "apiVersion": "2016-09-01",
            "location": "[parameters('location')]",
            "properties": {
                "ipConfigurations": [
                    {
                        "name": "ipconfig1",
                        "properties": {
                            "subnet": {
                                "id": "[variables('managementSubnetRef')]"
                            },
                            "privateIPAllocationMethod": "Dynamic"
                        }
                    }
                ]
            }
        },
        {
            "name": "[variables('frontendNICName')]",
            "type": "Microsoft.Network/networkInterfaces",
            "apiVersion": "2016-09-01",
            "location": "[parameters('location')]",
            "properties": {
                "ipConfigurations": [
                    {
                        "name": "ipconfig1",
                        "properties": {
                            "subnet": {
                                "id": "[variables('frontendSubnetRef')]"
                            },
                            "privateIPAllocationMethod": "Dynamic"
                        }
                    }
                ]
            }
        },
        {
            "name": "[variables('backendNICName')]",
            "type": "Microsoft.Network/networkInterfaces",
            "apiVersion": "2016-09-01",
            "location": "[parameters('location')]",
            "properties": {
                "ipConfigurations": [
                    {
                        "name": "ipconfig1",
                        "properties": {
                            "subnet": {
                                "id": "[variables('backendSubnetRef')]"
                            },
                            "privateIPAllocationMethod": "Dynamic"
                        }
                    }
                ]
            }
        }
    ],
    "outputs": {
        "adminUsername": {
            "type": "string",
            "value": "[parameters('adminUsername')]"
        }
    }
}