﻿{
    "$schema": "https://schema.management.azure.com/schemas/2015-01-01/deploymentTemplate.json#",
    "contentVersion": "1.0.0.0",
    "parameters": {
        "location": {
            "type": "string",
            "defaultValue": "westus"
        },
        "availabilitySetName": {
            "type": "string"
        },
        "vmName": {
            "type": "string"
        },
        "vmSize": {
            "type": "string",
            "allowedValues": [
                "Standard_D3",
                "Standard_D3_v2",
                "Standard_D4",
                "Standard_D4_v2"
            ]
        },
        "adminUsername": {
            "type": "string",
            "defaultValue": "fwadmin"
        },
        "adminPassword": {
            "type": "securestring"
        },
        "storageAccountName": {
            "type": "string"
        },
        "virtualNetworkName": {
            "type": "string"
        },
        "virtualNetworkResourceGroup": {
            "type": "string"
        },
        "managementSubnetName": {
            "type": "string"
        },
        "trustSubnetName": {
            "type": "string"
        },
        "untrustSubnetName": {
            "type": "string"
        },
        "dmzSubnetName": {
            "type": "string"
        },
        "trustSubnetStaticAddress": {
            "type": "string"
        },
        "untrustSubnetStaticAddress": {
            "type": "string"
        },
        "dmzSubnetStaticAddress": {
            "type": "string"
        }
    },
    "variables": {
        "XXapiVersion": "2015-06-15",
        "imagePublisher": "paloaltonetworks",
        "imageOffer": "vmseries1",
        "imageSku": "byol",
        "NicVnetID": "[resourceId(parameters('virtualNetworkResourceGroup'), 'Microsoft.Network/virtualNetworks', parameters('virtualNetworkName'))]",
        "NicManagementSubnetRef": "[concat(variables('NicVnetID'), '/subnets/', parameters('managementSubnetName'))]",
        "NicTrustSubnetRef": "[concat(variables('NicVnetID'), '/subnets/', parameters('trustSubnetName'))]",
        "NicUntrustSubnetRef": "[concat(variables('NicVnetID'), '/subnets/', parameters('untrustSubnetName'))]",
        "NicDMZSubnetRef": "[concat(variables('NicVnetID'), '/subnets/', parameters('dmzSubnetName'))]"
    },
    "resources": [
        {
            "type": "Microsoft.Compute/availabilitySets",
            "name": "[parameters('availabilitySetName')]",
            "apiVersion": "2015-06-15",
            "location": "[parameters('location')]",
            "properties": {
                "platformFaultDomainCount": 3,
                "platformUpdateDomainCount": 5
            }
        },
        {
            "name": "[concat(parameters('vmname'),'-eth0')]",
            "type": "Microsoft.Network/networkInterfaces",
            "location": "[parameters('location')]",
            "apiVersion": "2015-06-15",
            "dependsOn": [],
            "tags": {
                "displayName": "Management"
            },
            "properties": {
                "ipConfigurations": [
                    {
                        "name": "[concat('ipconfig', '0')]",
                        "properties": {
                            "privateIPAllocationMethod": "Dynamic",
                            "subnet": {
                                "id": "[variables('NicManagementSubnetRef')]"
                            }
                        }
                    }
                ]
            }
        },
        {
            "name": "[concat(parameters('vmname'),'-eth1')]",
            "type": "Microsoft.Network/networkInterfaces",
            "location": "[parameters('location')]",
            "apiVersion": "2015-06-15",
            "dependsOn": [],
            "tags": {
                "displayName": "Trust"
            },
            "properties": {
                "enableIPForwarding": true,
                "ipConfigurations": [
                    {
                        "name": "[concat('ipconfig', '1')]",
                        "properties": {
                            "privateIPAllocationMethod": "Static",
                            "privateIPAddress": "[parameters('trustSubnetStaticAddress')]",
                            "subnet": {
                                "id": "[variables('NicTrustSubnetRef')]"
                            }
                        }
                    }
                ]
            }
        },
        {
            "name": "[concat(parameters('vmname'),'-eth2')]",
            "type": "Microsoft.Network/networkInterfaces",
            "location": "[parameters('location')]",
            "apiVersion": "2015-06-15",
            "dependsOn": [],
            "tags": {
                "displayName": "Untrust"
            },
            "properties": {
                "enableIPForwarding": true,
                "ipConfigurations": [
                    {
                        "name": "[concat('ipconfig', '2')]",
                        "properties": {
                            "privateIPAllocationMethod": "Static",
                            "privateIPAddress": "[parameters('untrustSubnetStaticAddress')]",
                            "subnet": {
                                "id": "[variables('NicUntrustSubnetRef')]"
                            }
                        }
                    }
                ]
            }
        },
        {
            "name": "[concat(parameters('vmname'),'-eth3')]",
            "type": "Microsoft.Network/networkInterfaces",
            "location": "[parameters('location')]",
            "apiVersion": "2015-06-15",
            "dependsOn": [],
            "tags": {
                "displayName": "Internet"
            },
            "properties": {
                "enableIPForwarding": true,
                "ipConfigurations": [
                    {
                        "name": "[concat('ipconfig', '3')]",
                        "properties": {
                            "privateIPAllocationMethod": "Static",
                            "privateIPAddress": "[parameters('dmzSubnetStaticAddress')]",
                            "subnet": {
                                "id": "[variables('NicDMZSubnetRef')]"
                            }
                        }
                    }
                ]
            }
        },
        {
            "apiVersion": "2015-06-15",
            "type": "Microsoft.Compute/virtualMachines",
            "name": "[parameters('vmName')]",
            "location": "[parameters('location')]",
            "dependsOn": [
                "[resourceId('Microsoft.Network/networkInterfaces',concat(parameters('vmname'),'-eth0'))]",
                "[resourceId('Microsoft.Network/networkInterfaces',concat(parameters('vmname'),'-eth1'))]",
                "[resourceId('Microsoft.Network/networkInterfaces',concat(parameters('vmname'),'-eth2'))]",
                "[resourceId('Microsoft.Network/networkInterfaces',concat(parameters('vmname'),'-eth3'))]"
            ],
            "plan": {
                "name": "[variables('imageSku')]",
                "product": "[variables('imageOffer')]",
                "publisher": "[variables('imagePublisher')]"
            },
            "properties": {
                "availabilitySet": {
                    "id": "[resourceId('Microsoft.Compute/availabilitySets', parameters('availabilitySetName'))]"
                },
                "hardwareProfile": {
                    "vmSize": "[parameters('vmSize')]"
                },
                "osProfile": {
                    "computerName": "[parameters('vmName')]",
                    "adminUsername": "[parameters('adminUsername')]",
                    "adminPassword": "[parameters('adminPassword')]"
                },
                "storageProfile": {
                    "imageReference": {
                        "publisher": "[variables('imagePublisher')]",
                        "offer": "[variables('imageOffer')]",
                        "sku": "[variables('imageSku')]",
                        "version": "7.1.1"
                    },
                    "osDisk": {
                        "name": "osdisk",
                        "vhd": {
                            "uri": "[concat('http://', parameters('storageAccountName'), '.blob.core.windows.net/vhds/', parameters('vmName'), '-', variables('imageOffer'), '-', variables('imageSku'), '-OS.vhd')]"
                        },
                        "caching": "ReadWrite",
                        "createOption": "FromImage"
                    }
                },
                "networkProfile": {
                    "networkInterfaces": [
                        {
                            "id": "[resourceId('Microsoft.Network/networkInterfaces',concat(parameters('vmname'),'-eth0'))]",
                            "properties": {
                                "primary": true
                            }
                        },
                        {
                            "id": "[resourceId('Microsoft.Network/networkInterfaces',concat(parameters('vmname'),'-eth1'))]",
                            "properties": {
                                "primary": false
                            }
                        },
                        {
                            "id": "[resourceId('Microsoft.Network/networkInterfaces',concat(parameters('vmname'),'-eth2'))]",
                            "properties": {
                                "primary": false
                            }
                        },
                        {
                            "id": "[resourceId('Microsoft.Network/networkInterfaces',concat(parameters('vmname'),'-eth3'))]",
                            "properties": {
                                "primary": false
                            }
                        }
                    ]
                }
            }
        }
    ]
}
